,user_id,experienced,group,patient_id,transform_type,task_id,task_index,duration_seconds,bifurcation_error,abs,recurrence_confusion,recurrence_abs,tre,dsc,slider_total_distance_mm,slider_usage_count,pan_total_distance_px,pan_usage_count,zoom_total_distance_px,zoom_usage_count,window_level_total_distance_px,window_level_usage_count,drag_scroll_total_distance_px,drag_scroll_usage_count,wheel_scroll_distance_c,double_click_Red1_count,double_click_Red2_count,double_click_Green1_count,double_click_Green2_count,double_click_Yellow1_count,double_click_Yellow2_count,synchronised_count,synchronised_duration_seconds,arrow_key_Red1_count,arrow_key_Red2_count,arrow_key_Green1_count,arrow_key_Green2_count,arrow_key_Yellow1_count,arrow_key_Yellow2_count,pan_total_distance_px__z,pan_usage_count__z,zoom_total_distance_px__z,zoom_usage_count__z,slider_total_distance_mm__z,slider_usage_count__z,drag_scroll_total_distance_px__z,drag_scroll_usage_count__z,wheel_scroll_distance_c__z
0,rad_1,False,1,hkvdD_XVYqo,TransformType.NONLINEAR,a_vertebralis_r,task_idx_0039,72.668,5.376340028985703,False,,,57.4,0.537062,0.0,0.0,461.41087980237313,2.0,0.0,0.0,0.0,0.0,0.0,0.0,178.0,2.0,1.0,1.0,1.0,0.0,0.0,2.0,13.431,0.0,0.0,0.0,0.0,0.0,0.0,-0.16194780457891203,-0.40073713451606907,-0.38601297052238326,-0.40014984902494644,-0.11867816581938535,-0.1186781658193853,-0.3659592128168157,-0.3775860352686978,0.7407267200872463
1,rad_1,False,1,hkvdD_XVYqo,TransformType.NONLINEAR,a_vertebralis_l,task_idx_0040,60.94,24.666311402573008,False,,,64.78,0.537062,0.0,0.0,0.0,0.0,0.0,0.0,167.25465584061482,11.0,569.5826257426734,112.0,155.0,0.0,0.0,2.0,0.0,0.0,0.0,1.0,4.547,0.0,0.0,0.0,0.0,0.0,0.0,-0.45874937071376254,-0.4478826797532537,-0.38601297052238326,-0.40014984902494644,-0.11867816581938535,-0.1186781658193853,-0.014110505787834066,0.7176851116402154,0.5953209059022676
2,rad_1,False,1,hkvdD_XVYqo,TransformType.NONLINEAR,a_carotisexterna_r,task_idx_0041,48.56,12.770998818186436,False,,,3.97,0.537062,0.0,0.0,1241.284722367613,31.0,733.6737564335189,44.0,0.0,0.0,0.0,0.0,121.0,2.0,0.0,0.0,0.0,0.0,0.0,1.0,3.989,0.0,0.0,0.0,0.0,0.0,0.0,0.3397043843770723,0.2828732714231076,0.422764598789925,0.7050591498512787,-0.11867816581938535,-0.1186781658193853,-0.3659592128168157,-0.3775860352686978,0.3803731805853427
3,rad_1,False,1,hkvdD_XVYqo,TransformType.NONLINEAR,a_carotisexterna_l,task_idx_0042,43.05,19.21001792703405,False,,,2.29,0.537062,0.0,0.0,813.7158494695731,28.0,0.0,0.0,0.0,0.0,0.0,0.0,150.0,2.0,0.0,0.0,0.0,0.0,0.0,0.0,0.0,0.0,0.0,0.0,0.0,0.0,0.0,0.06467161713715594,0.2121549535673307,-0.38601297052238326,-0.40014984902494644,-0.11867816581938535,-0.1186781658193853,-0.3659592128168157,-0.3775860352686978,0.5637109462968375
4,rad_1,False,1,hkvdD_XVYqo,TransformType.NONLINEAR,lymph_node,task_idx_0043,41.033,,True,,,3.2,0.537062,0.0,0.0,1344.7311988235488,31.0,126.39366315418454,12.0,0.0,0.0,188.65845751442956,19.0,53.0,2.0,0.0,0.0,0.0,0.0,0.0,0.0,0.0,0.0,0.0,0.0,0.0,0.0,0.0,0.4062461101300586,0.2828732714231076,-0.24668079628836734,-0.09872921296779409,-0.11867816581938535,-0.1186781658193853,-0.24941908089129772,-0.19178110856093572,-0.04952227004850723
5,rad_1,False,1,hkvdD_XVYqo,TransformType.NONLINEAR,recurrence,task_idx_0044,203.801,,,fp,False,,0.537062,0.0,0.0,398.52440142251714,26.0,140.80673144353173,18.0,2759.900598539087,126.0,0.0,0.0,971.0,2.0,0.0,1.0,0.0,0.0,0.0,4.0,105.88,0.0,0.0,0.0,0.0,0.0,0.0,-0.2023993979176755,0.1650094083301461,-0.23079230874854237,0.05198110506078206,-0.11867816581938535,-0.1186781658193853,-0.3659592128168157,-0.3775860352686978,5.754066313508466
6,rad_1,False,1,ccucLKGWtSQ,TransformType.LINEAR,a_vertebralis_r,task_idx_0045,48.778,3.881549750792389,True,,,44.55,0.389247,0.0,0.0,0.0,1.0,0.0,0.0,0.0,0.0,0.0,0.0,185.0,0.0,0.0,1.0,0.0,0.0,0.0,1.0,5.392,0.0,0.0,0.0,0.0,0.0,0.0,-0.46691564842769895,-0.4239203547200732,-0.40475349160895935,-0.4299157945290401,0.0,0.0,-0.3811298933926365,-0.44045879676620686,1.1690829835342764
7,rad_1,False,1,ccucLKGWtSQ,TransformType.LINEAR,a_vertebralis_l,task_idx_0046,27.474,8.07555281785985,False,,,47.14,0.389247,0.0,0.0,0.0,1.0,0.0,0.0,0.0,0.0,0.0,0.0,45.0,0.0,0.0,2.0,0.0,0.0,0.0,0.0,0.0,0.0,0.0,0.0,0.0,0.0,0.0,-0.46691564842769895,-0.4239203547200732,-0.40475349160895935,-0.4299157945290401,0.0,0.0,-0.3811298933926365,-0.44045879676620686,-0.1420381194948186
8,rad_1,False,1,ccucLKGWtSQ,TransformType.LINEAR,a_carotisexterna_r,task_idx_0047,51.241,18.056001485061177,False,,,10.95,0.389247,0.0,0.0,0.0,0.0,0.0,0.0,0.0,0.0,0.0,0.0,121.0,2.0,0.0,0.0,0.0,0.0,0.0,1.0,5.633,0.0,0.0,0.0,0.0,0.0,0.0,-0.46691564842769895,-0.451517339837474,-0.40475349160895935,-0.4299157945290401,0.0,0.0,-0.3811298933926365,-0.44045879676620686,0.5697133364352616
9,rad_1,False,1,ccucLKGWtSQ,TransformType.LINEAR,a_carotisexterna_l,task_idx_0048,27.34,24.827484431827305,False,,,11.49,0.389247,0.0,0.0,0.0,1.0,0.0,0.0,0.0,0.0,0.0,0.0,56.0,2.0,0.0,0.0,0.0,0.0,0.0,0.0,0.0,0.0,0.0,0.0,0.0,0.0,0.0,-0.46691564842769895,-0.4239203547200732,-0.40475349160895935,-0.4299157945290401,0.0,0.0,-0.3811298933926365,-0.44045879676620686,-0.039021461399675425
10,rad_1,False,1,ccucLKGWtSQ,TransformType.LINEAR,lymph_node,task_idx_0049,82.43,,False,,,11.63,0.389247,0.0,0.0,973.6871092093648,25.0,207.2433987978839,16.0,0.0,0.0,0.0,0.0,404.0,1.0,1.0,0.0,0.0,0.0,0.0,1.0,4.11,0.0,0.0,0.0,0.0,0.0,0.0,0.2919534704918737,0.23840728809754572,-0.11321295262429251,0.07136254079226985,0.0,0.0,-0.3811298933926365,-0.44045879676620686,3.220050994701218
11,rad_1,False,1,ccucLKGWtSQ,TransformType.LINEAR,recurrence,task_idx_0050,257.968,,,fp,False,,0.389247,0.0,0.0,1784.902218324489,73.0,1481.4769374920356,61.0,0.0,0.0,95.69617910774772,13.0,349.0,0.0,0.0,0.0,0.0,3.0,1.0,8.0,190.132,0.0,0.0,0.0,0.0,0.0,0.0,0.9241956859694024,1.5630625737327835,1.6793205361047365,1.481207858883454,0.0,0.0,-0.3128602730103039,-0.31537705108259956,2.704967704225502
12,rad_1,False,1,CSSdmYlgjew,TransformType.NONLINEAR,a_vertebralis_r,task_idx_0057,56.684,2.704591704880424,True,,,34.43,0.688797,0.0,0.0,0.0,1.0,0.0,0.0,0.0,0.0,0.0,0.0,178.0,0.0,0.0,2.0,0.0,0.0,0.0,0.0,0.0,0.0,0.0,0.0,0.0,0.0,0.0,-0.45874937071376254,-0.4243099071346614,-0.38601297052238326,-0.40014984902494644,-0.11867816581938535,-0.1186781658193853,-0.3659592128168157,-0.3775860352686978,0.7407267200872463
13,rad_1,False,1,CSSdmYlgjew,TransformType.NONLINEAR,a_vertebralis_l,task_idx_0058,28.426,3.847466233711321,True,,,36.09,0.688797,0.0,0.0,0.0,0.0,0.0,0.0,0.0,0.0,0.0,0.0,49.0,0.0,0.0,2.0,0.0,0.0,0.0,0.0,0.0,0.0,0.0,0.0,0.0,0.0,0.0,-0.45874937071376254,-0.4478826797532537,-0.38601297052238326,-0.40014984902494644,-0.11867816581938535,-0.1186781658193853,-0.3659592128168157,-0.3775860352686978,-0.07481023773285135
14,rad_1,False,1,CSSdmYlgjew,TransformType.NONLINEAR,a_carotisexterna_r,task_idx_0059,50.96,12.453192857077976,False,,,3.63,0.688797,0.0,0.0,0.0,0.0,0.0,0.0,0.0,0.0,0.0,0.0,31.0,0.0,0.0,0.0,0.0,2.0,0.0,1.0,3.509,0.0,0.0,0.0,0.0,0.0,0.0,-0.45874937071376254,-0.4478826797532537,-0.38601297052238326,-0.40014984902494644,-0.11867816581938535,-0.1186781658193853,-0.3659592128168157,-0.3775860352686978,-0.18860609231239986
15,rad_1,False,1,CSSdmYlgjew,TransformType.NONLINEAR,a_carotisexterna_l,task_idx_0060,47.954,3.027105662387792,True,,,3.96,0.688797,0.0,0.0,491.193321537002,5.0,100.46478645726594,11.0,0.0,0.0,0.0,0.0,125.0,0.0,0.0,2.0,0.0,0.0,0.0,0.0,0.0,0.0,0.0,0.0,0.0,0.0,0.0,-0.14279031233697828,-0.3300188166602922,-0.2752639283495079,-0.12384759930589012,-0.11867816581938535,-0.1186781658193853,-0.3659592128168157,-0.3775860352686978,0.40566114826968674
16,rad_1,False,1,CSSdmYlgjew,TransformType.NONLINEAR,lymph_node,task_idx_0061,27.872,,True,,,1.04,0.688797,0.0,0.0,0.0,1.0,0.0,0.0,0.0,0.0,0.0,0.0,55.0,0.0,0.0,0.0,0.0,2.0,0.0,1.0,3.321,0.0,0.0,0.0,0.0,0.0,0.0,-0.45874937071376254,-0.4243099071346614,-0.38601297052238326,-0.40014984902494644,-0.11867816581938535,-0.1186781658193853,-0.3659592128168157,-0.3775860352686978,-0.03687828620633518
17,rad_1,False,1,CSSdmYlgjew,TransformType.NONLINEAR,recurrence,task_idx_0062,177.136,,,tn,True,,0.688797,173.8,25.0,3294.155453371824,105.0,1278.3352756585311,86.0,0.0,0.0,2125.144545211094,139.0,112.0,0.0,0.0,2.0,2.0,0.0,0.0,6.0,114.039,0.0,0.0,0.0,0.0,0.0,0.0,1.6602091117372342,2.027258445198938,1.0231813586289706,1.7600313760513118,8.426149773176359,8.426149773176357,0.9468079375281573,0.9817236916986141,0.3234752532955684
18,rad_1,False,1,96-du2ceM4o,TransformType.LINEAR,a_vertebralis_r,task_idx_0063,24.948,3.052126913084447,True,,,3.32,0.746992,0.0,0.0,509.23079247036895,2.0,0.0,0.0,0.0,0.0,0.0,0.0,36.0,0.0,0.0,2.0,0.0,0.0,0.0,1.0,5.047,0.0,0.0,0.0,0.0,0.0,0.0,-0.07003299572164226,-0.3963233696026724,-0.40475349160895935,-0.4299157945290401,0.0,0.0,-0.3811298933926365,-0.44045879676620686,-0.22632447611811757
19,rad_1,False,1,96-du2ceM4o,TransformType.LINEAR,a_vertebralis_l,task_idx_0064,26.497,4.397800145966236,True,,,3.52,0.746992,0.0,0.0,1.4142135623730951,2.0,0.0,0.0,0.0,0.0,0.0,0.0,10.0,0.0,0.0,2.0,0.0,0.0,0.0,1.0,3.375,0.0,0.0,0.0,0.0,0.0,0.0,-0.4658134432224625,-0.3963233696026724,-0.40475349160895935,-0.4299157945290401,0.0,0.0,-0.3811298933926365,-0.44045879676620686,-0.46981839525209235
20,rad_1,False,1,96-du2ceM4o,TransformType.LINEAR,a_carotisexterna_r,task_idx_0065,25.292,2.234520341259714,True,,,6.18,0.746992,0.0,0.0,0.0,0.0,0.0,0.0,0.0,0.0,0.0,0.0,40.0,0.0,0.0,1.0,1.0,0.0,0.0,1.0,4.408,0.0,0.0,0.0,0.0,0.0,0.0,-0.46691564842769895,-0.451517339837474,-0.40475349160895935,-0.4299157945290401,0.0,0.0,-0.3811298933926365,-0.44045879676620686,-0.18886387317442915
21,rad_1,False,1,96-du2ceM4o,TransformType.LINEAR,a_carotisexterna_l,task_idx_0066,43.591,2.531168005496869,True,,,2.23,0.746992,0.0,0.0,0.0,0.0,0.0,0.0,0.0,0.0,0.0,0.0,89.0,0.0,0.0,1.0,1.0,0.0,0.0,2.0,6.942,0.0,0.0,0.0,0.0,0.0,0.0,-0.46691564842769895,-0.451517339837474,-0.40475349160895935,-0.4299157945290401,0.0,0.0,-0.3811298933926365,-0.44045879676620686,0.27002851288575414
22,rad_1,False,1,96-du2ceM4o,TransformType.LINEAR,lymph_node,task_idx_0067,15.531,,True,,,2.22,0.746992,0.0,0.0,0.0,0.0,0.0,0.0,0.0,0.0,0.0,0.0,0.0,1.0,1.0,0.0,0.0,0.0,0.0,1.0,3.272,0.0,0.0,0.0,0.0,0.0,0.0,-0.46691564842769895,-0.451517339837474,-0.40475349160895935,-0.4299157945290401,0.0,0.0,-0.3811298933926365,-0.44045879676620686,-0.5634699026113135
23,rad_1,False,1,96-du2ceM4o,TransformType.LINEAR,recurrence,task_idx_0068,284.749,,,tn,True,,0.746992,0.0,0.0,4838.320250195883,137.0,1841.595093506169,61.0,0.0,0.0,436.5381886430779,83.0,267.0,2.0,0.0,0.0,0.0,0.0,0.0,5.0,230.951,0.0,0.0,0.0,0.0,0.0,0.0,3.303958784015247,3.329269621246434,2.185918294641385,1.481207858883454,0.0,0.0,-0.06970370376913503,0.35814004105990116,1.9370253438798892
24,rad_1,False,1,WeMcC01ZNgY,TransformType.NONLINEAR,a_vertebralis_r,task_idx_0069,21.635,2.900215824132668,True,,,1.07,0.868332,0.0,0.0,0.0,1.0,0.0,0.0,0.0,0.0,0.0,0.0,0.0,0.0,0.0,2.0,0.0,0.0,0.0,1.0,4.538,0.0,0.0,0.0,0.0,0.0,0.0,-0.45874937071376254,-0.4243099071346614,-0.38601297052238326,-0.40014984902494644,-0.11867816581938535,-0.1186781658193853,-0.3659592128168157,-0.3775860352686978,-0.38458784186606676
25,rad_1,False,1,WeMcC01ZNgY,TransformType.NONLINEAR,a_vertebralis_l,task_idx_0070,46.224,3.220622161083795,True,,,23.68,0.868332,0.0,0.0,273.0883135514967,10.0,0.0,0.0,0.0,0.0,0.0,0.0,44.0,0.0,0.0,2.0,0.0,0.0,0.0,3.0,16.887,0.0,0.0,0.0,0.0,0.0,0.0,-0.2830858943997121,-0.2121549535673307,-0.38601297052238326,-0.40014984902494644,-0.11867816581938535,-0.1186781658193853,-0.3659592128168157,-0.3775860352686978,-0.1064201973382815
26,rad_1,False,1,WeMcC01ZNgY,TransformType.NONLINEAR,a_carotisexterna_r,task_idx_0071,31.517,2.3832203370411897,True,,,2.13,0.868332,0.0,0.0,1.0,2.0,0.0,0.0,0.0,0.0,0.0,0.0,39.0,0.0,0.0,0.0,0.0,0.0,2.0,3.0,7.446,0.0,0.0,0.0,0.0,0.0,0.0,-0.45810612284266344,-0.40073713451606907,-0.38601297052238326,-0.40014984902494644,-0.11867816581938535,-0.1186781658193853,-0.3659592128168157,-0.3775860352686978,-0.13803015694371162
27,rad_1,False,1,WeMcC01ZNgY,TransformType.NONLINEAR,a_carotisexterna_l,task_idx_0072,18.637,0.7084047586003666,True,,,1.18,0.868332,0.0,0.0,0.0,0.0,0.0,0.0,0.0,0.0,0.0,0.0,0.0,0.0,0.0,1.0,1.0,0.0,0.0,1.0,4.882,0.0,0.0,0.0,0.0,0.0,0.0,-0.45874937071376254,-0.4478826797532537,-0.38601297052238326,-0.40014984902494644,-0.11867816581938535,-0.1186781658193853,-0.3659592128168157,-0.3775860352686978,-0.38458784186606676
28,rad_1,False,1,WeMcC01ZNgY,TransformType.NONLINEAR,lymph_node,task_idx_0073,15.834,,True,,,1.25,0.868332,0.0,0.0,0.0,0.0,0.0,0.0,0.0,0.0,0.0,0.0,0.0,0.0,0.0,0.0,0.0,1.0,1.0,1.0,2.55,0.0,0.0,0.0,0.0,0.0,0.0,-0.45874937071376254,-0.4478826797532537,-0.38601297052238326,-0.40014984902494644,-0.11867816581938535,-0.1186781658193853,-0.3659592128168157,-0.3775860352686978,-0.38458784186606676
29,rad_1,False,1,WeMcC01ZNgY,TransformType.NONLINEAR,recurrence,task_idx_0074,106.847,,,fp,False,,0.868332,0.0,0.0,5048.345825818172,126.0,1923.8618579492609,82.0,3370.8795596392424,177.0,3818.9142306606113,260.0,43.0,2.0,0.0,0.0,0.0,0.0,0.0,4.0,25.093,0.0,0.0,0.0,0.0,0.0,0.0,2.7885883343159277,2.5222866701893762,1.7347884122729653,1.6595578306989276,-0.11867816581938535,-0.1186781658193853,1.993101568857314,2.1650076986269933,-0.11274218925936752
30,rad_1,False,1,CD8Gu0llvgk,TransformType.LINEAR,a_vertebralis_r,task_idx_0075,30.159,11.30519278308173,False,,,9.66,0.541002,0.0,0.0,427.154538779585,2.0,0.0,0.0,0.0,0.0,0.0,0.0,75.0,0.0,0.0,2.0,0.0,0.0,0.0,1.0,4.1,0.0,0.0,0.0,0.0,0.0,0.0,-0.13400132161754547,-0.3963233696026724,-0.40475349160895935,-0.4299157945290401,0.0,0.0,-0.3811298933926365,-0.44045879676620686,0.1389164025828446
31,rad_1,False,1,CD8Gu0llvgk,TransformType.LINEAR,a_vertebralis_l,task_idx_0076,40.782,20.51255032896524,False,,,15.96,0.541002,0.0,0.0,363.7925232876564,2.0,0.0,0.0,0.0,0.0,0.0,0.0,114.0,0.0,0.0,1.0,1.0,0.0,0.0,2.0,4.216,0.0,0.0,0.0,0.0,0.0,0.0,-0.18338420490165508,-0.3963233696026724,-0.40475349160895935,-0.4299157945290401,0.0,0.0,-0.3811298933926365,-0.44045879676620686,0.5041572812838068
32,rad_1,False,1,CD8Gu0llvgk,TransformType.LINEAR,a_carotisexterna_r,task_idx_0077,72.711,2.7719042283465614,True,,,3.46,0.541002,0.0,0.0,0.0,0.0,0.0,0.0,0.0,0.0,0.0,0.0,122.0,2.0,0.0,0.0,0.0,1.0,1.0,1.0,2.549,0.0,0.0,0.0,0.0,0.0,0.0,-0.46691564842769895,-0.451517339837474,-0.40475349160895935,-0.4299157945290401,0.0,0.0,-0.3811298933926365,-0.44045879676620686,0.5790784871711837
33,rad_1,False,1,CD8Gu0llvgk,TransformType.LINEAR,a_carotisexterna_l,task_idx_0078,16.706,6.514066642425788,False,,,7.07,0.541002,0.0,0.0,0.0,1.0,0.0,0.0,0.0,0.0,0.0,0.0,0.0,2.0,0.0,0.0,0.0,0.0,0.0,1.0,4.388,0.0,0.0,0.0,0.0,0.0,0.0,-0.46691564842769895,-0.4239203547200732,-0.40475349160895935,-0.4299157945290401,0.0,0.0,-0.3811298933926365,-0.44045879676620686,-0.5634699026113135
34,rad_1,False,1,CD8Gu0llvgk,TransformType.LINEAR,lymph_node,task_idx_0079,24.485,,True,,,1.69,0.541002,0.0,0.0,264.70549673174526,2.0,0.0,0.0,0.0,0.0,0.0,0.0,19.0,1.0,1.0,0.0,0.0,1.0,1.0,1.0,2.641,0.0,0.0,0.0,0.0,0.0,0.0,-0.26061033209142787,-0.3963233696026724,-0.40475349160895935,-0.4299157945290401,0.0,0.0,-0.3811298933926365,-0.44045879676620686,-0.38553203862879337
35,rad_1,False,1,CD8Gu0llvgk,TransformType.LINEAR,recurrence,task_idx_0080,108.331,,,fp,False,,0.541002,0.0,0.0,3791.369075502193,144.0,2724.845925704841,124.0,0.0,0.0,0.0,0.0,166.0,0.0,0.0,0.0,0.0,0.0,0.0,2.0,57.978,0.0,0.0,0.0,0.0,0.0,0.0,2.487989354023772,3.5224485170682396,3.428435186236032,3.454991304211112,0.0,0.0,-0.3811298933926365,-0.44045879676620686,0.9911451195517564
36,rad_1,False,1,TMxGak0IQOg,TransformType.LINEAR,a_vertebralis_r,task_idx_0081,43.201,7.602413080203407,False,,,8.41,0.733705,0.0,0.0,0.0,0.0,0.0,0.0,0.0,0.0,0.0,0.0,70.0,0.0,0.0,1.0,1.0,0.0,0.0,1.0,5.374,0.0,0.0,0.0,0.0,0.0,0.0,-0.46691564842769895,-0.451517339837474,-0.40475349160895935,-0.4299157945290401,0.0,0.0,-0.3811298933926365,-0.44045879676620686,0.09209064890323408
37,rad_1,False,1,TMxGak0IQOg,TransformType.LINEAR,a_vertebralis_l,task_idx_0082,30.71,3.514110577042672,True,,,13.27,0.733705,0.0,0.0,356.0589838776716,2.0,0.0,0.0,0.0,0.0,0.0,0.0,76.0,0.0,0.0,1.0,1.0,0.0,0.0,1.0,5.428,0.0,0.0,0.0,0.0,0.0,0.0,-0.1894115459054303,-0.3963233696026724,-0.40475349160895935,-0.4299157945290401,0.0,0.0,-0.3811298933926365,-0.44045879676620686,0.14828155331876672
38,rad_1,False,1,TMxGak0IQOg,TransformType.LINEAR,a_carotisexterna_r,task_idx_0083,18.786,2.5438480201272,True,,,2.03,0.733705,0.0,0.0,0.0,1.0,0.0,0.0,0.0,0.0,0.0,0.0,0.0,1.0,1.0,0.0,0.0,0.0,0.0,1.0,3.759,0.0,0.0,0.0,0.0,0.0,0.0,-0.46691564842769895,-0.4239203547200732,-0.40475349160895935,-0.4299157945290401,0.0,0.0,-0.3811298933926365,-0.44045879676620686,-0.5634699026113135
39,rad_1,False,1,TMxGak0IQOg,TransformType.LINEAR,a_carotisexterna_l,task_idx_0084,17.073,3.675634174008047,True,,,5.75,0.733705,0.0,0.0,0.0,0.0,0.0,0.0,0.0,0.0,0.0,0.0,0.0,2.0,0.0,0.0,0.0,0.0,0.0,1.0,2.962,0.0,0.0,0.0,0.0,0.0,0.0,-0.46691564842769895,-0.451517339837474,-0.40475349160895935,-0.4299157945290401,0.0,0.0,-0.3811298933926365,-0.44045879676620686,-0.5634699026113135
40,rad_1,False,1,TMxGak0IQOg,TransformType.LINEAR,lymph_node,task_idx_0085,26.306,,True,,,17.51,0.733705,0.0,0.0,212.2557498316788,9.0,357.3114852751259,17.0,0.0,0.0,0.0,0.0,16.0,1.0,1.0,0.0,0.0,0.0,0.0,1.0,2.001,0.0,0.0,0.0,0.0,0.0,0.0,-0.30148844667376806,-0.2031444737808669,0.09789597084323484,0.10269243674985172,0.0,0.0,-0.3811298933926365,-0.44045879676620686,-0.4136274908365597
41,rad_1,False,1,TMxGak0IQOg,TransformType.LINEAR,recurrence,task_idx_0086,230.084,,,fn,False,,0.733705,0.0,0.0,5338.970105648651,161.0,3749.1213314589327,156.0,3901.038688795441,207.0,4821.4825756608025,331.0,407.0,2.0,0.0,0.0,0.0,0.0,0.0,6.0,142.564,0.0,0.0,0.0,0.0,0.0,0.0,3.694153653703062,3.991597264064053,4.869339000757603,4.457547974853732,0.0,0.0,3.058514073476512,2.7443148817933327,3.2481464469089842
42,rad_1,False,1,g-chOlbtzBQ,TransformType.NONLINEAR,a_vertebralis_r,task_idx_0087,43.003,0.3313427703823032,True,,,0.39,0.865088,0.0,0.0,0.0,1.0,0.0,0.0,0.0,0.0,0.0,0.0,94.0,0.0,0.0,1.0,1.0,0.0,0.0,2.0,9.046,0.0,0.0,0.0,0.0,0.0,0.0,-0.45874937071376254,-0.4243099071346614,-0.38601297052238326,-0.40014984902494644,-0.11867816581938535,-0.1186781658193853,-0.3659592128168157,-0.3775860352686978,0.20967939871601993
43,rad_1,False,1,g-chOlbtzBQ,TransformType.NONLINEAR,a_vertebralis_l,task_idx_0088,24.298,3.413378039367916,True,,,3.3,0.865088,0.0,0.0,0.0,0.0,0.0,0.0,0.0,0.0,0.0,0.0,33.0,0.0,0.0,1.0,1.0,0.0,0.0,2.0,7.442,0.0,0.0,0.0,0.0,0.0,0.0,-0.45874937071376254,-0.4478826797532537,-0.38601297052238326,-0.40014984902494644,-0.11867816581938535,-0.1186781658193853,-0.3659592128168157,-0.3775860352686978,-0.1759621084702278
44,rad_1,False,1,g-chOlbtzBQ,TransformType.NONLINEAR,a_carotisexterna_r,task_idx_0089,27.735,1.779134945144581,True,,,2.25,0.865088,0.0,0.0,0.0,0.0,0.0,0.0,0.0,0.0,0.0,0.0,24.0,1.0,1.0,0.0,2.0,0.0,0.0,1.0,4.745,0.0,0.0,0.0,0.0,0.0,0.0,-0.45874937071376254,-0.4478826797532537,-0.38601297052238326,-0.40014984902494644,-0.11867816581938535,-0.1186781658193853,-0.3659592128168157,-0.3775860352686978,-0.23286003576000205
45,rad_1,False,1,g-chOlbtzBQ,TransformType.NONLINEAR,a_carotisexterna_l,task_idx_0090,21.712,6.076394103166584,False,,,2.02,0.865088,0.0,0.0,0.0,0.0,0.0,0.0,0.0,0.0,0.0,0.0,13.0,1.0,1.0,0.0,0.0,0.0,0.0,1.0,4.428,0.0,0.0,0.0,0.0,0.0,0.0,-0.45874937071376254,-0.4478826797532537,-0.38601297052238326,-0.40014984902494644,-0.11867816581938535,-0.1186781658193853,-0.3659592128168157,-0.3775860352686978,-0.3024019468919484
46,rad_1,False,1,g-chOlbtzBQ,TransformType.NONLINEAR,lymph_node,task_idx_0091,25.517,,True,,,1.52,0.865088,0.0,0.0,0.0,1.0,0.0,0.0,0.0,0.0,0.0,0.0,9.0,0.0,0.0,0.0,0.0,1.0,1.0,1.0,6.582,0.0,0.0,0.0,0.0,0.0,0.0,-0.45874937071376254,-0.4243099071346614,-0.38601297052238326,-0.40014984902494644,-0.11867816581938535,-0.1186781658193853,-0.3659592128168157,-0.3775860352686978,-0.3276899145762925
47,rad_1,False,1,g-chOlbtzBQ,TransformType.NONLINEAR,recurrence,task_idx_0092,379.72,,,fp,False,,0.865088,0.0,0.0,5781.597140899679,158.0,4081.805391520363,211.0,1.0,2.0,2452.467002678513,225.0,642.0,0.0,0.0,0.0,0.0,1.0,1.0,14.0,274.095,0.0,0.0,0.0,0.0,0.0,0.0,3.2602506817227406,3.2766153939843297,4.113633655803218,4.899829668313315,-0.11867816581938535,-0.1186781658193853,1.1490050872240312,1.8227354652179582,3.674130971471163
48,rad_1,False,1,87J-_CHHkzI,TransformType.LINEAR,a_vertebralis_r,task_idx_0105,26.336,4.385023669707577,True,,,5.52,0.648754,0.0,0.0,1.4142135623730951,2.0,0.0,0.0,0.0,0.0,0.0,0.0,32.0,0.0,0.0,1.0,1.0,0.0,0.0,1.0,2.963,0.0,0.0,0.0,0.0,0.0,0.0,-0.4658134432224625,-0.3963233696026724,-0.40475349160895935,-0.4299157945290401,0.0,0.0,-0.3811298933926365,-0.44045879676620686,-0.263785079061806
49,rad_1,False,1,87J-_CHHkzI,TransformType.LINEAR,a_vertebralis_l,task_idx_0106,61.236,5.196726766772043,False,,,6.57,0.648754,0.0,0.0,1.0,2.0,0.0,0.0,0.0,0.0,0.0,0.0,141.0,0.0,0.0,1.0,1.0,0.0,0.0,3.0,7.196,0.0,0.0,0.0,0.0,0.0,0.0,-0.4661362716528171,-0.3963233696026724,-0.40475349160895935,-0.4299157945290401,0.0,0.0,-0.3811298933926365,-0.44045879676620686,0.7570163511537038
50,rad_1,False,1,87J-_CHHkzI,TransformType.LINEAR,a_carotisexterna_r,task_idx_0107,22.255,2.046675473704363,True,,,2.16,0.648754,0.0,0.0,0.0,1.0,0.0,0.0,0.0,0.0,0.0,0.0,22.0,1.0,1.0,0.0,0.0,0.0,0.0,1.0,2.462,0.0,0.0,0.0,0.0,0.0,0.0,-0.46691564842769895,-0.4239203547200732,-0.40475349160895935,-0.4299157945290401,0.0,0.0,-0.3811298933926365,-0.44045879676620686,-0.35743658642102705
51,rad_1,False,1,87J-_CHHkzI,TransformType.LINEAR,a_carotisexterna_l,task_idx_0108,41.463,1.2480167837012928,True,,,3.34,0.648754,0.0,0.0,0.0,0.0,0.0,0.0,0.0,0.0,0.0,0.0,137.0,1.0,1.0,0.0,0.0,0.0,0.0,2.0,4.971,0.0,0.0,0.0,0.0,0.0,0.0,-0.46691564842769895,-0.451517339837474,-0.40475349160895935,-0.4299157945290401,0.0,0.0,-0.3811298933926365,-0.44045879676620686,0.7195557482100153
52,rad_1,False,1,87J-_CHHkzI,TransformType.LINEAR,lymph_node,task_idx_0109,17.212,,True,,,8.47,0.648754,0.0,0.0,0.0,1.0,0.0,0.0,0.0,0.0,0.0,0.0,0.0,1.0,1.0,0.0,0.0,0.0,0.0,1.0,2.034,0.0,0.0,0.0,0.0,0.0,0.0,-0.46691564842769895,-0.4239203547200732,-0.40475349160895935,-0.4299157945290401,0.0,0.0,-0.3811298933926365,-0.44045879676620686,-0.5634699026113135
53,rad_1,False,1,87J-_CHHkzI,TransformType.LINEAR,recurrence,task_idx_0110,191.552,,,tn,True,,0.648754,0.0,0.0,3289.650229407614,96.0,1884.548823003923,94.0,0.0,0.0,2692.501270926007,167.0,515.0,0.0,0.0,0.0,0.0,0.0,0.0,6.0,133.702,0.0,0.0,0.0,0.0,0.0,0.0,2.0969613378571634,2.1977932314330015,2.24634363760437,2.515094425483656,0.0,0.0,1.539699562484608,1.1663605516309021,4.2595827263885715
54,rad_1,False,1,F-JlS0Cl1K0,TransformType.NONLINEAR,a_vertebralis_r,task_idx_0129,20.276,2.135808656637602,True,,,2.53,0.846043,0.0,0.0,0.0,0.0,0.0,0.0,0.0,0.0,0.0,0.0,21.0,0.0,0.0,1.0,1.0,0.0,0.0,2.0,6.824,0.0,0.0,0.0,0.0,0.0,0.0,-0.45874937071376254,-0.4478826797532537,-0.38601297052238326,-0.40014984902494644,-0.11867816581938535,-0.1186781658193853,-0.3659592128168157,-0.3775860352686978,-0.2518260115232601
55,rad_1,False,1,F-JlS0Cl1K0,TransformType.NONLINEAR,a_vertebralis_l,task_idx_0130,10.214,4.250765713422281,True,,,4.03,0.846043,0.0,0.0,0.0,1.0,0.0,0.0,0.0,0.0,0.0,0.0,0.0,0.0,0.0,1.0,1.0,0.0,0.0,1.0,2.378,0.0,0.0,0.0,0.0,0.0,0.0,-0.45874937071376254,-0.4243099071346614,-0.38601297052238326,-0.40014984902494644,-0.11867816581938535,-0.1186781658193853,-0.3659592128168157,-0.3775860352686978,-0.38458784186606676
56,rad_1,False,1,F-JlS0Cl1K0,TransformType.NONLINEAR,a_carotisexterna_r,task_idx_0131,16.241,0.6008247032443699,True,,,0.65,0.846043,0.0,0.0,0.0,1.0,0.0,0.0,0.0,0.0,0.0,0.0,0.0,0.0,1.0,0.0,2.0,0.0,0.0,1.0,5.748,0.0,0.0,0.0,0.0,0.0,0.0,-0.45874937071376254,-0.4243099071346614,-0.38601297052238326,-0.40014984902494644,-0.11867816581938535,-0.1186781658193853,-0.3659592128168157,-0.3775860352686978,-0.38458784186606676
57,rad_1,False,1,F-JlS0Cl1K0,TransformType.NONLINEAR,a_carotisexterna_l,task_idx_0132,9.948,2.120801295323681,True,,,1.75,0.846043,0.0,0.0,0.0,0.0,0.0,0.0,0.0,0.0,0.0,0.0,0.0,1.0,0.0,0.0,0.0,0.0,0.0,1.0,2.05,0.0,0.0,0.0,0.0,0.0,0.0,-0.45874937071376254,-0.4478826797532537,-0.38601297052238326,-0.40014984902494644,-0.11867816581938535,-0.1186781658193853,-0.3659592128168157,-0.3775860352686978,-0.38458784186606676
58,rad_1,False,1,F-JlS0Cl1K0,TransformType.NONLINEAR,lymph_node,task_idx_0133,11.295,,True,,,1.34,0.846043,0.0,0.0,0.0,1.0,0.0,0.0,0.0,0.0,0.0,0.0,0.0,0.0,0.0,0.0,0.0,0.0,1.0,1.0,3.493,0.0,0.0,0.0,0.0,0.0,0.0,-0.45874937071376254,-0.4243099071346614,-0.38601297052238326,-0.40014984902494644,-0.11867816581938535,-0.1186781658193853,-0.3659592128168157,-0.3775860352686978,-0.38458784186606676
59,rad_1,False,1,F-JlS0Cl1K0,TransformType.NONLINEAR,recurrence,task_idx_0134,308.646,,,tn,True,,0.846043,0.0,0.0,6032.469551223121,177.0,2676.3433621222657,118.0,260.6848069919946,19.0,2429.185652670264,159.0,652.0,2.0,0.0,0.0,0.0,0.0,1.0,8.0,230.018,0.0,0.0,0.0,0.0,0.0,0.0,3.4216238255808005,3.7244980737375832,2.564299017716925,2.5638197388703845,-0.11867816581938535,-0.1186781658193853,1.1346234812408593,1.1773078250752058,3.7373508906820234
60,rad_1,False,1,I307KZkh1VM,TransformType.NONLINEAR,a_vertebralis_r,task_idx_0135,25.165,7.133942294675792,False,,,7.24,0.846472,0.0,0.0,0.0,1.0,0.0,0.0,0.0,0.0,0.0,0.0,39.0,0.0,0.0,1.0,1.0,0.0,0.0,2.0,6.003,0.0,0.0,0.0,0.0,0.0,0.0,-0.45874937071376254,-0.4243099071346614,-0.38601297052238326,-0.40014984902494644,-0.11867816581938535,-0.1186781658193853,-0.3659592128168157,-0.3775860352686978,-0.13803015694371162
61,rad_1,False,1,I307KZkh1VM,TransformType.NONLINEAR,a_vertebralis_l,task_idx_0136,10.65,4.934000490059478,True,,,5.07,0.846472,0.0,0.0,0.0,1.0,0.0,0.0,0.0,0.0,0.0,0.0,0.0,0.0,0.0,1.0,1.0,0.0,0.0,1.0,1.981,0.0,0.0,0.0,0.0,0.0,0.0,-0.45874937071376254,-0.4243099071346614,-0.38601297052238326,-0.40014984902494644,-0.11867816581938535,-0.1186781658193853,-0.3659592128168157,-0.3775860352686978,-0.38458784186606676
62,rad_1,False,1,I307KZkh1VM,TransformType.NONLINEAR,a_carotisexterna_r,task_idx_0137,12.008,2.5596515856712525,True,,,2.88,0.846472,0.0,0.0,0.0,1.0,0.0,0.0,0.0,0.0,0.0,0.0,0.0,0.0,0.0,2.0,0.0,0.0,0.0,1.0,4.595,0.0,0.0,0.0,0.0,0.0,0.0,-0.45874937071376254,-0.4243099071346614,-0.38601297052238326,-0.40014984902494644,-0.11867816581938535,-0.1186781658193853,-0.3659592128168157,-0.3775860352686978,-0.38458784186606676
63,rad_1,False,1,I307KZkh1VM,TransformType.NONLINEAR,a_carotisexterna_l,task_idx_0138,17.035,1.2993313804392936,True,,,3.67,0.846472,0.0,0.0,0.0,1.0,0.0,0.0,0.0,0.0,0.0,0.0,22.0,2.0,0.0,0.0,0.0,0.0,0.0,1.0,4.436,0.0,0.0,0.0,0.0,0.0,0.0,-0.45874937071376254,-0.4243099071346614,-0.38601297052238326,-0.40014984902494644,-0.11867816581938535,-0.1186781658193853,-0.3659592128168157,-0.3775860352686978,-0.2455040196021741
64,rad_1,False,1,I307KZkh1VM,TransformType.NONLINEAR,lymph_node,task_idx_0139,13.435,,True,,,4.01,0.846472,0.0,0.0,0.0,1.0,0.0,0.0,0.0,0.0,0.0,0.0,5.0,0.0,0.0,0.0,0.0,0.0,1.0,1.0,4.25,0.0,0.0,0.0,0.0,0.0,0.0,-0.45874937071376254,-0.4243099071346614,-0.38601297052238326,-0.40014984902494644,-0.11867816581938535,-0.1186781658193853,-0.3659592128168157,-0.3775860352686978,-0.3529778822606366
65,rad_1,False,1,I307KZkh1VM,TransformType.NONLINEAR,recurrence,task_idx_0140,199.821,,,tn,True,,0.846472,0.0,0.0,4651.017930885742,103.0,2788.2942123846587,108.0,0.0,0.0,256.8947062185104,69.0,307.0,1.0,1.0,1.0,1.0,0.0,1.0,6.0,150.298,0.0,0.0,0.0,0.0,0.0,0.0,2.533008011772346,1.9801128999617532,2.6877099149497865,2.3126358754894243,-0.11867816581938535,-0.1186781658193853,-0.20726745126998689,0.2971792248805434,1.556263677907344
66,rad_1,False,1,yYcNJD5knnY,TransformType.NONLINEAR,a_vertebralis_r,task_idx_0141,15.702,2.723869972978648,True,,,2.18,0.891124,0.0,0.0,0.0,0.0,0.0,0.0,0.0,0.0,0.0,0.0,0.0,0.0,0.0,0.0,1.0,0.0,0.0,1.0,3.605,0.0,0.0,0.0,0.0,0.0,0.0,-0.45874937071376254,-0.4478826797532537,-0.38601297052238326,-0.40014984902494644,-0.11867816581938535,-0.1186781658193853,-0.3659592128168157,-0.3775860352686978,-0.38458784186606676
67,rad_1,False,1,yYcNJD5knnY,TransformType.NONLINEAR,a_vertebralis_l,task_idx_0142,9.659,0.7172431233251861,True,,,2.75,0.891124,0.0,0.0,0.0,0.0,0.0,0.0,0.0,0.0,0.0,0.0,0.0,0.0,0.0,0.0,0.0,0.0,0.0,1.0,5.788,0.0,0.0,0.0,0.0,0.0,0.0,-0.45874937071376254,-0.4478826797532537,-0.38601297052238326,-0.40014984902494644,-0.11867816581938535,-0.1186781658193853,-0.3659592128168157,-0.3775860352686978,-0.38458784186606676
68,rad_1,False,1,yYcNJD5knnY,TransformType.NONLINEAR,a_carotisexterna_r,task_idx_0143,13.891,3.5166731765169144,True,,,1.66,0.891124,0.0,0.0,497.6946855251721,2.0,0.0,0.0,0.0,0.0,0.0,0.0,0.0,1.0,0.0,1.0,0.0,0.0,0.0,1.0,4.77,0.0,0.0,0.0,0.0,0.0,0.0,-0.1386083237923474,-0.40073713451606907,-0.38601297052238326,-0.40014984902494644,-0.11867816581938535,-0.1186781658193853,-0.3659592128168157,-0.3775860352686978,-0.38458784186606676
69,rad_1,False,1,yYcNJD5knnY,TransformType.NONLINEAR,a_carotisexterna_l,task_idx_0144,11.751,2.136302507378029,True,,,2.17,0.891124,0.0,0.0,0.0,0.0,0.0,0.0,0.0,0.0,0.0,0.0,0.0,0.0,0.0,0.0,0.0,0.0,0.0,2.0,7.239,0.0,0.0,0.0,0.0,0.0,0.0,-0.45874937071376254,-0.4478826797532537,-0.38601297052238326,-0.40014984902494644,-0.11867816581938535,-0.1186781658193853,-0.3659592128168157,-0.3775860352686978,-0.38458784186606676
70,rad_1,False,1,yYcNJD5knnY,TransformType.NONLINEAR,lymph_node,task_idx_0145,9.682,,True,,,2.19,0.891124,0.0,0.0,0.0,0.0,0.0,0.0,0.0,0.0,0.0,0.0,0.0,0.0,0.0,0.0,0.0,0.0,0.0,1.0,4.979,0.0,0.0,0.0,0.0,0.0,0.0,-0.45874937071376254,-0.4478826797532537,-0.38601297052238326,-0.40014984902494644,-0.11867816581938535,-0.1186781658193853,-0.3659592128168157,-0.3775860352686978,-0.38458784186606676
71,rad_1,False,1,yYcNJD5knnY,TransformType.NONLINEAR,recurrence,task_idx_0146,39.178,,,fp,False,,0.891124,0.0,0.0,0.0,1.0,0.0,0.0,0.0,0.0,3496.0257100210456,186.0,39.0,0.0,1.0,0.0,0.0,0.0,0.0,1.0,4.17,0.0,0.0,0.0,0.0,0.0,0.0,-0.45874937071376254,-0.4243099071346614,-0.38601297052238326,-0.40014984902494644,-0.11867816581938535,-0.1186781658193853,1.7936433983181412,1.4413464051336045,-0.13803015694371162
72,rad_1,False,1,CCL2MqdD19g,TransformType.LINEAR,a_vertebralis_r,task_idx_0147,16.969,2.896060302100993,True,,,9.12,0.464042,0.0,0.0,0.0,1.0,0.0,0.0,0.0,0.0,0.0,0.0,30.0,0.0,0.0,1.0,1.0,0.0,0.0,1.0,2.656,0.0,0.0,0.0,0.0,0.0,0.0,-0.46691564842769895,-0.4239203547200732,-0.40475349160895935,-0.4299157945290401,0.0,0.0,-0.3811298933926365,-0.44045879676620686,-0.2825153805336502
73,rad_1,False,1,CCL2MqdD19g,TransformType.LINEAR,a_vertebralis_l,task_idx_0148,8.079,5.527603364586179,False,,,5.85,0.464042,0.0,0.0,0.0,0.0,0.0,0.0,0.0,0.0,0.0,0.0,0.0,0.0,0.0,0.0,1.0,0.0,0.0,0.0,0.0,0.0,0.0,0.0,0.0,0.0,0.0,-0.46691564842769895,-0.451517339837474,-0.40475349160895935,-0.4299157945290401,0.0,0.0,-0.3811298933926365,-0.44045879676620686,-0.5634699026113135
74,rad_1,False,1,CCL2MqdD19g,TransformType.LINEAR,a_carotisexterna_r,task_idx_0149,19.764,2.126851215655004,True,,,3.03,0.464042,0.0,0.0,0.0,1.0,0.0,0.0,0.0,0.0,0.0,0.0,25.0,1.0,0.0,1.0,0.0,0.0,0.0,1.0,3.359,0.0,0.0,0.0,0.0,0.0,0.0,-0.46691564842769895,-0.4239203547200732,-0.40475349160895935,-0.4299157945290401,0.0,0.0,-0.3811298933926365,-0.44045879676620686,-0.3293411342132608
75,rad_1,False,1,CCL2MqdD19g,TransformType.LINEAR,a_carotisexterna_l,task_idx_0150,25.313,1.4303320176498708,True,,,3.68,0.464042,0.0,0.0,0.0,0.0,0.0,0.0,0.0,0.0,0.0,0.0,80.0,1.0,0.0,0.0,0.0,0.0,0.0,0.0,0.0,0.0,0.0,0.0,0.0,0.0,0.0,-0.46691564842769895,-0.451517339837474,-0.40475349160895935,-0.4299157945290401,0.0,0.0,-0.3811298933926365,-0.44045879676620686,0.18574215626245516
76,rad_1,False,1,CCL2MqdD19g,TransformType.LINEAR,lymph_node,task_idx_0151,13.932,,True,,,4.72,0.464042,0.0,0.0,3.23606797749979,3.0,0.0,0.0,0.0,0.0,0.0,0.0,0.0,0.0,0.0,0.0,0.0,0.0,1.0,1.0,2.45,0.0,0.0,0.0,0.0,0.0,0.0,-0.46439353220409685,-0.3687263844852716,-0.40475349160895935,-0.4299157945290401,0.0,0.0,-0.3811298933926365,-0.44045879676620686,-0.5634699026113135
77,rad_1,False,1,CCL2MqdD19g,TransformType.LINEAR,recurrence,task_idx_0152,148.562,,,tn,True,,0.464042,0.0,0.0,1801.9465357098568,57.0,1325.718519034997,75.0,0.0,0.0,3528.755314642092,375.0,157.0,0.0,0.0,0.0,0.0,1.0,0.0,3.0,120.354,0.0,0.0,0.0,0.0,0.0,0.0,0.937479631083272,1.1215108118543708,1.4602067137501304,1.9198264022896003,0.0,0.0,2.136282901965771,3.1676684825686188,0.9068587629284575
78,rad_1,False,1,hmJfXqxVMk0,TransformType.LINEAR,a_vertebralis_r,task_idx_0153,25.057,17.94666682337953,False,,,18.91,0.692976,0.0,0.0,0.0,0.0,0.0,0.0,0.0,0.0,0.0,0.0,49.0,0.0,0.0,1.0,1.0,0.0,0.0,2.0,4.854,0.0,0.0,0.0,0.0,0.0,0.0,-0.46691564842769895,-0.451517339837474,-0.40475349160895935,-0.4299157945290401,0.0,0.0,-0.3811298933926365,-0.44045879676620686,-0.10457751655113018
79,rad_1,False,1,hmJfXqxVMk0,TransformType.LINEAR,a_vertebralis_l,task_idx_0154,15.809,4.875580402731386,True,,,5.94,0.692976,0.0,0.0,26.218714502999315,14.0,0.0,0.0,0.0,0.0,0.0,0.0,29.0,0.0,0.0,0.0,1.0,0.0,0.0,1.0,3.117,0.0,0.0,0.0,0.0,0.0,0.0,-0.4464813912768048,-0.06515954819386297,-0.40475349160895935,-0.4299157945290401,0.0,0.0,-0.3811298933926365,-0.44045879676620686,-0.2918805312695723
80,rad_1,False,1,hmJfXqxVMk0,TransformType.LINEAR,a_carotisexterna_r,task_idx_0155,18.002,2.632789682727415,True,,,2.92,0.692976,0.0,0.0,0.0,1.0,0.0,0.0,0.0,0.0,0.0,0.0,44.0,1.0,0.0,1.0,0.0,0.0,0.0,1.0,2.456,0.0,0.0,0.0,0.0,0.0,0.0,-0.46691564842769895,-0.4239203547200732,-0.40475349160895935,-0.4299157945290401,0.0,0.0,-0.3811298933926365,-0.44045879676620686,-0.1514032702307407
81,rad_1,False,1,hmJfXqxVMk0,TransformType.LINEAR,a_carotisexterna_l,task_idx_0156,23.535,2.656477257070565,True,,,5.16,0.692976,0.0,0.0,0.0,0.0,0.0,0.0,0.0,0.0,0.0,0.0,67.0,0.0,0.0,0.0,0.0,0.0,0.0,1.0,3.214,0.0,0.0,0.0,0.0,0.0,0.0,-0.46691564842769895,-0.451517339837474,-0.40475349160895935,-0.4299157945290401,0.0,0.0,-0.3811298933926365,-0.44045879676620686,0.06399519669546776
82,rad_1,False,1,hmJfXqxVMk0,TransformType.LINEAR,lymph_node,task_idx_0157,7.796,,True,,,3.32,0.692976,0.0,0.0,0.0,0.0,0.0,0.0,0.0,0.0,0.0,0.0,0.0,0.0,0.0,0.0,0.0,0.0,0.0,1.0,3.186,0.0,0.0,0.0,0.0,0.0,0.0,-0.46691564842769895,-0.451517339837474,-0.40475349160895935,-0.4299157945290401,0.0,0.0,-0.3811298933926365,-0.44045879676620686,-0.5634699026113135
83,rad_1,False,1,hmJfXqxVMk0,TransformType.LINEAR,recurrence,task_idx_0158,184.334,,,fn,False,,0.692976,0.0,0.0,4331.511168493852,104.0,2195.72686638083,94.0,0.0,0.0,1577.0210133805642,107.0,271.0,1.0,0.0,0.0,0.0,0.0,0.0,5.0,136.242,0.0,0.0,0.0,0.0,0.0,0.0,2.908963556437514,2.4185691123722077,2.684094683053948,2.515094425483656,0.0,0.0,0.7439163406605677,0.58906018693733,1.9744859468235778
84,rad_1,False,1,VUIaoA1iqhI,TransformType.NONLINEAR,a_vertebralis_r,task_idx_0159,9.123,2.873866675160406,True,,,2.15,0.899772,0.0,0.0,0.0,1.0,0.0,0.0,0.0,0.0,0.0,0.0,0.0,0.0,0.0,0.0,1.0,0.0,0.0,1.0,3.444,0.0,0.0,0.0,0.0,0.0,0.0,-0.45874937071376254,-0.4243099071346614,-0.38601297052238326,-0.40014984902494644,-0.11867816581938535,-0.1186781658193853,-0.3659592128168157,-0.3775860352686978,-0.38458784186606676
85,rad_1,False,1,VUIaoA1iqhI,TransformType.NONLINEAR,a_vertebralis_l,task_idx_0160,29.127,2.79606136153776,True,,,3.36,0.899772,0.0,0.0,23.915802461647605,7.0,0.0,0.0,0.0,0.0,0.0,0.0,15.0,0.0,0.0,0.0,0.0,0.0,0.0,2.0,14.979,0.0,0.0,0.0,0.0,0.0,0.0,-0.44336558169468054,-0.2828732714231076,-0.38601297052238326,-0.40014984902494644,-0.11867816581938535,-0.1186781658193853,-0.3659592128168157,-0.3775860352686978,-0.2897579630497763
86,rad_1,False,1,VUIaoA1iqhI,TransformType.NONLINEAR,a_carotisexterna_r,task_idx_0161,13.904,2.1515351539803262,True,,,2.06,0.899772,0.0,0.0,638.5209471896752,2.0,0.0,0.0,0.0,0.0,0.0,0.0,0.0,1.0,0.0,1.0,0.0,0.0,0.0,1.0,2.6870000000000003,0.0,0.0,0.0,0.0,0.0,0.0,-0.048022130781807504,-0.40073713451606907,-0.38601297052238326,-0.40014984902494644,-0.11867816581938535,-0.1186781658193853,-0.3659592128168157,-0.3775860352686978,-0.38458784186606676
87,rad_1,False,1,VUIaoA1iqhI,TransformType.NONLINEAR,a_carotisexterna_l,task_idx_0162,9.456,0.8503745154058069,True,,,1.77,0.899772,0.0,0.0,0.0,0.0,0.0,0.0,0.0,0.0,0.0,0.0,0.0,0.0,0.0,0.0,0.0,0.0,0.0,1.0,2.954,0.0,0.0,0.0,0.0,0.0,0.0,-0.45874937071376254,-0.4478826797532537,-0.38601297052238326,-0.40014984902494644,-0.11867816581938535,-0.1186781658193853,-0.3659592128168157,-0.3775860352686978,-0.38458784186606676
88,rad_1,False,1,VUIaoA1iqhI,TransformType.NONLINEAR,lymph_node,task_idx_0163,18.639,,False,,,2.7,0.899772,0.0,0.0,0.0,0.0,0.0,0.0,0.0,0.0,0.0,0.0,0.0,0.0,1.0,0.0,0.0,0.0,0.0,1.0,4.972,0.0,0.0,0.0,0.0,0.0,0.0,-0.45874937071376254,-0.4478826797532537,-0.38601297052238326,-0.40014984902494644,-0.11867816581938535,-0.1186781658193853,-0.3659592128168157,-0.3775860352686978,-0.38458784186606676
89,rad_1,False,1,VUIaoA1iqhI,TransformType.NONLINEAR,recurrence,task_idx_0164,82.156,,,tp,True,,0.899772,0.0,0.0,4162.599413286786,114.0,2922.374553124196,110.0,0.0,0.0,3999.9206798603423,139.0,2.0,0.0,0.0,0.0,0.0,0.0,0.0,3.0,33.302,0.0,0.0,0.0,0.0,0.0,0.0,2.218833840121427,2.2394133987662683,2.8355156271276836,2.3628726481656166,-0.11867816581938535,-0.1186781658193853,2.1049148198879113,0.9817236916986141,-0.3719438580238947
90,rad_1,False,1,XKgRKTaLeEo,TransformType.NONLINEAR,a_vertebralis_r,task_idx_0171,17.319,1.5074435451760393,True,,,2.74,0.840616,0.0,0.0,0.0,0.0,0.0,0.0,0.0,0.0,0.0,0.0,18.0,0.0,0.0,0.0,0.0,0.0,0.0,1.0,4.772,0.0,0.0,0.0,0.0,0.0,0.0,-0.45874937071376254,-0.4478826797532537,-0.38601297052238326,-0.40014984902494644,-0.11867816581938535,-0.1186781658193853,-0.3659592128168157,-0.3775860352686978,-0.2707919872865182
91,rad_1,False,1,XKgRKTaLeEo,TransformType.NONLINEAR,a_vertebralis_l,task_idx_0172,12.771,3.883352052624988,True,,,0.9,0.840616,0.0,0.0,0.0,0.0,0.0,0.0,0.0,0.0,0.0,0.0,16.0,0.0,0.0,0.0,0.0,0.0,0.0,1.0,3.507,0.0,0.0,0.0,0.0,0.0,0.0,-0.45874937071376254,-0.4478826797532537,-0.38601297052238326,-0.40014984902494644,-0.11867816581938535,-0.1186781658193853,-0.3659592128168157,-0.3775860352686978,-0.2834359711286903
92,rad_1,False,1,XKgRKTaLeEo,TransformType.NONLINEAR,a_carotisexterna_r,task_idx_0173,16.273,6.798222817512524,False,,,7.69,0.840616,0.0,0.0,519.8628253914171,5.0,0.0,0.0,0.0,0.0,0.0,0.0,0.0,1.0,0.0,1.0,0.0,0.0,0.0,1.0,2.85,0.0,0.0,0.0,0.0,0.0,0.0,-0.12434871501715763,-0.3300188166602922,-0.38601297052238326,-0.40014984902494644,-0.11867816581938535,-0.1186781658193853,-0.3659592128168157,-0.3775860352686978,-0.38458784186606676
93,rad_1,False,1,XKgRKTaLeEo,TransformType.NONLINEAR,a_carotisexterna_l,task_idx_0174,8.431,2.2727151295172585,True,,,3.78,0.840616,0.0,0.0,0.0,0.0,0.0,0.0,0.0,0.0,0.0,0.0,0.0,0.0,0.0,0.0,0.0,0.0,0.0,1.0,2.527,0.0,0.0,0.0,0.0,0.0,0.0,-0.45874937071376254,-0.4478826797532537,-0.38601297052238326,-0.40014984902494644,-0.11867816581938535,-0.1186781658193853,-0.3659592128168157,-0.3775860352686978,-0.38458784186606676
94,rad_1,False,1,XKgRKTaLeEo,TransformType.NONLINEAR,lymph_node,task_idx_0175,9.105,,False,,,20.5,0.840616,0.0,0.0,0.0,0.0,0.0,0.0,0.0,0.0,0.0,0.0,0.0,0.0,0.0,0.0,0.0,0.0,0.0,1.0,2.704,0.0,0.0,0.0,0.0,0.0,0.0,-0.45874937071376254,-0.4478826797532537,-0.38601297052238326,-0.40014984902494644,-0.11867816581938535,-0.1186781658193853,-0.3659592128168157,-0.3775860352686978,-0.38458784186606676
95,rad_1,False,1,XKgRKTaLeEo,TransformType.NONLINEAR,recurrence,task_idx_0176,75.95,,,fp,False,,0.840616,0.0,0.0,2639.2439552026417,65.0,1579.3153479007267,87.0,0.0,0.0,3022.352545366475,114.0,103.0,1.0,0.0,0.0,0.0,0.0,0.0,2.0,38.369,0.0,0.0,0.0,0.0,0.0,0.0,1.2389386847815695,1.0843475404552458,1.3549717887825719,1.785149762389408,-0.11867816581938535,-0.1186781658193853,1.5010409153671762,0.7372435249778746,0.2665773260057942
96,rad_1,False,1,urqkluKweXA,TransformType.NONLINEAR,a_vertebralis_r,task_idx_0189,15.096,1.7598428523898828,True,,,0.87,0.885943,0.0,0.0,0.0,1.0,0.0,0.0,0.0,0.0,0.0,0.0,10.0,0.0,0.0,0.0,1.0,0.0,0.0,1.0,2.33,0.0,0.0,0.0,0.0,0.0,0.0,-0.45874937071376254,-0.4243099071346614,-0.38601297052238326,-0.40014984902494644,-0.11867816581938535,-0.1186781658193853,-0.3659592128168157,-0.3775860352686978,-0.3213679226552065
97,rad_1,False,1,urqkluKweXA,TransformType.NONLINEAR,a_vertebralis_l,task_idx_0190,12.885,3.902182552039928,True,,,6.36,0.885943,0.0,0.0,0.0,0.0,0.0,0.0,0.0,0.0,0.0,0.0,9.0,0.0,0.0,0.0,0.0,0.0,0.0,1.0,4.379,0.0,0.0,0.0,0.0,0.0,0.0,-0.45874937071376254,-0.4478826797532537,-0.38601297052238326,-0.40014984902494644,-0.11867816581938535,-0.1186781658193853,-0.3659592128168157,-0.3775860352686978,-0.3276899145762925
98,rad_1,False,1,urqkluKweXA,TransformType.NONLINEAR,a_carotisexterna_r,task_idx_0191,11.371,1.3660498611102834,True,,,1.79,0.885943,0.0,0.0,516.2331496812776,3.0,0.0,0.0,0.0,0.0,0.0,0.0,0.0,1.0,0.0,1.0,0.0,0.0,0.0,1.0,4.678,0.0,0.0,0.0,0.0,0.0,0.0,-0.12668349619048508,-0.3771643618974768,-0.38601297052238326,-0.40014984902494644,-0.11867816581938535,-0.1186781658193853,-0.3659592128168157,-0.3775860352686978,-0.38458784186606676
99,rad_1,False,1,urqkluKweXA,TransformType.NONLINEAR,a_carotisexterna_l,task_idx_0192,7.725,1.5699120821782966,True,,,1.42,0.885943,0.0,0.0,0.0,0.0,0.0,0.0,0.0,0.0,0.0,0.0,0.0,0.0,0.0,0.0,0.0,0.0,0.0,1.0,4.067,0.0,0.0,0.0,0.0,0.0,0.0,-0.45874937071376254,-0.4478826797532537,-0.38601297052238326,-0.40014984902494644,-0.11867816581938535,-0.1186781658193853,-0.3659592128168157,-0.3775860352686978,-0.38458784186606676
100,rad_1,False,1,urqkluKweXA,TransformType.NONLINEAR,lymph_node,task_idx_0193,15.729,,True,,,7.17,0.885943,0.0,0.0,0.0,0.0,0.0,0.0,0.0,0.0,0.0,0.0,0.0,1.0,0.0,0.0,0.0,0.0,0.0,1.0,3.831,0.0,0.0,0.0,0.0,0.0,0.0,-0.45874937071376254,-0.4478826797532537,-0.38601297052238326,-0.40014984902494644,-0.11867816581938535,-0.1186781658193853,-0.3659592128168157,-0.3775860352686978,-0.38458784186606676
101,rad_1,False,1,urqkluKweXA,TransformType.NONLINEAR,recurrence,task_idx_0194,181.17,,,fp,False,,0.885943,0.0,0.0,4701.409321366015,128.0,3884.6235475058447,134.0,0.0,0.0,4901.084594727963,239.0,1.0,0.0,0.0,0.0,0.0,0.0,0.0,6.0,123.885,0.0,0.0,0.0,0.0,0.0,0.0,2.565422166420506,2.5694322154265605,3.8962669432608275,2.965713920279921,-0.11867816581938535,-0.1186781658193853,2.661591487919909,1.9596443585815724,-0.3782658499449807
102,rad_1,False,1,eiJvX7Bw25o,TransformType.LINEAR,a_vertebralis_r,task_idx_0195,13.734,12.369384712124347,False,,,12.81,0.731865,0.0,0.0,0.0,1.0,0.0,0.0,0.0,0.0,0.0,0.0,7.0,0.0,0.0,0.0,1.0,0.0,0.0,1.0,4.363,0.0,0.0,0.0,0.0,0.0,0.0,-0.46691564842769895,-0.4239203547200732,-0.40475349160895935,-0.4299157945290401,0.0,0.0,-0.3811298933926365,-0.44045879676620686,-0.49791384745985867
103,rad_1,False,1,eiJvX7Bw25o,TransformType.LINEAR,a_vertebralis_l,task_idx_0196,12.982,16.669795277463123,False,,,14.47,0.731865,0.0,0.0,0.0,0.0,0.0,0.0,0.0,0.0,0.0,0.0,30.0,0.0,0.0,0.0,0.0,0.0,0.0,1.0,2.281,0.0,0.0,0.0,0.0,0.0,0.0,-0.46691564842769895,-0.451517339837474,-0.40475349160895935,-0.4299157945290401,0.0,0.0,-0.3811298933926365,-0.44045879676620686,-0.2825153805336502
104,rad_1,False,1,eiJvX7Bw25o,TransformType.LINEAR,a_carotisexterna_r,task_idx_0197,19.749,2.8493147050633327,True,,,1.8,0.731865,0.0,0.0,343.3547442331003,10.0,0.0,0.0,0.0,0.0,0.0,0.0,11.0,1.0,0.0,1.0,0.0,0.0,0.0,1.0,2.466,0.0,0.0,0.0,0.0,0.0,0.0,-0.1993129352269417,-0.17554748866346612,-0.40475349160895935,-0.4299157945290401,0.0,0.0,-0.3811298933926365,-0.44045879676620686,-0.46045324451617026
105,rad_1,False,1,eiJvX7Bw25o,TransformType.LINEAR,a_carotisexterna_l,task_idx_0198,7.672,4.07860523017044,True,,,4.28,0.731865,0.0,0.0,0.0,0.0,0.0,0.0,0.0,0.0,0.0,0.0,0.0,0.0,0.0,0.0,0.0,0.0,0.0,1.0,2.339,0.0,0.0,0.0,0.0,0.0,0.0,-0.46691564842769895,-0.451517339837474,-0.40475349160895935,-0.4299157945290401,0.0,0.0,-0.3811298933926365,-0.44045879676620686,-0.5634699026113135
106,rad_1,False,1,eiJvX7Bw25o,TransformType.LINEAR,lymph_node,task_idx_0199,8.572,,True,,,5.08,0.731865,0.0,0.0,0.0,0.0,0.0,0.0,0.0,0.0,0.0,0.0,13.0,0.0,0.0,0.0,0.0,0.0,0.0,1.0,2.25,0.0,0.0,0.0,0.0,0.0,0.0,-0.46691564842769895,-0.451517339837474,-0.40475349160895935,-0.4299157945290401,0.0,0.0,-0.3811298933926365,-0.44045879676620686,-0.441722943044326
107,rad_1,False,1,eiJvX7Bw25o,TransformType.LINEAR,recurrence,task_idx_0200,161.63,,,tp,True,,0.731865,0.0,0.0,2736.832683942273,71.0,941.9768473507246,54.0,0.0,0.0,6812.844920544379,513.0,2.0,1.0,0.0,0.0,0.0,0.0,0.0,4.0,76.161,0.0,0.0,0.0,0.0,0.0,0.0,1.666108182174316,1.5078686034979818,0.9203764733533389,1.261898587180381,0.0,0.0,4.479151267107858,4.4954593213638345,-0.5447396011394692
108,rad_1,False,1,a9ebcF7RKU4,TransformType.LINEAR,a_vertebralis_r,task_idx_0201,17.792,9.657169892293696,False,,,24.03,0.578514,0.0,0.0,0.0,1.0,0.0,0.0,0.0,0.0,328.1482770483417,58.0,0.0,0.0,0.0,1.0,0.0,0.0,0.0,1.0,2.985,0.0,0.0,0.0,0.0,0.0,0.0,-0.46691564842769895,-0.4239203547200732,-0.40475349160895935,-0.4299157945290401,0.0,0.0,-0.14702902842515495,0.11759822243757949,-0.5634699026113135
109,rad_1,False,1,a9ebcF7RKU4,TransformType.LINEAR,a_vertebralis_l,task_idx_0202,21.056,14.333805886574533,False,,,23.17,0.578514,0.0,0.0,0.0,0.0,0.0,0.0,0.0,0.0,281.2297407928116,82.0,0.0,0.0,0.0,0.0,0.0,0.0,0.0,1.0,2.196,0.0,0.0,0.0,0.0,0.0,0.0,-0.46691564842769895,-0.451517339837474,-0.40475349160895935,-0.4299157945290401,0.0,0.0,-0.1805006956215354,0.3485183683150083,-0.5634699026113135
110,rad_1,False,1,a9ebcF7RKU4,TransformType.LINEAR,a_carotisexterna_r,task_idx_0203,16.915,4.179338435675941,True,,,7.57,0.578514,0.0,0.0,0.0,1.0,0.0,0.0,0.0,0.0,87.04185654471854,26.0,0.0,1.0,0.0,1.0,0.0,0.0,0.0,1.0,2.176,0.0,0.0,0.0,0.0,0.0,0.0,-0.46691564842769895,-0.4239203547200732,-0.40475349160895935,-0.4299157945290401,0.0,0.0,-0.31903426367067317,-0.19029530539899228,-0.5634699026113135
111,rad_1,False,1,a9ebcF7RKU4,TransformType.LINEAR,a_carotisexterna_l,task_idx_0204,5.319,4.596277210297575,True,,,4.71,0.578514,0.0,0.0,0.0,0.0,0.0,0.0,0.0,0.0,0.0,0.0,0.0,0.0,0.0,0.0,0.0,0.0,0.0,1.0,2.355,0.0,0.0,0.0,0.0,0.0,0.0,-0.46691564842769895,-0.451517339837474,-0.40475349160895935,-0.4299157945290401,0.0,0.0,-0.3811298933926365,-0.44045879676620686,-0.5634699026113135
112,rad_1,False,1,a9ebcF7RKU4,TransformType.LINEAR,lymph_node,task_idx_0205,5.687,,True,,,2.73,0.578514,0.0,0.0,0.0,0.0,0.0,0.0,0.0,0.0,0.0,0.0,0.0,0.0,0.0,0.0,0.0,0.0,0.0,1.0,2.352,0.0,0.0,0.0,0.0,0.0,0.0,-0.46691564842769895,-0.451517339837474,-0.40475349160895935,-0.4299157945290401,0.0,0.0,-0.3811298933926365,-0.44045879676620686,-0.5634699026113135
113,rad_1,False,1,a9ebcF7RKU4,TransformType.LINEAR,recurrence,task_idx_0206,112.183,,,tn,True,,0.578514,0.0,0.0,2434.6893337918355,55.0,1197.7382213228516,60.0,0.0,0.0,3776.383406690076,247.0,0.0,1.0,0.0,0.0,0.0,0.0,0.0,4.0,83.54,0.0,0.0,0.0,0.0,0.0,0.0,1.4306246723820872,1.0663168416195692,1.2801698817408016,1.4498779629258722,0.0,0.0,2.3129406953880425,1.9360943712223315,-0.5634699026113135
114,rad_1,False,1,pP5CHNLQspI,TransformType.LINEAR,a_vertebralis_r,task_idx_0207,18.978,2.0925080340413467,True,,,17.17,0.350168,0.0,0.0,0.0,0.0,0.0,0.0,0.0,0.0,173.85772916848998,48.0,0.0,0.0,0.0,0.0,1.0,0.0,0.0,1.0,3.658,0.0,0.0,0.0,0.0,0.0,0.0,-0.46691564842769895,-0.451517339837474,-0.40475349160895935,-0.4299157945290401,0.0,0.0,-0.257099850798112,0.02138149498865081,-0.5634699026113135
115,rad_1,False,1,pP5CHNLQspI,TransformType.LINEAR,a_vertebralis_l,task_idx_0208,18.162,15.18483427310545,False,,,15.39,0.350168,0.0,0.0,0.0,0.0,0.0,0.0,0.0,0.0,353.6751760959255,89.0,0.0,0.0,0.0,0.0,0.0,0.0,0.0,2.0,4.3420000000000005,0.0,0.0,0.0,0.0,0.0,0.0,-0.46691564842769895,-0.451517339837474,-0.40475349160895935,-0.4299157945290401,0.0,0.0,-0.1288181476589073,0.4158700775292584,-0.5634699026113135
116,rad_1,False,1,pP5CHNLQspI,TransformType.LINEAR,a_carotisexterna_r,task_idx_0209,29.917,3.44931885323874,True,,,9.61,0.350168,0.0,0.0,184.71599822430107,2.0,0.0,0.0,0.0,0.0,464.4214504742407,137.0,0.0,1.0,0.0,0.0,1.0,0.0,0.0,1.0,2.82,0.0,0.0,0.0,0.0,0.0,0.0,-0.3229522894625718,-0.3963233696026724,-0.40475349160895935,-0.4299157945290401,0.0,0.0,-0.04981179462518309,0.8777103692841162,-0.5634699026113135
117,rad_1,False,1,pP5CHNLQspI,TransformType.LINEAR,a_carotisexterna_l,task_idx_0210,59.741,5.529108063594243,False,,,7.83,0.350168,0.0,0.0,158.63673882744814,4.0,0.0,0.0,0.0,0.0,946.2172190587931,261.0,0.0,1.0,0.0,0.0,0.0,2.0,0.0,3.0,8.921,0.0,0.0,0.0,0.0,0.0,0.0,-0.34327785854259685,-0.34112939936787084,-0.40475349160895935,-0.4299157945290401,0.0,0.0,0.29390113654678407,2.0707977896508316,-0.5634699026113135
118,rad_1,False,1,pP5CHNLQspI,TransformType.LINEAR,lymph_node,task_idx_0211,13.662,,True,,,13.78,0.350168,0.0,0.0,0.0,0.0,0.0,0.0,0.0,0.0,0.0,0.0,0.0,1.0,1.0,0.0,0.0,0.0,0.0,1.0,2.977,0.0,0.0,0.0,0.0,0.0,0.0,-0.46691564842769895,-0.451517339837474,-0.40475349160895935,-0.4299157945290401,0.0,0.0,-0.3811298933926365,-0.44045879676620686,-0.5634699026113135
119,rad_1,False,1,pP5CHNLQspI,TransformType.LINEAR,recurrence,task_idx_0212,47.186,,,tp,True,,0.350168,0.0,0.0,2657.5971966509237,61.0,1184.7269469116964,58.0,0.0,0.0,2010.1570589974133,57.0,2.0,0.0,0.0,0.0,0.0,0.0,0.0,3.0,15.955,0.0,0.0,0.0,0.0,0.0,0.0,1.604353883632997,1.231898752323974,1.2618662157292,1.3872181710107085,0.0,0.0,1.0529154426505543,0.10797654969268662,-0.5447396011394692
120,rad_1,False,1,Of-K39ULY0Q,TransformType.LINEAR,a_vertebralis_r,task_idx_0213,7.579,3.077616542765972,True,,,3.37,0.75859,0.0,0.0,0.0,0.0,0.0,0.0,0.0,0.0,0.0,0.0,0.0,0.0,0.0,0.0,1.0,0.0,0.0,1.0,2.596,0.0,0.0,0.0,0.0,0.0,0.0,-0.46691564842769895,-0.451517339837474,-0.40475349160895935,-0.4299157945290401,0.0,0.0,-0.3811298933926365,-0.44045879676620686,-0.5634699026113135
121,rad_1,False,1,Of-K39ULY0Q,TransformType.LINEAR,a_vertebralis_l,task_idx_0214,5.319,3.1095429008499105,True,,,3.65,0.75859,0.0,0.0,0.0,0.0,0.0,0.0,0.0,0.0,0.0,0.0,0.0,0.0,0.0,0.0,0.0,0.0,0.0,1.0,2.61,0.0,0.0,0.0,0.0,0.0,0.0,-0.46691564842769895,-0.451517339837474,-0.40475349160895935,-0.4299157945290401,0.0,0.0,-0.3811298933926365,-0.44045879676620686,-0.5634699026113135
122,rad_1,False,1,Of-K39ULY0Q,TransformType.LINEAR,a_carotisexterna_r,task_idx_0215,9.494,2.8882682405508557,True,,,2.95,0.75859,0.0,0.0,1.0,2.0,0.0,0.0,0.0,0.0,0.0,0.0,0.0,1.0,0.0,1.0,0.0,0.0,0.0,1.0,3.257,0.0,0.0,0.0,0.0,0.0,0.0,-0.4661362716528171,-0.3963233696026724,-0.40475349160895935,-0.4299157945290401,0.0,0.0,-0.3811298933926365,-0.44045879676620686,-0.5634699026113135
123,rad_1,False,1,Of-K39ULY0Q,TransformType.LINEAR,a_carotisexterna_l,task_idx_0216,5.084,2.9895774952074405,True,,,2.59,0.75859,0.0,0.0,0.0,0.0,0.0,0.0,0.0,0.0,0.0,0.0,0.0,0.0,0.0,0.0,0.0,0.0,0.0,1.0,2.483,0.0,0.0,0.0,0.0,0.0,0.0,-0.46691564842769895,-0.451517339837474,-0.40475349160895935,-0.4299157945290401,0.0,0.0,-0.3811298933926365,-0.44045879676620686,-0.5634699026113135
124,rad_1,False,1,Of-K39ULY0Q,TransformType.LINEAR,lymph_node,task_idx_0217,7.019,,True,,,4.29,0.75859,0.0,0.0,0.0,0.0,0.0,0.0,0.0,0.0,0.0,0.0,0.0,0.0,0.0,0.0,0.0,0.0,0.0,1.0,4.321,0.0,0.0,0.0,0.0,0.0,0.0,-0.46691564842769895,-0.451517339837474,-0.40475349160895935,-0.4299157945290401,0.0,0.0,-0.3811298933926365,-0.44045879676620686,-0.5634699026113135
125,rad_1,False,1,Of-K39ULY0Q,TransformType.LINEAR,recurrence,task_idx_0218,133.765,,,fn,False,,0.75859,0.0,0.0,4162.481908107002,71.0,871.231627617955,52.0,33.0,11.0,6339.751055655273,401.0,0.0,3.0,0.0,0.0,0.0,0.0,0.0,5.0,96.008,0.0,0.0,0.0,0.0,0.0,0.0,2.777226076616555,1.5078686034979818,0.8208553324575792,1.1992387952652173,0.0,0.0,4.141646270959324,3.4178319739358334,-0.5634699026113135
126,rad_1,False,1,TwU508CCA9Y,TransformType.NONLINEAR,a_vertebralis_r,task_idx_0219,9.004,3.5072300221145256,True,,,1.11,0.909549,0.0,0.0,0.0,0.0,0.0,0.0,0.0,0.0,0.0,0.0,0.0,0.0,0.0,0.0,1.0,0.0,0.0,1.0,4.258,0.0,0.0,0.0,0.0,0.0,0.0,-0.45874937071376254,-0.4478826797532537,-0.38601297052238326,-0.40014984902494644,-0.11867816581938535,-0.1186781658193853,-0.3659592128168157,-0.3775860352686978,-0.38458784186606676
127,rad_1,False,1,TwU508CCA9Y,TransformType.NONLINEAR,a_vertebralis_l,task_idx_0220,12.424,10.588595867381963,False,,,1.89,0.909549,0.0,0.0,0.0,0.0,0.0,0.0,0.0,0.0,39.41421356237309,16.0,0.0,0.0,0.0,0.0,0.0,0.0,0.0,1.0,3.007,0.0,0.0,0.0,0.0,0.0,0.0,-0.45874937071376254,-0.4478826797532537,-0.38601297052238326,-0.40014984902494644,-0.11867816581938535,-0.1186781658193853,-0.3416118408048921,-0.22111872856742446,-0.38458784186606676
128,rad_1,False,1,TwU508CCA9Y,TransformType.NONLINEAR,a_carotisexterna_r,task_idx_0221,13.593,0.8266810414828561,True,,,1.09,0.909549,0.0,0.0,0.0,0.0,0.0,0.0,0.0,0.0,79.70632948568354,35.0,0.0,1.0,0.0,1.0,0.0,0.0,0.0,1.0,3.277,0.0,0.0,0.0,0.0,0.0,0.0,-0.45874937071376254,-0.4478826797532537,-0.38601297052238326,-0.40014984902494644,-0.11867816581938535,-0.1186781658193853,-0.3167221615022734,-0.03531380185966241,-0.38458784186606676
129,rad_1,False,1,TwU508CCA9Y,TransformType.NONLINEAR,a_carotisexterna_l,task_idx_0222,8.838,1.4459458565298275,True,,,0.95,0.909549,0.0,0.0,0.0,0.0,0.0,0.0,0.0,0.0,0.0,0.0,0.0,0.0,0.0,0.0,0.0,0.0,0.0,1.0,2.535,0.0,0.0,0.0,0.0,0.0,0.0,-0.45874937071376254,-0.4478826797532537,-0.38601297052238326,-0.40014984902494644,-0.11867816581938535,-0.1186781658193853,-0.3659592128168157,-0.3775860352686978,-0.38458784186606676
130,rad_1,False,1,TwU508CCA9Y,TransformType.NONLINEAR,lymph_node,task_idx_0223,5.393,,True,,,0.26,0.909549,0.0,0.0,0.0,0.0,0.0,0.0,0.0,0.0,0.0,0.0,0.0,0.0,0.0,0.0,0.0,0.0,0.0,1.0,2.106,0.0,0.0,0.0,0.0,0.0,0.0,-0.45874937071376254,-0.4478826797532537,-0.38601297052238326,-0.40014984902494644,-0.11867816581938535,-0.1186781658193853,-0.3659592128168157,-0.3775860352686978,-0.38458784186606676
131,rad_1,False,1,TwU508CCA9Y,TransformType.NONLINEAR,recurrence,task_idx_0224,151.134,,,fn,False,,0.909549,0.0,0.0,3851.33922749896,118.0,1546.4061104441394,69.0,0.0,0.0,9285.662804472724,617.0,2.0,1.0,0.0,0.0,0.0,0.0,0.0,5.0,98.657,0.0,0.0,0.0,0.0,0.0,0.0,2.0186163882554897,2.333704489240638,1.3186937389754683,1.3330188083036794,-0.11867816581938535,-0.1186781658193853,5.3700803080531045,5.656184479399155,-0.3719438580238947
132,rad_1,False,1,fEHc3cCOu-M,TransformType.NONLINEAR,a_vertebralis_r,task_idx_0225,7.403,2.0763085831294794,True,,,1.59,0.910319,0.0,0.0,0.0,0.0,0.0,0.0,0.0,0.0,0.0,0.0,0.0,0.0,0.0,0.0,1.0,0.0,0.0,1.0,2.516,0.0,0.0,0.0,0.0,0.0,0.0,-0.45874937071376254,-0.4478826797532537,-0.38601297052238326,-0.40014984902494644,-0.11867816581938535,-0.1186781658193853,-0.3659592128168157,-0.3775860352686978,-0.38458784186606676
133,rad_1,False,1,fEHc3cCOu-M,TransformType.NONLINEAR,a_vertebralis_l,task_idx_0226,5.261,2.6663423785856857,True,,,2.67,0.910319,0.0,0.0,0.0,0.0,0.0,0.0,0.0,0.0,0.0,0.0,0.0,0.0,0.0,0.0,0.0,0.0,0.0,1.0,2.509,0.0,0.0,0.0,0.0,0.0,0.0,-0.45874937071376254,-0.4478826797532537,-0.38601297052238326,-0.40014984902494644,-0.11867816581938535,-0.1186781658193853,-0.3659592128168157,-0.3775860352686978,-0.38458784186606676
134,rad_1,False,1,fEHc3cCOu-M,TransformType.NONLINEAR,a_carotisexterna_r,task_idx_0227,15.861,1.9731108256926104,True,,,1.62,0.910319,0.0,0.0,0.0,1.0,0.0,0.0,0.0,0.0,82.28469515504085,36.0,0.0,1.0,0.0,1.0,0.0,0.0,0.0,1.0,2.301,0.0,0.0,0.0,0.0,0.0,0.0,-0.45874937071376254,-0.4243099071346614,-0.38601297052238326,-0.40014984902494644,-0.11867816581938535,-0.1186781658193853,-0.31512942572345926,-0.02553459519083283,-0.38458784186606676
135,rad_1,False,1,fEHc3cCOu-M,TransformType.NONLINEAR,a_carotisexterna_l,task_idx_0228,8.716,0.8056512561300595,True,,,1.72,0.910319,0.0,0.0,0.0,0.0,0.0,0.0,0.0,0.0,0.0,0.0,0.0,0.0,0.0,0.0,0.0,0.0,0.0,1.0,2.332,0.0,0.0,0.0,0.0,0.0,0.0,-0.45874937071376254,-0.4478826797532537,-0.38601297052238326,-0.40014984902494644,-0.11867816581938535,-0.1186781658193853,-0.3659592128168157,-0.3775860352686978,-0.38458784186606676
136,rad_1,False,1,fEHc3cCOu-M,TransformType.NONLINEAR,lymph_node,task_idx_0229,4.809,,True,,,2.33,0.910319,0.0,0.0,0.0,0.0,0.0,0.0,0.0,0.0,0.0,0.0,0.0,0.0,0.0,0.0,0.0,0.0,0.0,1.0,2.136,0.0,0.0,0.0,0.0,0.0,0.0,-0.45874937071376254,-0.4478826797532537,-0.38601297052238326,-0.40014984902494644,-0.11867816581938535,-0.1186781658193853,-0.3659592128168157,-0.3775860352686978,-0.38458784186606676
137,rad_1,False,1,fEHc3cCOu-M,TransformType.NONLINEAR,recurrence,task_idx_0230,178.457,,,tn,True,,0.910319,0.0,0.0,3965.365877588977,103.0,1429.3584316870713,57.0,0.0,0.0,5907.309205624689,415.0,0.0,1.0,0.0,0.0,0.0,0.0,0.0,7.0,133.19,0.0,0.0,0.0,0.0,0.0,0.0,2.0919637881744584,1.9801128999617532,1.1896642673763056,1.031598172246527,-0.11867816581938535,-0.1186781658193853,3.283167379324822,3.680784732295579,-0.38458784186606676
138,rad_1,False,1,SzZUcvM5JpU,TransformType.LINEAR,a_vertebralis_r,task_idx_0237,12.254,2.8839590487638667,True,,,6.47,0.51523,0.0,0.0,0.0,1.0,0.0,0.0,0.0,0.0,36.655528065296366,17.0,0.0,0.0,0.0,0.0,1.0,0.0,0.0,1.0,2.467,0.0,0.0,0.0,0.0,0.0,0.0,-0.46691564842769895,-0.4239203547200732,-0.40475349160895935,-0.4299157945290401,0.0,0.0,-0.3549798526149988,-0.2768903601030281,-0.5634699026113135
139,rad_1,False,1,SzZUcvM5JpU,TransformType.LINEAR,a_vertebralis_l,task_idx_0238,15.154,2.3596219798960205,True,,,20.33,0.51523,0.0,0.0,0.0,1.0,0.0,0.0,0.0,0.0,0.0,0.0,0.0,0.0,0.0,0.0,0.0,0.0,0.0,2.0,5.536,0.0,0.0,0.0,0.0,0.0,0.0,-0.46691564842769895,-0.4239203547200732,-0.40475349160895935,-0.4299157945290401,0.0,0.0,-0.3811298933926365,-0.44045879676620686,-0.5634699026113135
140,rad_1,False,1,SzZUcvM5JpU,TransformType.LINEAR,a_carotisexterna_r,task_idx_0239,19.063,2.477073560742216,True,,,4.49,0.51523,0.0,0.0,939.2528162478964,4.0,54.17035720882919,9.0,0.0,0.0,345.8750314604457,68.0,0.0,1.0,0.0,1.0,0.0,0.0,0.0,1.0,2.51,0.0,0.0,0.0,0.0,0.0,0.0,0.26511618229822953,-0.34112939936787084,-0.328549109567068,-0.14794673091080326,0.0,0.0,-0.13438276808739816,0.21381494988650818,-0.5634699026113135
141,rad_1,False,1,SzZUcvM5JpU,TransformType.LINEAR,a_carotisexterna_l,task_idx_0240,13.76,2.0688518286890725,True,,,7.97,0.51523,0.0,0.0,0.0,1.0,0.0,0.0,0.0,0.0,219.3889306093343,46.0,0.0,0.0,0.0,0.0,0.0,0.0,0.0,1.0,2.136,0.0,0.0,0.0,0.0,0.0,0.0,-0.46691564842769895,-0.4239203547200732,-0.40475349160895935,-0.4299157945290401,0.0,0.0,-0.22461790776861965,0.002138149498865074,-0.5634699026113135
142,rad_1,False,1,SzZUcvM5JpU,TransformType.LINEAR,lymph_node,task_idx_0241,10.137,,True,,,5.32,0.51523,0.0,0.0,0.0,0.0,0.0,0.0,0.0,0.0,0.0,0.0,0.0,0.0,0.0,0.0,0.0,0.0,0.0,1.0,3.252,0.0,0.0,0.0,0.0,0.0,0.0,-0.46691564842769895,-0.451517339837474,-0.40475349160895935,-0.4299157945290401,0.0,0.0,-0.3811298933926365,-0.44045879676620686,-0.5634699026113135
143,rad_1,False,1,SzZUcvM5JpU,TransformType.LINEAR,recurrence,task_idx_0242,84.743,,,fp,False,,0.51523,0.0,0.0,1198.9712468016885,43.0,698.5176165935661,57.0,0.0,0.0,3137.9677030218068,170.0,1.0,1.0,0.0,0.0,0.0,2.0,0.0,3.0,37.612,0.0,0.0,0.0,0.0,0.0,0.0,0.4675346950806054,0.7351530202107599,0.5778891576296831,1.3558882750531267,0.0,0.0,1.857495157834456,1.1952255698655807,-0.5541047518753913
144,rad_2,True,1,hkvdD_XVYqo,TransformType.NONLINEAR,a_vertebralis_r,task_idx_0039,63.486,9.729804933282272,False,,,57.4,0.537062,0.0,0.0,54.009433122794285,3.0,70.0,12.0,1613.8868634289108,77.0,3102.2209487767354,293.0,8.0,2.0,0.0,0.0,0.0,0.0,0.0,2.0,6.18,0.0,0.0,0.0,0.0,0.0,0.0,-0.23291807611161158,-0.0860951173173471,0.2991499874653508,0.9424283376583851,0.0,0.0,0.8054809145098382,0.6348798065562009,0.7845109769826367
145,rad_2,True,1,hkvdD_XVYqo,TransformType.NONLINEAR,a_vertebralis_l,task_idx_0040,22.608,2.7921043002816424,True,,,64.78,0.537062,0.0,0.0,0.0,1.0,0.0,0.0,0.0,0.0,822.650618066667,118.0,0.0,0.0,0.0,0.0,0.0,0.0,0.0,1.0,1.964,0.0,0.0,0.0,0.0,0.0,0.0,-0.3732512619222552,-0.2998485120362779,-0.3827478051390301,-0.4590485706666488,0.0,0.0,-0.1775632233460342,-0.13164813160095995,-0.5367706684618041
146,rad_2,True,1,hkvdD_XVYqo,TransformType.NONLINEAR,a_carotisexterna_r,task_idx_0041,14.7,1.7812066898250571,True,,,3.97,0.537062,0.0,0.0,0.0,0.0,0.0,0.0,0.0,0.0,164.79183940215827,28.0,0.0,0.0,0.0,0.0,0.0,0.0,0.0,1.0,2.313,0.0,0.0,0.0,0.0,0.0,0.0,-0.3732512619222552,-0.4067252093957433,-0.3827478051390301,-0.4590485706666488,0.0,0.0,-0.46125888616058125,-0.5258624997960712,-0.5367706684618041
147,rad_2,True,1,hkvdD_XVYqo,TransformType.NONLINEAR,a_carotisexterna_l,task_idx_0042,10.849,1.9183847997027477,True,,,2.29,0.537062,0.0,0.0,0.0,0.0,0.0,0.0,0.0,0.0,115.13628617669336,27.0,0.0,0.0,0.0,0.0,0.0,0.0,0.0,1.0,1.896,0.0,0.0,0.0,0.0,0.0,0.0,-0.3732512619222552,-0.4067252093957433,-0.3827478051390301,-0.4590485706666488,0.0,0.0,-0.48267239547532936,-0.5302426594426836,-0.5367706684618041
148,rad_2,True,1,hkvdD_XVYqo,TransformType.NONLINEAR,lymph_node,task_idx_0043,17.021,,True,,,3.2,0.537062,0.0,0.0,0.0,0.0,0.0,0.0,0.0,0.0,155.87538959543784,42.0,6.0,0.0,0.0,0.0,0.0,0.0,0.0,1.0,2.152,0.0,0.0,0.0,0.0,0.0,0.0,-0.3732512619222552,-0.4067252093957433,-0.3827478051390301,-0.4590485706666488,0.0,0.0,-0.4651040246916887,-0.4645402647434984,0.45419056562152654
149,rad_2,True,1,hkvdD_XVYqo,TransformType.NONLINEAR,recurrence,task_idx_0044,238.0,,,tn,True,,0.537062,0.0,0.0,362.53309370566114,18.0,385.63227207362905,33.0,3509.3004829939364,263.0,7848.6227862536625,1109.0,6.0,2.0,0.0,2.0,0.0,0.0,0.0,7.0,183.029,0.0,0.0,0.0,0.0,0.0,0.0,0.5687216687292315,1.5170553430746339,3.3738492674898226,3.395012927227194,0.0,0.0,2.8523238828452944,4.209090078191877,0.45419056562152654
150,rad_2,True,1,ccucLKGWtSQ,TransformType.LINEAR,a_vertebralis_r,task_idx_0045,32.593,20.24877125600652,False,,,44.55,0.389247,0.0,0.0,79.44989563749198,12.0,0.0,0.0,1442.5517155175291,87.0,961.939938224405,169.0,13.0,0.0,0.0,0.0,0.0,0.0,0.0,1.0,2.296,0.0,0.0,0.0,0.0,0.0,0.0,-0.10273993998491544,1.1005418673536709,-0.39343582899911195,-0.46703062690936226,0.0,0.0,-0.19090391217187577,-0.08237279788508742,0.9086755074765062
151,rad_2,True,1,ccucLKGWtSQ,TransformType.LINEAR,a_vertebralis_l,task_idx_0046,53.912,28.20911852809151,False,,,47.14,0.389247,0.0,0.0,0.0,0.0,0.0,0.0,0.0,0.0,2034.4212625323185,474.0,0.0,0.0,0.0,0.0,0.0,0.0,0.0,1.0,2.289,0.0,0.0,0.0,0.0,0.0,0.0,-0.2956521980358729,-0.3992502042450226,-0.39343582899911195,-0.46703062690936226,0.0,0.0,0.1973926894419609,0.8467009779528789,-0.49251110701774387
152,rad_2,True,1,ccucLKGWtSQ,TransformType.LINEAR,a_carotisexterna_r,task_idx_0047,28.563,0.5419069974354841,True,,,10.95,0.389247,0.0,0.0,0.0,0.0,257.65552205023715,20.0,0.0,0.0,362.0324098225582,71.0,5.0,0.0,0.0,0.0,0.0,0.0,0.0,2.0,4.795,0.0,0.0,0.0,0.0,0.0,0.0,-0.2956521980358729,-0.3992502042450226,1.5074765245279698,1.7024019626050946,0.0,0.0,-0.40810308317964494,-0.3808948635641716,0.04640682163389074
153,rad_2,True,1,ccucLKGWtSQ,TransformType.LINEAR,a_carotisexterna_l,task_idx_0048,23.099,1.897103314329116,True,,,11.49,0.389247,0.0,0.0,0.0,0.0,46.68915911351886,10.0,115.6805443527217,14.0,455.44401767967247,96.0,16.0,0.0,0.0,0.0,0.0,0.0,0.0,1.0,2.017,0.0,0.0,0.0,0.0,0.0,0.0,-0.2956521980358729,-0.3992502042450226,-0.04897591357228541,0.6176856678478663,0.0,0.0,-0.3742829978689676,-0.30474127538073176,1.2320262646674869
154,rad_2,True,1,ccucLKGWtSQ,TransformType.LINEAR,lymph_node,task_idx_0049,62.252,,True,,,11.63,0.389247,0.0,0.0,0.0,0.0,0.0,0.0,0.0,0.0,1912.204447608529,415.0,27.0,0.0,0.0,0.0,0.0,0.0,0.0,1.0,2.102,0.0,0.0,0.0,0.0,0.0,0.0,-0.2956521980358729,-0.3992502042450226,-0.39343582899911195,-0.46703062690936226,0.0,0.0,0.15314355165338556,0.6669785098399608,2.4176457077010833
155,rad_2,True,1,ccucLKGWtSQ,TransformType.LINEAR,recurrence,task_idx_0050,212.336,,,tn,True,,0.389247,0.0,0.0,477.9329724056624,25.0,282.6571830318179,29.0,3110.9433356267537,484.0,7583.141671061096,1287.0,0.0,1.0,0.0,1.0,0.0,0.0,0.0,5.0,115.053,0.0,0.0,0.0,0.0,0.0,0.0,0.8648166504628279,2.725316611585589,1.6919319782298947,2.6786466278866,0.0,0.0,2.2063314272119854,3.3232156656783425,-0.49251110701774387
156,rad_2,True,1,CSSdmYlgjew,TransformType.NONLINEAR,a_vertebralis_r,task_idx_0057,30.204,2.2369098392901434,True,,,34.43,0.688797,0.0,0.0,0.0,0.0,0.0,0.0,72.05222634751632,24.0,605.7723736759988,137.0,3.0,1.0,0.0,1.0,0.0,0.0,0.0,2.0,5.619,0.0,0.0,0.0,0.0,0.0,0.0,-0.3732512619222552,-0.4067252093957433,-0.3827478051390301,-0.4590485706666488,0.0,0.0,-0.2710900094708164,-0.04842509831532535,-0.04129005142013878
157,rad_2,True,1,CSSdmYlgjew,TransformType.NONLINEAR,a_vertebralis_l,task_idx_0058,21.826,2.41373012591238,True,,,36.09,0.688797,0.0,0.0,0.0,0.0,0.0,0.0,0.0,0.0,537.0978627621306,127.0,1.0,0.0,0.0,0.0,0.0,0.0,0.0,1.0,2.079,0.0,0.0,0.0,0.0,0.0,0.0,-0.3732512619222552,-0.4067252093957433,-0.3827478051390301,-0.4590485706666488,0.0,0.0,-0.3007052726914815,-0.09222669478144882,-0.371610462781249
158,rad_2,True,1,CSSdmYlgjew,TransformType.NONLINEAR,a_carotisexterna_r,task_idx_0059,21.893,0.5022527305872121,True,,,3.63,0.688797,0.0,0.0,0.0,0.0,52.91525274134848,11.0,0.0,0.0,253.78618744189475,61.0,5.0,3.0,0.0,1.0,0.0,0.0,0.0,1.0,1.89,0.0,0.0,0.0,0.0,0.0,0.0,-0.3732512619222552,-0.4067252093957433,0.13272068113851912,0.8256385952979656,0.0,0.0,-0.42288087651368556,-0.3813172314578638,0.2890303599409714
159,rad_2,True,1,CSSdmYlgjew,TransformType.NONLINEAR,a_carotisexterna_l,task_idx_0060,14.981,4.644764366393051,True,,,3.96,0.688797,0.0,0.0,0.0,0.0,0.0,0.0,0.0,0.0,221.6322217495949,47.0,0.0,0.0,0.0,0.0,0.0,0.0,0.0,1.0,2.359,0.0,0.0,0.0,0.0,0.0,0.0,-0.3732512619222552,-0.4067252093957433,-0.3827478051390301,-0.4590485706666488,0.0,0.0,-0.4367469841115978,-0.4426394665104367,-0.5367706684618041
160,rad_2,True,1,CSSdmYlgjew,TransformType.NONLINEAR,lymph_node,task_idx_0061,9.096,,True,,,1.04,0.688797,0.0,0.0,0.0,0.0,0.0,0.0,0.0,0.0,0.0,0.0,0.0,0.0,0.0,0.0,0.0,0.0,0.0,1.0,2.225,0.0,0.0,0.0,0.0,0.0,0.0,-0.3732512619222552,-0.4067252093957433,-0.3827478051390301,-0.4590485706666488,0.0,0.0,-0.5323238800799911,-0.648506969901217,-0.5367706684618041
161,rad_2,True,1,CSSdmYlgjew,TransformType.NONLINEAR,recurrence,task_idx_0062,193.994,,,tn,True,,0.688797,0.0,0.0,1151.887099684646,7.0,181.8559875516011,23.0,781.1653125379371,68.0,11707.577644311265,921.0,0.0,5.0,0.0,3.0,0.0,2.0,0.0,5.0,158.413,0.0,0.0,0.0,0.0,0.0,0.0,2.6197071352786665,0.3414116721205145,1.3887835731942064,2.2271155036229993,0.0,0.0,4.516463348234069,3.3856200646287555,-0.5367706684618041
162,rad_2,True,1,96-du2ceM4o,TransformType.LINEAR,a_vertebralis_r,task_idx_0063,11.043,3.023357858702545,True,,,3.32,0.746992,0.0,0.0,0.0,0.0,0.0,0.0,0.0,1.0,0.0,0.0,0.0,0.0,0.0,1.0,1.0,0.0,0.0,1.0,2.178,0.0,0.0,0.0,0.0,0.0,0.0,-0.2956521980358729,-0.3992502042450226,-0.39343582899911195,-0.46703062690936226,0.0,0.0,-0.5391785165899962,-0.5971710540051408,-0.49251110701774387
163,rad_2,True,1,96-du2ceM4o,TransformType.LINEAR,a_vertebralis_l,task_idx_0064,15.373,2.746739215106154,True,,,3.52,0.746992,0.0,0.0,0.0,0.0,0.0,0.0,0.0,0.0,132.30733933685158,31.0,0.0,0.0,0.0,0.0,0.0,0.0,0.0,1.0,2.213,0.0,0.0,0.0,0.0,0.0,0.0,-0.2956521980358729,-0.3992502042450226,-0.39343582899911195,-0.46703062690936226,0.0,0.0,-0.49127605985843414,-0.5027406046576754,-0.49251110701774387
164,rad_2,True,1,96-du2ceM4o,TransformType.LINEAR,a_carotisexterna_r,task_idx_0065,21.388,0.8552726160007847,True,,,6.18,0.746992,0.0,0.0,43.16227766016838,13.0,0.0,0.0,0.0,0.0,262.26699221549376,71.0,0.0,1.0,0.0,1.0,0.0,0.0,0.0,1.0,2.022,0.0,0.0,0.0,0.0,0.0,0.0,-0.19084988987379356,1.2255245399868955,-0.39343582899911195,-0.46703062690936226,0.0,0.0,-0.4442235933809829,-0.3808948635641716,-0.49251110701774387
165,rad_2,True,1,96-du2ceM4o,TransformType.LINEAR,a_carotisexterna_l,task_idx_0066,8.049,0.4248204511688221,True,,,2.23,0.746992,0.0,0.0,0.0,0.0,0.0,0.0,0.0,0.0,0.0,0.0,0.0,0.0,0.0,0.0,0.0,0.0,0.0,1.0,2.294,0.0,0.0,0.0,0.0,0.0,0.0,-0.2956521980358729,-0.3992502042450226,-0.39343582899911195,-0.46703062690936226,0.0,0.0,-0.5391785165899962,-0.5971710540051408,-0.49251110701774387
166,rad_2,True,1,96-du2ceM4o,TransformType.LINEAR,lymph_node,task_idx_0067,13.095,,True,,,2.22,0.746992,0.0,0.0,0.0,0.0,0.0,0.0,0.0,0.0,104.90805461432736,23.0,0.0,0.0,0.0,0.0,0.0,0.0,0.0,1.0,2.596,0.0,0.0,0.0,0.0,0.0,0.0,-0.2956521980358729,-0.3992502042450226,-0.39343582899911195,-0.46703062690936226,0.0,0.0,-0.5011960919403649,-0.5271097528763762,-0.49251110701774387
167,rad_2,True,1,96-du2ceM4o,TransformType.LINEAR,recurrence,task_idx_0068,297.99,,,tn,True,,0.746992,0.0,0.0,890.0812123563086,38.0,141.58266591570822,18.0,6431.390676837329,363.0,12241.896261483327,1467.0,0.0,2.0,0.0,2.0,0.0,3.0,1.0,7.0,157.49,0.0,0.0,0.0,0.0,0.0,0.0,1.865553617864046,4.350091355817507,0.6511225664230975,1.485458703653649,0.0,0.0,3.8930541087292343,3.8715215005991097,-0.49251110701774387
168,rad_2,True,1,WeMcC01ZNgY,TransformType.NONLINEAR,a_vertebralis_r,task_idx_0069,50.553,3.9345763338912416,True,,,1.07,0.868332,0.0,0.0,115.60303025955268,6.0,0.0,0.0,322.5170122853024,38.0,1675.3946108389766,285.0,0.0,1.0,0.0,1.0,0.0,0.0,0.0,1.0,4.288,0.0,0.0,0.0,0.0,0.0,0.0,-0.07287889014039908,0.23453497476104906,-0.3827478051390301,-0.4590485706666488,0.0,0.0,0.19017492971437613,0.5998385293833022,-0.5367706684618041
169,rad_2,True,1,WeMcC01ZNgY,TransformType.NONLINEAR,a_vertebralis_l,task_idx_0070,18.804,2.240060048717021,True,,,23.68,0.868332,0.0,0.0,0.0,0.0,0.0,0.0,0.0,0.0,227.09046517100765,73.0,0.0,0.0,0.0,0.0,0.0,0.0,0.0,1.0,2.399,0.0,0.0,0.0,0.0,0.0,0.0,-0.3732512619222552,-0.4067252093957433,-0.3827478051390301,-0.4590485706666488,0.0,0.0,-0.43439316588273064,-0.3287553156985156,-0.5367706684618041
170,rad_2,True,1,WeMcC01ZNgY,TransformType.NONLINEAR,a_carotisexterna_r,task_idx_0071,18.744,0.8042555955220523,True,,,2.13,0.868332,0.0,0.0,106.73219787654396,11.0,78.63600044236757,13.0,255.8084895648348,40.0,115.88732949607304,22.0,0.0,1.0,0.0,1.0,0.0,0.0,0.0,1.0,3.253,0.0,0.0,0.0,0.0,0.0,0.0,-0.0959280520575318,0.7689184615583761,0.38327669658793523,1.0592180800188045,0.0,0.0,-0.48234851482008234,-0.5521434576757454,-0.5367706684618041
171,rad_2,True,1,WeMcC01ZNgY,TransformType.NONLINEAR,a_carotisexterna_l,task_idx_0072,7.673,1.6336275685447186,True,,,1.18,0.868332,0.0,0.0,0.0,0.0,0.0,0.0,0.0,0.0,0.0,0.0,6.0,0.0,0.0,0.0,0.0,0.0,0.0,1.0,2.272,0.0,0.0,0.0,0.0,0.0,0.0,-0.3732512619222552,-0.4067252093957433,-0.3827478051390301,-0.4590485706666488,0.0,0.0,-0.5323238800799911,-0.648506969901217,0.45419056562152654
172,rad_2,True,1,WeMcC01ZNgY,TransformType.NONLINEAR,lymph_node,task_idx_0073,8.533,,True,,,1.25,0.868332,0.0,0.0,0.0,0.0,0.0,0.0,0.0,0.0,0.0,0.0,0.0,0.0,0.0,0.0,0.0,0.0,0.0,1.0,3.443,0.0,0.0,0.0,0.0,0.0,0.0,-0.3732512619222552,-0.4067252093957433,-0.3827478051390301,-0.4590485706666488,0.0,0.0,-0.5323238800799911,-0.648506969901217,-0.5367706684618041
173,rad_2,True,1,WeMcC01ZNgY,TransformType.NONLINEAR,recurrence,task_idx_0074,26.374,,,tp,True,,0.868332,0.0,0.0,103.42189089194544,9.0,64.8065961585505,17.0,0.0,1.0,779.9926511073188,122.0,10.0,0.0,0.0,0.0,0.0,0.0,0.0,1.0,2.437,0.0,0.0,0.0,0.0,0.0,0.0,-0.10452925185357036,0.5551650668394452,0.24855897867124335,1.5263770494604825,0.0,0.0,-0.195959086718749,-0.11412749301451057,1.114831388343747
174,rad_2,True,1,CD8Gu0llvgk,TransformType.LINEAR,a_vertebralis_r,task_idx_0075,22.006,1.508183285180233,True,,,9.66,0.541002,0.0,0.0,0.0,0.0,0.0,0.0,406.747388916179,51.0,271.41445999837595,49.0,12.0,1.0,0.0,1.0,0.0,0.0,0.0,1.0,2.403,0.0,0.0,0.0,0.0,0.0,0.0,-0.2956521980358729,-0.3992502042450226,-0.39343582899911195,-0.46703062690936226,0.0,0.0,-0.4409117122573117,-0.4479100211655987,0.8008919217461792
175,rad_2,True,1,CD8Gu0llvgk,TransformType.LINEAR,a_vertebralis_l,task_idx_0076,19.793,18.18536747643617,False,,,15.96,0.541002,0.0,0.0,0.0,0.0,0.0,0.0,0.0,0.0,407.64598699991615,109.0,0.0,0.0,0.0,0.0,0.0,0.0,0.0,1.0,2.038,0.0,0.0,0.0,0.0,0.0,0.0,-0.2956521980358729,-0.3992502042450226,-0.39343582899911195,-0.46703062690936226,0.0,0.0,-0.39158848604496005,-0.26514140952534304,-0.49251110701774387
176,rad_2,True,1,CD8Gu0llvgk,TransformType.LINEAR,a_carotisexterna_r,task_idx_0077,13.439,1.9654374573398328,True,,,3.46,0.541002,0.0,0.0,0.0,0.0,0.0,0.0,0.0,0.0,0.0,0.0,8.0,1.0,0.0,1.0,0.0,0.0,0.0,1.0,2.293,0.0,0.0,0.0,0.0,0.0,0.0,-0.2956521980358729,-0.3992502042450226,-0.39343582899911195,-0.46703062690936226,0.0,0.0,-0.5391785165899962,-0.5971710540051408,0.3697575788248715
177,rad_2,True,1,CD8Gu0llvgk,TransformType.LINEAR,a_carotisexterna_l,task_idx_0078,12.123,1.691317414218877,True,,,7.07,0.541002,0.0,0.0,0.0,0.0,0.0,0.0,0.0,0.0,0.0,0.0,0.0,0.0,0.0,0.0,0.0,0.0,0.0,1.0,2.626,0.0,0.0,0.0,0.0,0.0,0.0,-0.2956521980358729,-0.3992502042450226,-0.39343582899911195,-0.46703062690936226,0.0,0.0,-0.5391785165899962,-0.5971710540051408,-0.49251110701774387
178,rad_2,True,1,CD8Gu0llvgk,TransformType.LINEAR,lymph_node,task_idx_0079,16.415,,False,,,1.69,0.541002,0.0,0.0,0.0,0.0,171.8064257870278,21.0,0.0,0.0,0.0,0.0,20.0,0.0,0.0,0.0,0.0,0.0,0.0,1.0,2.247,0.0,0.0,0.0,0.0,0.0,0.0,-0.2956521980358729,-0.3992502042450226,0.8741052452038978,1.8108735920808174,0.0,0.0,-0.5391785165899962,-0.5971710540051408,1.6631606075887946
179,rad_2,True,1,CD8Gu0llvgk,TransformType.LINEAR,recurrence,task_idx_0080,283.762,,,tn,True,,0.541002,0.0,0.0,2564.87794893886,37.0,617.0495425191389,42.0,11539.65063396492,435.0,11973.210489784562,1418.0,2.0,6.0,0.0,2.0,0.0,1.0,1.0,8.0,226.621,0.0,0.0,0.0,0.0,0.0,0.0,5.932126866804232,4.225108683184283,4.158987844203454,4.088777811070997,0.0,0.0,3.7957752380505796,3.7222604677595674,-0.27694393555709
180,rad_2,True,1,TMxGak0IQOg,TransformType.LINEAR,a_vertebralis_r,task_idx_0081,54.811,21.986731534185957,False,,,8.41,0.733705,0.0,0.0,305.66577748440096,11.0,0.0,0.0,0.0,0.0,1984.8902832255844,442.0,10.0,1.0,0.0,1.0,0.0,0.0,0.0,1.0,2.096,0.0,0.0,0.0,0.0,0.0,0.0,0.4465347472115572,0.9755591947204465,-0.39343582899911195,-0.46703062690936226,0.0,0.0,0.1794597795595243,0.7492243850780758,0.5853247502855253
181,rad_2,True,1,TMxGak0IQOg,TransformType.LINEAR,a_vertebralis_l,task_idx_0082,21.519,2.702554278111417,True,,,13.27,0.733705,0.0,0.0,0.0,0.0,0.0,0.0,1494.2578341965882,95.0,484.8467816070186,102.0,3.0,0.0,0.0,0.0,0.0,0.0,0.0,1.0,2.098,0.0,0.0,0.0,0.0,0.0,0.0,-0.2956521980358729,-0.3992502042450226,-0.39343582899911195,-0.46703062690936226,0.0,0.0,-0.3636375972896989,-0.2864644142167062,-0.16916034982676312
182,rad_2,True,1,TMxGak0IQOg,TransformType.LINEAR,a_carotisexterna_r,task_idx_0083,13.533,1.189653198407084,True,,,2.03,0.733705,0.0,0.0,0.0,0.0,0.0,0.0,0.0,1.0,48.40240304338688,11.0,4.0,1.0,0.0,1.0,0.0,0.0,0.0,1.0,3.185,0.0,0.0,0.0,0.0,0.0,0.0,-0.2956521980358729,-0.3992502042450226,-0.39343582899911195,-0.46703062690936226,0.0,0.0,-0.521654212729676,-0.5636634752044273,-0.061376764096436186
183,rad_2,True,1,TMxGak0IQOg,TransformType.LINEAR,a_carotisexterna_l,task_idx_0084,11.508,1.7457116165464086,True,,,5.75,0.733705,0.0,0.0,0.0,0.0,0.0,0.0,0.0,0.0,0.0,0.0,12.0,0.0,0.0,0.0,0.0,0.0,0.0,1.0,2.258,0.0,0.0,0.0,0.0,0.0,0.0,-0.2956521980358729,-0.3992502042450226,-0.39343582899911195,-0.46703062690936226,0.0,0.0,-0.5391785165899962,-0.5971710540051408,0.8008919217461792
184,rad_2,True,1,TMxGak0IQOg,TransformType.LINEAR,lymph_node,task_idx_0085,15.119,,True,,,17.51,0.733705,0.0,0.0,0.0,0.0,0.0,0.0,0.0,0.0,0.0,0.0,28.0,0.0,0.0,0.0,0.0,0.0,0.0,1.0,2.285,0.0,0.0,0.0,0.0,0.0,0.0,-0.2956521980358729,-0.3992502042450226,-0.39343582899911195,-0.46703062690936226,0.0,0.0,-0.5391785165899962,-0.5971710540051408,2.52542929343141
185,rad_2,True,1,TMxGak0IQOg,TransformType.LINEAR,recurrence,task_idx_0086,51.734,,,tp,True,,0.733705,0.0,0.0,0.0,1.0,416.7755347931489,24.0,500.5028147184055,40.0,3991.014251537042,193.0,7.0,0.0,0.0,0.0,0.0,0.0,0.0,2.0,38.014,0.0,0.0,0.0,0.0,0.0,0.0,-0.2956521980358729,-0.2742675316117982,2.681420694284254,2.136288480507986,0.0,0.0,0.9057858252033342,-0.009265353228985152,0.26197399309454455
186,rad_2,True,1,g-chOlbtzBQ,TransformType.NONLINEAR,a_vertebralis_r,task_idx_0087,31.784,1.750433837335512,True,,,0.39,0.865088,0.0,0.0,0.0,0.0,0.0,0.0,0.0,0.0,1396.1491530980152,200.0,11.0,1.0,0.0,1.0,0.0,0.0,0.0,1.0,2.751,0.0,0.0,0.0,0.0,0.0,0.0,-0.3732512619222552,-0.4067252093957433,-0.3827478051390301,-0.4590485706666488,0.0,0.0,0.06975284553607225,0.22752495942125256,1.279991594024302
187,rad_2,True,1,g-chOlbtzBQ,TransformType.NONLINEAR,a_vertebralis_l,task_idx_0088,42.533,5.954969621636798,False,,,3.3,0.865088,0.0,0.0,40.4848111780608,12.0,0.0,0.0,0.0,0.0,923.3852405782128,303.0,35.0,0.0,0.0,0.0,0.0,0.0,0.0,1.0,2.367,0.0,0.0,0.0,0.0,0.0,0.0,-0.268059220438638,0.8757951589178414,-0.3827478051390301,-0.4590485706666488,0.0,0.0,-0.13412232625897075,0.6786814030223244,5.243836530357624
188,rad_2,True,1,g-chOlbtzBQ,TransformType.NONLINEAR,a_carotisexterna_r,task_idx_0089,34.747,4.383125323462742,True,,,2.25,0.865088,0.0,0.0,525.7181148790622,32.0,0.0,0.0,0.0,0.0,720.5351103346902,180.0,0.0,1.0,0.0,1.0,0.0,0.0,0.0,1.0,2.232,0.0,0.0,0.0,0.0,0.0,0.0,0.9927267466158165,3.013329106107149,-0.3827478051390301,-0.4590485706666488,0.0,0.0,-0.22159961472546882,0.13992176648900562,-0.5367706684618041
189,rad_2,True,1,g-chOlbtzBQ,TransformType.NONLINEAR,a_carotisexterna_l,task_idx_0090,21.224,3.3764699212369766,True,,,2.02,0.865088,0.0,0.0,0.0,0.0,0.0,0.0,518.3355491119758,45.0,512.5906696675768,100.0,6.0,0.0,0.0,0.0,0.0,0.0,0.0,1.0,3.241,0.0,0.0,0.0,0.0,0.0,0.0,-0.3732512619222552,-0.4067252093957433,-0.3827478051390301,-0.4590485706666488,0.0,0.0,-0.31127377859908323,-0.2104910052399822,0.45419056562152654
190,rad_2,True,1,g-chOlbtzBQ,TransformType.NONLINEAR,lymph_node,task_idx_0091,14.523,,True,,,1.52,0.865088,0.0,0.0,0.0,0.0,0.0,0.0,0.0,0.0,189.18146086151052,58.0,14.0,0.0,0.0,0.0,0.0,0.0,0.0,1.0,2.4,0.0,0.0,0.0,0.0,0.0,0.0,-0.3732512619222552,-0.4067252093957433,-0.3827478051390301,-0.4590485706666488,0.0,0.0,-0.4507410819598784,-0.39445771039770083,1.7754722110659673
191,rad_2,True,1,g-chOlbtzBQ,TransformType.NONLINEAR,recurrence,task_idx_0092,109.384,,,tn,True,,0.865088,0.0,0.0,0.0,0.0,215.20807306858293,25.0,2116.104966939945,124.0,4296.802939986892,507.0,4.0,1.0,0.0,2.0,0.0,1.0,1.0,5.0,72.685,0.0,0.0,0.0,0.0,0.0,0.0,-0.3732512619222552,-0.4067252093957433,1.713679480233956,2.460694988343838,0.0,0.0,1.320633620187292,1.5722339709312434,0.12387015426041634
192,rad_2,True,1,87J-_CHHkzI,TransformType.LINEAR,a_vertebralis_r,task_idx_0105,40.68,6.180956409382843,False,,,5.52,0.648754,0.0,0.0,0.0,0.0,0.0,0.0,0.0,0.0,1285.356791740214,262.0,5.0,1.0,0.0,1.0,0.0,0.0,0.0,1.0,2.25,0.0,0.0,0.0,0.0,0.0,0.0,-0.2956521980358729,-0.3992502042450226,-0.39343582899911195,-0.46703062690936226,0.0,0.0,-0.07380941152323445,0.20091855015730883,0.04640682163389074
193,rad_2,True,1,87J-_CHHkzI,TransformType.LINEAR,a_vertebralis_l,task_idx_0106,39.993,3.065481671475473,True,,,6.57,0.648754,0.0,0.0,0.0,1.0,0.0,0.0,256.27944069890987,44.0,1483.7163678109214,261.0,0.0,1.0,0.0,1.0,0.0,0.0,0.0,1.0,2.091,0.0,0.0,0.0,0.0,0.0,0.0,-0.2956521980358729,-0.2742675316117982,-0.39343582899911195,-0.46703062690936226,0.0,0.0,-0.001992450667976159,0.19787240662997124,-0.49251110701774387
194,rad_2,True,1,87J-_CHHkzI,TransformType.LINEAR,a_carotisexterna_r,task_idx_0107,23.722,10.243695421956758,False,,,2.16,0.648754,0.0,0.0,0.0,0.0,0.0,0.0,0.0,0.0,952.7992725938208,186.0,0.0,0.0,0.0,0.0,0.0,0.0,0.0,1.0,2.128,0.0,0.0,0.0,0.0,0.0,0.0,-0.2956521980358729,-0.3992502042450226,-0.39343582899911195,-0.46703062690936226,0.0,0.0,-0.19421333054625597,-0.03058835792034831,-0.49251110701774387
195,rad_2,True,1,87J-_CHHkzI,TransformType.LINEAR,a_carotisexterna_l,task_idx_0108,13.479,1.1927635242382728,True,,,3.34,0.648754,0.0,0.0,0.0,0.0,0.0,0.0,0.0,0.0,86.34503012281743,22.0,0.0,0.0,0.0,0.0,0.0,0.0,0.0,1.0,3.163,0.0,0.0,0.0,0.0,0.0,0.0,-0.2956521980358729,-0.3992502042450226,-0.39343582899911195,-0.46703062690936226,0.0,0.0,-0.5079169169676716,-0.5301558964037137,-0.49251110701774387
196,rad_2,True,1,87J-_CHHkzI,TransformType.LINEAR,lymph_node,task_idx_0109,12.991,,True,,,8.47,0.648754,0.0,0.0,0.0,0.0,0.0,0.0,0.0,0.0,111.52663750755148,30.0,0.0,0.0,0.0,0.0,0.0,0.0,0.0,1.0,2.355,0.0,0.0,0.0,0.0,0.0,0.0,-0.2956521980358729,-0.3992502042450226,-0.39343582899911195,-0.46703062690936226,0.0,0.0,-0.4987998047634326,-0.505786748185013,-0.49251110701774387
197,rad_2,True,1,87J-_CHHkzI,TransformType.LINEAR,recurrence,task_idx_0110,114.691,,,tn,True,,0.648754,0.0,0.0,1472.5520310450966,4.0,234.16605343198108,27.0,6311.319324515488,235.0,7429.484258893411,692.0,0.0,2.0,0.0,2.0,0.0,2.0,0.0,4.0,80.502,0.0,0.0,0.0,0.0,0.0,0.0,3.2798507667833845,0.10068048628787524,1.3341776147319528,2.4617033689351544,0.0,0.0,2.150699082288878,1.5107602669124744,-0.49251110701774387
198,rad_2,True,1,F-JlS0Cl1K0,TransformType.NONLINEAR,a_vertebralis_r,task_idx_0129,15.802,3.378105754033836,True,,,2.53,0.846043,0.0,0.0,0.0,0.0,0.0,0.0,0.0,0.0,534.1608321724732,94.0,0.0,0.0,0.0,0.0,0.0,0.0,0.0,1.0,2.382,0.0,0.0,0.0,0.0,0.0,0.0,-0.3732512619222552,-0.4067252093957433,-0.3827478051390301,-0.4590485706666488,0.0,0.0,-0.30197184063411947,-0.23677196311965631,-0.5367706684618041
199,rad_2,True,1,F-JlS0Cl1K0,TransformType.NONLINEAR,a_vertebralis_l,task_idx_0130,22.762,4.799575197048684,True,,,4.03,0.846043,0.0,0.0,0.0,0.0,0.0,0.0,0.0,0.0,908.3519593602234,185.0,0.0,0.0,0.0,0.0,0.0,0.0,0.0,1.0,2.623,0.0,0.0,0.0,0.0,0.0,0.0,-0.3732512619222552,-0.4067252093957433,-0.3827478051390301,-0.4590485706666488,0.0,0.0,-0.1406052931475071,0.16182256472206735,-0.5367706684618041
200,rad_2,True,1,F-JlS0Cl1K0,TransformType.NONLINEAR,a_carotisexterna_r,task_idx_0131,9.934,0.4712568859167657,True,,,0.65,0.846043,0.0,0.0,0.0,0.0,0.0,0.0,0.0,0.0,66.48435556839445,16.0,0.0,0.0,0.0,0.0,0.0,0.0,0.0,1.0,2.305,0.0,0.0,0.0,0.0,0.0,0.0,-0.3732512619222552,-0.4067252093957433,-0.3827478051390301,-0.4590485706666488,0.0,0.0,-0.5036531015915391,-0.5784244155554195,-0.5367706684618041
201,rad_2,True,1,F-JlS0Cl1K0,TransformType.NONLINEAR,a_carotisexterna_l,task_idx_0132,7.264,1.6869368637712694,True,,,1.75,0.846043,0.0,0.0,0.0,0.0,0.0,0.0,0.0,0.0,0.0,0.0,0.0,0.0,0.0,0.0,0.0,0.0,0.0,1.0,2.341,0.0,0.0,0.0,0.0,0.0,0.0,-0.3732512619222552,-0.4067252093957433,-0.3827478051390301,-0.4590485706666488,0.0,0.0,-0.5323238800799911,-0.648506969901217,-0.5367706684618041
202,rad_2,True,1,F-JlS0Cl1K0,TransformType.NONLINEAR,lymph_node,task_idx_0133,12.072,,True,,,1.34,0.846043,0.0,0.0,0.0,0.0,95.515043222888,15.0,0.0,0.0,0.0,0.0,0.0,2.0,0.0,0.0,0.0,0.0,0.0,1.0,2.163,0.0,0.0,0.0,0.0,0.0,0.0,-0.3732512619222552,-0.4067252093957433,0.5477021539209608,1.2927975647396435,0.0,0.0,-0.5323238800799911,-0.648506969901217,-0.5367706684618041
203,rad_2,True,1,F-JlS0Cl1K0,TransformType.NONLINEAR,recurrence,task_idx_0134,100.91,,,tn,True,,0.846043,0.0,0.0,1887.9594595052545,40.0,310.8229802112036,32.0,1033.6549972147288,91.0,4815.901254921712,532.0,1.0,1.0,0.0,1.0,0.0,0.0,0.0,3.0,79.211,0.0,0.0,0.0,0.0,0.0,0.0,4.532250431297623,3.8683426849828724,2.6451022533857547,3.2782231848667744,0.0,0.0,1.5444900849749272,1.681737962096552,-0.371610462781249
204,rad_2,True,1,I307KZkh1VM,TransformType.NONLINEAR,a_vertebralis_r,task_idx_0135,21.812,4.197793717773752,True,,,7.24,0.846472,0.0,0.0,0.0,0.0,0.0,0.0,0.0,0.0,443.1000033613347,113.0,0.0,0.0,0.0,0.0,0.0,0.0,0.0,1.0,2.046,0.0,0.0,0.0,0.0,0.0,0.0,-0.3732512619222552,-0.4067252093957433,-0.3827478051390301,-0.4590485706666488,0.0,0.0,-0.341241001469005,-0.15354892983402169,-0.5367706684618041
205,rad_2,True,1,I307KZkh1VM,TransformType.NONLINEAR,a_vertebralis_l,task_idx_0136,13.795,5.294663145029379,False,,,5.07,0.846472,0.0,0.0,0.0,0.0,0.0,0.0,0.0,0.0,111.54248174812676,30.0,10.0,0.0,0.0,0.0,0.0,0.0,0.0,1.0,2.114,0.0,0.0,0.0,0.0,0.0,0.0,-0.3732512619222552,-0.4067252093957433,-0.3827478051390301,-0.4590485706666488,0.0,0.0,-0.4842221912103012,-0.5171021805028466,1.114831388343747
206,rad_2,True,1,I307KZkh1VM,TransformType.NONLINEAR,a_carotisexterna_r,task_idx_0137,9.323,2.7687490871380502,True,,,2.88,0.846472,0.0,0.0,0.0,0.0,0.0,0.0,0.0,0.0,0.0,0.0,0.0,1.0,0.0,1.0,0.0,0.0,0.0,1.0,2.059,0.0,0.0,0.0,0.0,0.0,0.0,-0.3732512619222552,-0.4067252093957433,-0.3827478051390301,-0.4590485706666488,0.0,0.0,-0.5323238800799911,-0.648506969901217,-0.5367706684618041
207,rad_2,True,1,I307KZkh1VM,TransformType.NONLINEAR,a_carotisexterna_l,task_idx_0138,12.587,2.014521613263272,True,,,3.67,0.846472,0.0,0.0,0.0,0.0,0.0,0.0,0.0,0.0,0.0,0.0,19.0,0.0,0.0,0.0,0.0,0.0,0.0,1.0,2.474,0.0,0.0,0.0,0.0,0.0,0.0,-0.3732512619222552,-0.4067252093957433,-0.3827478051390301,-0.4590485706666488,0.0,0.0,-0.5323238800799911,-0.648506969901217,2.601273239468743
208,rad_2,True,1,I307KZkh1VM,TransformType.NONLINEAR,lymph_node,task_idx_0139,15.396,,True,,,4.01,0.846472,0.0,0.0,0.0,0.0,0.0,0.0,0.0,0.0,191.4317502358093,44.0,0.0,0.0,0.0,0.0,0.0,0.0,0.0,1.0,3.278,0.0,0.0,0.0,0.0,0.0,0.0,-0.3732512619222552,-0.4067252093957433,-0.3827478051390301,-0.4590485706666488,0.0,0.0,-0.44977066497028956,-0.4557799454502737,-0.5367706684618041
209,rad_2,True,1,I307KZkh1VM,TransformType.NONLINEAR,recurrence,task_idx_0140,114.898,,,tn,True,,0.846472,0.0,0.0,890.8404370710634,50.0,500.11959730184543,35.0,3252.6093684114658,146.0,4800.215757449143,491.0,0.0,3.0,0.0,2.0,0.0,1.0,0.0,5.0,68.173,0.0,0.0,0.0,0.0,0.0,0.0,1.9414272924498892,4.937109658577526,4.489115758265545,3.628592411948033,0.0,0.0,1.5377258557111784,1.5021514165854457,-0.5367706684618041
210,rad_2,True,1,yYcNJD5knnY,TransformType.NONLINEAR,a_vertebralis_r,task_idx_0141,11.256,2.5248050485378064,True,,,2.18,0.891124,0.0,0.0,0.0,0.0,0.0,0.0,0.0,0.0,0.0,0.0,0.0,0.0,0.0,1.0,0.0,1.0,0.0,1.0,2.128,0.0,0.0,0.0,0.0,0.0,0.0,-0.3732512619222552,-0.4067252093957433,-0.3827478051390301,-0.4590485706666488,0.0,0.0,-0.5323238800799911,-0.648506969901217,-0.5367706684618041
211,rad_2,True,1,yYcNJD5knnY,TransformType.NONLINEAR,a_vertebralis_l,task_idx_0142,9.072,2.487064412501631,True,,,2.75,0.891124,0.0,0.0,0.0,0.0,0.0,0.0,0.0,0.0,0.0,0.0,0.0,0.0,0.0,0.0,0.0,0.0,0.0,1.0,3.171,0.0,0.0,0.0,0.0,0.0,0.0,-0.3732512619222552,-0.4067252093957433,-0.3827478051390301,-0.4590485706666488,0.0,0.0,-0.5323238800799911,-0.648506969901217,-0.5367706684618041
212,rad_2,True,1,yYcNJD5knnY,TransformType.NONLINEAR,a_carotisexterna_r,task_idx_0143,14.194,1.4855620805658925,True,,,1.66,0.891124,0.0,0.0,122.11879462228572,2.0,0.0,0.0,0.0,0.0,62.2066382790786,18.0,5.0,1.0,0.0,1.0,0.0,0.0,0.0,1.0,2.159,0.0,0.0,0.0,0.0,0.0,0.0,-0.05594892220433721,-0.1929718146768125,-0.3827478051390301,-0.4590485706666488,0.0,0.0,-0.5054978285771534,-0.5696640962621947,0.2890303599409714
213,rad_2,True,1,yYcNJD5knnY,TransformType.NONLINEAR,a_carotisexterna_l,task_idx_0144,10.145,1.3724923228189032,True,,,2.17,0.891124,0.0,0.0,0.0,0.0,0.0,0.0,0.0,0.0,0.0,0.0,13.0,0.0,0.0,0.0,0.0,0.0,0.0,1.0,2.207,0.0,0.0,0.0,0.0,0.0,0.0,-0.3732512619222552,-0.4067252093957433,-0.3827478051390301,-0.4590485706666488,0.0,0.0,-0.5323238800799911,-0.648506969901217,1.6103120053854123
214,rad_2,True,1,yYcNJD5knnY,TransformType.NONLINEAR,lymph_node,task_idx_0145,12.047,,True,,,2.19,0.891124,0.0,0.0,0.0,0.0,0.0,0.0,0.0,0.0,0.0,0.0,11.0,0.0,0.0,0.0,0.0,0.0,0.0,1.0,2.228,0.0,0.0,0.0,0.0,0.0,0.0,-0.3732512619222552,-0.4067252093957433,-0.3827478051390301,-0.4590485706666488,0.0,0.0,-0.5323238800799911,-0.648506969901217,1.279991594024302
215,rad_2,True,1,yYcNJD5knnY,TransformType.NONLINEAR,recurrence,task_idx_0146,62.793,,,tp,True,,0.891124,0.0,0.0,826.7301002505415,15.0,41.043283156877,8.0,1927.0415739554255,86.0,3077.911583968148,396.0,0.0,0.0,0.0,0.0,0.0,0.0,0.0,3.0,21.652,0.0,0.0,0.0,0.0,0.0,0.0,1.7748488395903235,1.1964252509962376,0.01707111180255553,0.4752693682167071,0.0,0.0,0.7949977202656676,1.0860362501572727,-0.5367706684618041
216,rad_2,True,1,CCL2MqdD19g,TransformType.LINEAR,a_vertebralis_r,task_idx_0147,16.902,2.466344743632755,True,,,9.12,0.464042,0.0,0.0,0.0,0.0,0.0,0.0,0.0,0.0,103.49452750075405,27.0,0.0,1.0,0.0,1.0,0.0,0.0,0.0,1.0,2.132,0.0,0.0,0.0,0.0,0.0,0.0,-0.2956521980358729,-0.3992502042450226,-0.39343582899911195,-0.46703062690936226,0.0,0.0,-0.5017078656766989,-0.5149251787670258,-0.49251110701774387
217,rad_2,True,1,CCL2MqdD19g,TransformType.LINEAR,a_vertebralis_l,task_idx_0148,14.365,3.5777226839155607,True,,,5.85,0.464042,0.0,0.0,0.0,0.0,0.0,0.0,0.0,0.0,0.0,0.0,7.0,0.0,0.0,0.0,0.0,0.0,0.0,1.0,3.681,0.0,0.0,0.0,0.0,0.0,0.0,-0.2956521980358729,-0.3992502042450226,-0.39343582899911195,-0.46703062690936226,0.0,0.0,-0.5391785165899962,-0.5971710540051408,0.26197399309454455
218,rad_2,True,1,CCL2MqdD19g,TransformType.LINEAR,a_carotisexterna_r,task_idx_0149,17.171,2.386583374168581,True,,,3.03,0.464042,0.0,0.0,0.0,1.0,0.0,0.0,0.0,0.0,0.0,0.0,21.0,1.0,0.0,1.0,0.0,0.0,0.0,1.0,2.061,0.0,0.0,0.0,0.0,0.0,0.0,-0.2956521980358729,-0.2742675316117982,-0.39343582899911195,-0.46703062690936226,0.0,0.0,-0.5391785165899962,-0.5971710540051408,1.7709441933191217
219,rad_2,True,1,CCL2MqdD19g,TransformType.LINEAR,a_carotisexterna_l,task_idx_0150,14.097,2.5880083460657395,True,,,3.68,0.464042,0.0,0.0,0.0,0.0,0.0,0.0,0.0,0.0,137.94033764077446,35.0,10.0,0.0,0.0,0.0,0.0,0.0,0.0,1.0,2.233,0.0,0.0,0.0,0.0,0.0,0.0,-0.2956521980358729,-0.3992502042450226,-0.39343582899911195,-0.46703062690936226,0.0,0.0,-0.48923660793630275,-0.49055603054832503,0.5853247502855253
220,rad_2,True,1,CCL2MqdD19g,TransformType.LINEAR,lymph_node,task_idx_0151,13.724,,True,,,4.72,0.464042,0.0,0.0,0.0,1.0,0.0,0.0,0.0,0.0,187.5567621557566,49.0,0.0,0.0,0.0,0.0,0.0,0.0,0.0,1.0,2.212,0.0,0.0,0.0,0.0,0.0,0.0,-0.2956521980358729,-0.2742675316117982,-0.39343582899911195,-0.46703062690936226,0.0,0.0,-0.4712727622387289,-0.4479100211655987,-0.49251110701774387
221,rad_2,True,1,CCL2MqdD19g,TransformType.LINEAR,recurrence,task_idx_0152,154.50199999999998,,,tn,True,,0.464042,0.0,0.0,1625.426367050445,21.0,452.2155584784064,25.0,2033.237272118581,91.0,10089.74343229379,1085.0,0.0,4.0,0.0,2.0,0.0,4.0,0.0,6.0,81.484,0.0,0.0,0.0,0.0,0.0,0.0,3.6510448774892486,2.225385921052691,2.9428875485419437,2.2447601099837087,0.0,0.0,3.1138576688591293,2.707894673156149,-0.49251110701774387
222,rad_2,True,1,hmJfXqxVMk0,TransformType.LINEAR,a_vertebralis_r,task_idx_0153,31.021,11.29259931772228,False,,,18.91,0.692976,0.0,0.0,0.0,1.0,0.0,0.0,1515.7596034775404,65.0,817.0294106184175,125.0,30.0,1.0,0.0,1.0,0.0,0.0,0.0,1.0,2.219,0.0,0.0,0.0,0.0,0.0,0.0,-0.2956521980358729,-0.2742675316117982,-0.39343582899911195,-0.46703062690936226,0.0,0.0,-0.24336940889629066,-0.21640311308794155,2.740996464892064
223,rad_2,True,1,hmJfXqxVMk0,TransformType.LINEAR,a_vertebralis_l,task_idx_0154,45.707,27.387437852078964,False,,,5.94,0.692976,0.0,0.0,0.0,0.0,0.0,0.0,207.9622248422625,18.0,1877.33219241422,317.0,8.0,1.0,0.0,1.0,0.0,0.0,0.0,1.0,2.078,0.0,0.0,0.0,0.0,0.0,0.0,-0.2956521980358729,-0.3992502042450226,-0.39343582899911195,-0.46703062690936226,0.0,0.0,0.14051789759707947,0.36845644416087653,0.3697575788248715
224,rad_2,True,1,hmJfXqxVMk0,TransformType.LINEAR,a_carotisexterna_r,task_idx_0155,8.962,0.7490010769528336,True,,,2.92,0.692976,0.0,0.0,0.0,0.0,0.0,0.0,0.0,0.0,70.18432201170279,16.0,0.0,0.0,0.0,0.0,0.0,0.0,0.0,1.0,2.352,0.0,0.0,0.0,0.0,0.0,0.0,-0.2956521980358729,-0.3992502042450226,-0.39343582899911195,-0.46703062690936226,0.0,0.0,-0.513767972736189,-0.5484327575677393,-0.49251110701774387
225,rad_2,True,1,hmJfXqxVMk0,TransformType.LINEAR,a_carotisexterna_l,task_idx_0156,8.854,2.9575006073389902,True,,,5.16,0.692976,0.0,0.0,0.0,0.0,0.0,0.0,0.0,0.0,49.5548984852978,15.0,0.0,0.0,0.0,0.0,0.0,0.0,0.0,1.0,2.386,0.0,0.0,0.0,0.0,0.0,0.0,-0.2956521980358729,-0.3992502042450226,-0.39343582899911195,-0.46703062690936226,0.0,0.0,-0.5212369466632872,-0.5514789010950769,-0.49251110701774387
226,rad_2,True,1,hmJfXqxVMk0,TransformType.LINEAR,lymph_node,task_idx_0157,8.707,,True,,,3.32,0.692976,0.0,0.0,0.0,0.0,0.0,0.0,0.0,0.0,0.0,0.0,0.0,0.0,0.0,0.0,0.0,0.0,0.0,1.0,2.397,0.0,0.0,0.0,0.0,0.0,0.0,-0.2956521980358729,-0.3992502042450226,-0.39343582899911195,-0.46703062690936226,0.0,0.0,-0.5391785165899962,-0.5971710540051408,-0.49251110701774387
227,rad_2,True,1,hmJfXqxVMk0,TransformType.LINEAR,recurrence,task_idx_0158,54.36,,,tp,True,,0.692976,0.0,0.0,193.677054485938,3.0,0.0,0.0,0.0,0.0,3437.450151376442,410.0,0.0,0.0,0.0,0.0,0.0,0.0,0.0,1.0,19.847,0.0,0.0,0.0,0.0,0.0,0.0,0.1746149761844211,-0.024302186345349225,-0.39343582899911195,-0.46703062690936226,0.0,0.0,0.7053654971323622,0.6517477922032727,-0.49251110701774387
228,rad_2,True,1,VUIaoA1iqhI,TransformType.NONLINEAR,a_vertebralis_r,task_idx_0159,19.275,3.640568964410269,True,,,2.15,0.899772,0.0,0.0,0.0,0.0,0.0,0.0,3588.0279635601382,122.0,0.0,0.0,8.0,1.0,0.0,1.0,0.0,0.0,0.0,1.0,2.704,0.0,0.0,0.0,0.0,0.0,0.0,-0.3732512619222552,-0.4067252093957433,-0.3827478051390301,-0.4590485706666488,0.0,0.0,-0.5323238800799911,-0.648506969901217,0.7845109769826367
229,rad_2,True,1,VUIaoA1iqhI,TransformType.NONLINEAR,a_vertebralis_l,task_idx_0160,16.685,8.944498142080231,False,,,3.36,0.899772,0.0,0.0,0.0,0.0,0.0,0.0,0.0,0.0,244.86994042462612,65.0,0.0,0.0,0.0,0.0,0.0,0.0,0.0,1.0,2.257,0.0,0.0,0.0,0.0,0.0,0.0,-0.3732512619222552,-0.4067252093957433,-0.3827478051390301,-0.4590485706666488,0.0,0.0,-0.4267259275936716,-0.3637965928714144,-0.5367706684618041
230,rad_2,True,1,VUIaoA1iqhI,TransformType.NONLINEAR,a_carotisexterna_r,task_idx_0161,16.347,1.919151282231596,True,,,2.06,0.899772,0.0,0.0,0.0,0.0,0.0,0.0,0.0,0.0,0.0,0.0,21.0,1.0,0.0,1.0,0.0,0.0,0.0,1.0,2.349,0.0,0.0,0.0,0.0,0.0,0.0,-0.3732512619222552,-0.4067252093957433,-0.3827478051390301,-0.4590485706666488,0.0,0.0,-0.5323238800799911,-0.648506969901217,2.931593650829853
231,rad_2,True,1,VUIaoA1iqhI,TransformType.NONLINEAR,a_carotisexterna_l,task_idx_0162,10.009,1.3728162018772678,True,,,1.77,0.899772,0.0,0.0,0.0,0.0,0.0,0.0,0.0,0.0,0.0,0.0,0.0,0.0,0.0,0.0,0.0,0.0,0.0,1.0,3.207,0.0,0.0,0.0,0.0,0.0,0.0,-0.3732512619222552,-0.4067252093957433,-0.3827478051390301,-0.4590485706666488,0.0,0.0,-0.5323238800799911,-0.648506969901217,-0.5367706684618041
232,rad_2,True,1,VUIaoA1iqhI,TransformType.NONLINEAR,lymph_node,task_idx_0163,10.332,,True,,,2.7,0.899772,0.0,0.0,0.0,0.0,0.0,0.0,0.0,0.0,0.0,0.0,0.0,0.0,0.0,0.0,0.0,0.0,0.0,1.0,2.346,0.0,0.0,0.0,0.0,0.0,0.0,-0.3732512619222552,-0.4067252093957433,-0.3827478051390301,-0.4590485706666488,0.0,0.0,-0.5323238800799911,-0.648506969901217,-0.5367706684618041
233,rad_2,True,1,VUIaoA1iqhI,TransformType.NONLINEAR,recurrence,task_idx_0164,53.622,,,tp,True,,0.899772,0.0,0.0,1507.942493381583,28.0,0.0,0.0,645.6017268316414,67.0,5021.491555045657,344.0,3.0,0.0,0.0,0.0,0.0,0.0,0.0,2.0,12.741,0.0,0.0,0.0,0.0,0.0,0.0,3.544849000940393,2.5858223166692875,-0.3827478051390301,-0.4590485706666488,0.0,0.0,1.6331490469793675,0.8582679485334307,-0.04129005142013878
234,rad_2,True,1,XKgRKTaLeEo,TransformType.NONLINEAR,a_vertebralis_r,task_idx_0171,30.3,3.242874997945057,True,,,2.74,0.840616,0.0,0.0,0.0,0.0,0.0,0.0,3282.897663194092,166.0,790.6694397613463,170.0,0.0,1.0,0.0,1.0,0.0,0.0,0.0,1.0,1.983,0.0,0.0,0.0,0.0,0.0,0.0,-0.3732512619222552,-0.4067252093957433,-0.3827478051390301,-0.4590485706666488,0.0,0.0,-0.19135481794227371,0.09612017002288213,-0.5367706684618041
235,rad_2,True,1,XKgRKTaLeEo,TransformType.NONLINEAR,a_vertebralis_l,task_idx_0172,18.35,1.6486945282732317,True,,,0.9,0.840616,0.0,0.0,0.0,0.0,0.0,0.0,0.0,0.0,423.17191858247696,89.0,0.0,0.0,0.0,0.0,0.0,0.0,0.0,1.0,2.172,0.0,0.0,0.0,0.0,0.0,0.0,-0.3732512619222552,-0.4067252093957433,-0.3827478051390301,-0.4590485706666488,0.0,0.0,-0.34983480823014523,-0.25867276135271805,-0.5367706684618041
236,rad_2,True,1,XKgRKTaLeEo,TransformType.NONLINEAR,a_carotisexterna_r,task_idx_0173,19.102,0.9791590572676004,True,,,7.69,0.840616,0.0,0.0,0.0,0.0,0.0,0.0,0.0,0.0,219.93479973821024,51.0,0.0,1.0,0.0,1.0,0.0,0.0,0.0,1.0,4.28,0.0,0.0,0.0,0.0,0.0,0.0,-0.3732512619222552,-0.4067252093957433,-0.3827478051390301,-0.4590485706666488,0.0,0.0,-0.4374789820391368,-0.42511882792398725,-0.5367706684618041
237,rad_2,True,1,XKgRKTaLeEo,TransformType.NONLINEAR,a_carotisexterna_l,task_idx_0174,11.929,2.68616148512368,True,,,3.78,0.840616,0.0,0.0,0.0,0.0,205.7508873260618,7.0,0.0,0.0,0.0,0.0,7.0,0.0,0.0,0.0,0.0,0.0,0.0,1.0,2.224,0.0,0.0,0.0,0.0,0.0,0.0,-0.3732512619222552,-0.4067252093957433,1.6215532790614589,0.3584796258562876,0.0,0.0,-0.5323238800799911,-0.648506969901217,0.6193507713020816
238,rad_2,True,1,XKgRKTaLeEo,TransformType.NONLINEAR,lymph_node,task_idx_0175,23.605,,False,,,20.5,0.840616,0.0,0.0,0.0,0.0,0.0,0.0,0.0,0.0,770.0112004433076,135.0,0.0,0.0,0.0,0.0,0.0,0.0,0.0,1.0,2.97,0.0,0.0,0.0,0.0,0.0,0.0,-0.3732512619222552,-0.4067252093957433,-0.3827478051390301,-0.4590485706666488,0.0,0.0,-0.20026349726066783,-0.05718541760855004,-0.5367706684618041
239,rad_2,True,1,XKgRKTaLeEo,TransformType.NONLINEAR,recurrence,task_idx_0176,118.849,,,fn,False,,0.840616,0.0,0.0,1554.6125979601477,13.0,41.00571367594035,7.0,0.0,0.0,6933.397250331182,704.0,7.0,1.0,0.0,2.0,0.0,0.0,0.0,5.0,53.042,0.0,0.0,0.0,0.0,0.0,0.0,3.666112344748046,0.9826718562773068,0.016705132572269864,0.3584796258562876,0.0,0.0,2.4576411280366974,2.435125421313876,0.6193507713020816
240,rad_2,True,1,urqkluKweXA,TransformType.NONLINEAR,a_vertebralis_r,task_idx_0189,30.228,3.7121066490842334,True,,,0.87,0.885943,0.0,0.0,0.0,0.0,0.0,0.0,0.0,0.0,362.3491566203575,89.0,0.0,1.0,0.0,1.0,0.0,0.0,0.0,1.0,2.129,0.0,0.0,0.0,0.0,0.0,0.0,-0.3732512619222552,-0.4067252093957433,-0.3827478051390301,-0.4590485706666488,0.0,0.0,-0.37606407555722093,-0.25867276135271805,-0.5367706684618041
241,rad_2,True,1,urqkluKweXA,TransformType.NONLINEAR,a_vertebralis_l,task_idx_0190,20.287,1.769667858606715,True,,,6.36,0.885943,0.0,0.0,0.0,0.0,0.0,0.0,0.0,0.0,372.1858676719198,115.0,0.0,0.0,0.0,0.0,0.0,0.0,0.0,1.0,2.317,0.0,0.0,0.0,0.0,0.0,0.0,-0.3732512619222552,-0.4067252093957433,-0.3827478051390301,-0.4590485706666488,0.0,0.0,-0.37182208266726774,-0.144788610540797,-0.5367706684618041
242,rad_2,True,1,urqkluKweXA,TransformType.NONLINEAR,a_carotisexterna_r,task_idx_0191,16.439999999999998,0.9115855317720472,True,,,1.79,0.885943,0.0,0.0,70.71067811865476,2.0,71.50827043275217,16.0,399.3952739513276,31.0,0.0,0.0,0.0,1.0,0.0,1.0,0.0,0.0,0.0,1.0,2.236,0.0,0.0,0.0,0.0,0.0,0.0,-0.18952308413040508,-0.1929718146768125,0.3138426485902674,1.409587307100063,0.0,0.0,-0.5323238800799911,-0.648506969901217,-0.5367706684618041
243,rad_2,True,1,urqkluKweXA,TransformType.NONLINEAR,a_carotisexterna_l,task_idx_0192,5.613,0.3623469367619426,True,,,1.42,0.885943,0.0,0.0,0.0,0.0,0.0,0.0,0.0,0.0,0.0,0.0,0.0,0.0,0.0,0.0,0.0,0.0,0.0,1.0,1.986,0.0,0.0,0.0,0.0,0.0,0.0,-0.3732512619222552,-0.4067252093957433,-0.3827478051390301,-0.4590485706666488,0.0,0.0,-0.5323238800799911,-0.648506969901217,-0.5367706684618041
244,rad_2,True,1,urqkluKweXA,TransformType.NONLINEAR,lymph_node,task_idx_0193,9.747,,True,,,7.17,0.885943,0.0,0.0,0.0,0.0,0.0,0.0,0.0,0.0,0.0,0.0,0.0,0.0,0.0,0.0,0.0,0.0,0.0,1.0,2.382,0.0,0.0,0.0,0.0,0.0,0.0,-0.3732512619222552,-0.4067252093957433,-0.3827478051390301,-0.4590485706666488,0.0,0.0,-0.5323238800799911,-0.648506969901217,-0.5367706684618041
245,rad_2,True,1,urqkluKweXA,TransformType.NONLINEAR,recurrence,task_idx_0194,98.107,,,tp,True,,0.885943,0.0,0.0,736.5627998192379,13.0,51.05416615297376,7.0,4575.155324287583,168.0,6217.13900378171,693.0,1.0,1.0,0.0,4.0,0.0,1.0,0.0,4.0,12.589,0.0,0.0,0.0,0.0,0.0,0.0,1.5405663486650492,0.9826718562773068,0.11459109776054278,0.3584796258562876,0.0,0.0,2.1487612216018483,2.38694366520114,-0.371610462781249
246,rad_2,True,1,eiJvX7Bw25o,TransformType.LINEAR,a_vertebralis_r,task_idx_0195,42.729,25.171558878761967,False,,,12.81,0.731865,0.0,0.0,0.0,1.0,0.0,0.0,407.39107422182775,46.0,2557.280723096766,377.0,0.0,0.0,0.0,1.0,0.0,1.0,0.0,1.0,2.174,0.0,0.0,0.0,0.0,0.0,0.0,-0.2956521980358729,-0.2742675316117982,-0.39343582899911195,-0.46703062690936226,0.0,0.0,0.38669626709617627,0.5512250558011321,-0.49251110701774387
247,rad_2,True,1,eiJvX7Bw25o,TransformType.LINEAR,a_vertebralis_l,task_idx_0196,73.992,9.92161394577435,False,,,14.47,0.731865,0.0,0.0,0.0,1.0,0.0,0.0,0.0,0.0,3309.579384999794,648.0,0.0,1.0,0.0,1.0,0.0,0.0,0.0,1.0,2.12,0.0,0.0,0.0,0.0,0.0,0.0,-0.2956521980358729,-0.2742675316117982,-0.39343582899911195,-0.46703062690936226,0.0,0.0,0.6590693212415136,1.3767299517096203,-0.49251110701774387
248,rad_2,True,1,eiJvX7Bw25o,TransformType.LINEAR,a_carotisexterna_r,task_idx_0197,10.964,1.421720206960351,True,,,1.8,0.731865,0.0,0.0,0.0,0.0,0.0,0.0,0.0,0.0,212.43224959258225,45.0,0.0,0.0,0.0,0.0,0.0,0.0,0.0,1.0,2.256,0.0,0.0,0.0,0.0,0.0,0.0,-0.2956521980358729,-0.3992502042450226,-0.39343582899911195,-0.46703062690936226,0.0,0.0,-0.46226648211404686,-0.46009459527494906,-0.49251110701774387
249,rad_2,True,1,eiJvX7Bw25o,TransformType.LINEAR,a_carotisexterna_l,task_idx_0198,9.893,2.8592277714798007,True,,,4.28,0.731865,0.0,0.0,0.0,0.0,0.0,0.0,0.0,0.0,111.75402695022358,25.0,0.0,0.0,0.0,0.0,0.0,0.0,0.0,1.0,2.062,0.0,0.0,0.0,0.0,0.0,0.0,-0.2956521980358729,-0.3992502042450226,-0.39343582899911195,-0.46703062690936226,0.0,0.0,-0.4987174774111224,-0.5210174658217009,-0.49251110701774387
250,rad_2,True,1,eiJvX7Bw25o,TransformType.LINEAR,lymph_node,task_idx_0199,6.253,,True,,,5.08,0.731865,0.0,0.0,0.0,0.0,0.0,0.0,0.0,0.0,0.0,0.0,0.0,0.0,0.0,0.0,0.0,0.0,0.0,1.0,2.302,0.0,0.0,0.0,0.0,0.0,0.0,-0.2956521980358729,-0.3992502042450226,-0.39343582899911195,-0.46703062690936226,0.0,0.0,-0.5391785165899962,-0.5971710540051408,-0.49251110701774387
251,rad_2,True,1,eiJvX7Bw25o,TransformType.LINEAR,recurrence,task_idx_0200,176.5,,,fp,False,,0.731865,0.0,0.0,827.9673023682441,25.0,552.5121420518034,20.0,2336.897400786177,146.0,9424.009331933205,924.0,0.0,2.0,0.0,2.0,0.0,0.0,0.0,11.0,102.178,0.0,0.0,0.0,0.0,0.0,0.0,1.7147348592486231,2.725316611585589,3.68284845919558,1.7024019626050946,0.0,0.0,2.8728256966564665,2.217465565254796,-0.49251110701774387
252,rad_2,True,1,a9ebcF7RKU4,TransformType.LINEAR,a_vertebralis_r,task_idx_0201,38.931,7.584292519913552,False,,,24.03,0.578514,0.0,0.0,0.0,0.0,0.0,0.0,922.6274496289344,33.0,680.850887549799,185.0,0.0,1.0,0.0,1.0,0.0,0.0,0.0,2.0,4.061,0.0,0.0,0.0,0.0,0.0,0.0,-0.2956521980358729,-0.3992502042450226,-0.39343582899911195,-0.46703062690936226,0.0,0.0,-0.2926734448005603,-0.033634501447685906,-0.49251110701774387
253,rad_2,True,1,a9ebcF7RKU4,TransformType.LINEAR,a_vertebralis_l,task_idx_0202,44.795,32.93293702595928,False,,,23.17,0.578514,0.0,0.0,0.0,1.0,0.0,0.0,133.91749459121917,21.0,2757.0084212768606,360.0,0.0,1.0,0.0,1.0,0.0,0.0,0.0,1.0,2.204,0.0,0.0,0.0,0.0,0.0,0.0,-0.2956521980358729,-0.2742675316117982,-0.39343582899911195,-0.46703062690936226,0.0,0.0,0.4590085626054069,0.49944061583639304,-0.49251110701774387
254,rad_2,True,1,a9ebcF7RKU4,TransformType.LINEAR,a_carotisexterna_r,task_idx_0203,8.95,1.4022583381160143,True,,,7.57,0.578514,0.0,0.0,0.0,0.0,0.0,0.0,0.0,0.0,0.0,0.0,5.0,0.0,0.0,0.0,0.0,0.0,0.0,1.0,2.188,0.0,0.0,0.0,0.0,0.0,0.0,-0.2956521980358729,-0.3992502042450226,-0.39343582899911195,-0.46703062690936226,0.0,0.0,-0.5391785165899962,-0.5971710540051408,0.04640682163389074
255,rad_2,True,1,a9ebcF7RKU4,TransformType.LINEAR,a_carotisexterna_l,task_idx_0204,13.301,2.6261181662198845,True,,,4.71,0.578514,0.0,0.0,0.0,0.0,0.0,0.0,0.0,0.0,293.6121609325825,60.0,0.0,0.0,0.0,0.0,0.0,0.0,0.0,1.0,2.221,0.0,0.0,0.0,0.0,0.0,0.0,-0.2956521980358729,-0.3992502042450226,-0.39343582899911195,-0.46703062690936226,0.0,0.0,-0.43287493656617804,-0.41440244236488516,-0.49251110701774387
256,rad_2,True,1,a9ebcF7RKU4,TransformType.LINEAR,lymph_node,task_idx_0205,30.171,,True,,,2.73,0.578514,0.0,0.0,193.4847550919272,14.0,440.7576330499601,23.0,1070.4668240859603,53.0,134.53061362488995,34.0,55.0,0.0,0.0,0.0,0.0,0.0,0.0,1.0,2.104,0.0,0.0,0.0,0.0,0.0,0.0,0.17414805410701883,1.3505072126201199,2.858354091547069,2.027816851032263,0.0,0.0,-0.4904711135801781,-0.4936021740756626,5.435586108150237
257,rad_2,True,1,a9ebcF7RKU4,TransformType.LINEAR,recurrence,task_idx_0206,64.017,,,tn,True,,0.578514,0.0,0.0,89.81542321459877,13.0,0.0,0.0,3084.0551392422367,85.0,3621.147824220704,284.0,0.0,1.0,0.0,1.0,0.0,2.0,0.0,6.0,44.461,0.0,0.0,0.0,0.0,0.0,0.0,-0.07757140685161926,1.2255245399868955,-0.39343582899911195,-0.46703062690936226,0.0,0.0,0.7718740511492137,0.26793370775873593,-0.49251110701774387
258,rad_2,True,1,pP5CHNLQspI,TransformType.LINEAR,a_vertebralis_r,task_idx_0207,14.22,2.3614444844734668,True,,,17.17,0.350168,0.0,0.0,0.0,0.0,0.0,0.0,0.0,0.0,146.9211910903662,31.0,0.0,0.0,0.0,0.0,0.0,0.0,0.0,1.0,2.152,0.0,0.0,0.0,0.0,0.0,0.0,-0.2956521980358729,-0.3992502042450226,-0.39343582899911195,-0.46703062690936226,0.0,0.0,-0.48598505026809,-0.5027406046576754,-0.49251110701774387
259,rad_2,True,1,pP5CHNLQspI,TransformType.LINEAR,a_vertebralis_l,task_idx_0208,11.798,2.614157665477875,True,,,15.39,0.350168,0.0,0.0,0.0,0.0,0.0,0.0,0.0,0.0,100.23985592013676,24.0,0.0,0.0,0.0,0.0,0.0,0.0,0.0,1.0,2.225,0.0,0.0,0.0,0.0,0.0,0.0,-0.2956521980358729,-0.3992502042450226,-0.39343582899911195,-0.46703062690936226,0.0,0.0,-0.5028862339013749,-0.5240636093490385,-0.49251110701774387
260,rad_2,True,1,pP5CHNLQspI,TransformType.LINEAR,a_carotisexterna_r,task_idx_0209,18.813,0.7382963437565928,True,,,9.61,0.350168,0.0,0.0,2.8284271247461903,2.0,0.0,0.0,0.0,0.0,386.1051364659733,78.0,0.0,1.0,0.0,1.0,0.0,0.0,0.0,1.0,2.225,0.0,0.0,0.0,0.0,0.0,0.0,-0.2887844953285344,-0.1492848589785737,-0.39343582899911195,-0.46703062690936226,0.0,0.0,-0.3993874461467587,-0.35957185887280846,-0.49251110701774387
261,rad_2,True,1,pP5CHNLQspI,TransformType.LINEAR,a_carotisexterna_l,task_idx_0210,10.968,1.8449755407429749,True,,,7.83,0.350168,0.0,0.0,0.0,0.0,0.0,0.0,0.0,0.0,56.65967099246186,15.0,0.0,0.0,0.0,0.0,0.0,0.0,0.0,1.0,2.188,0.0,0.0,0.0,0.0,0.0,0.0,-0.2956521980358729,-0.3992502042450226,-0.39343582899911195,-0.46703062690936226,0.0,0.0,-0.518664632388676,-0.5514789010950769,-0.49251110701774387
262,rad_2,True,1,pP5CHNLQspI,TransformType.LINEAR,lymph_node,task_idx_0211,11.362,,True,,,13.78,0.350168,0.0,0.0,0.0,0.0,0.0,0.0,0.0,0.0,0.0,0.0,0.0,0.0,0.0,0.0,0.0,0.0,0.0,1.0,2.737,0.0,0.0,0.0,0.0,0.0,0.0,-0.2956521980358729,-0.3992502042450226,-0.39343582899911195,-0.46703062690936226,0.0,0.0,-0.5391785165899962,-0.5971710540051408,-0.49251110701774387
263,rad_2,True,1,pP5CHNLQspI,TransformType.LINEAR,recurrence,task_idx_0212,12.152,,,tp,True,,0.350168,0.0,0.0,0.0,0.0,0.0,0.0,0.0,0.0,2374.188274774069,49.0,0.0,0.0,0.0,0.0,0.0,0.0,0.0,1.0,2.465,0.0,0.0,0.0,0.0,0.0,0.0,-0.2956521980358729,-0.3992502042450226,-0.39343582899911195,-0.46703062690936226,0.0,0.0,0.32040683729119745,-0.4479100211655987,-0.49251110701774387
264,rad_2,True,1,Of-K39ULY0Q,TransformType.LINEAR,a_vertebralis_r,task_idx_0213,16.734,2.8926718696985154,True,,,3.37,0.75859,0.0,0.0,0.0,1.0,0.0,0.0,0.0,0.0,177.94998237325893,42.0,0.0,1.0,0.0,1.0,0.0,0.0,0.0,1.0,2.344,0.0,0.0,0.0,0.0,0.0,0.0,-0.2956521980358729,-0.2742675316117982,-0.39343582899911195,-0.46703062690936226,0.0,0.0,-0.4747509393010694,-0.46923302585696186,-0.49251110701774387
265,rad_2,True,1,Of-K39ULY0Q,TransformType.LINEAR,a_vertebralis_l,task_idx_0214,53.694,2.7842472656934065,True,,,3.65,0.75859,0.0,0.0,0.0,0.0,26.385164807134505,8.0,2099.097985049287,80.0,1957.3337477125328,320.0,11.0,1.0,0.0,1.0,0.0,0.0,0.0,1.0,1.994,0.0,0.0,0.0,0.0,0.0,0.0,-0.2956521980358729,-0.3992502042450226,-0.1987732604167445,0.40074240889642054,0.0,0.0,0.16948281413416003,0.3775948747428893,0.6931083360158523
266,rad_2,True,1,Of-K39ULY0Q,TransformType.LINEAR,a_carotisexterna_r,task_idx_0215,11.542,0.7912085464287624,True,,,2.95,0.75859,0.0,0.0,0.0,0.0,0.0,0.0,0.0,0.0,215.0038130500427,44.0,0.0,0.0,0.0,0.0,0.0,0.0,0.0,1.0,2.152,0.0,0.0,0.0,0.0,0.0,0.0,-0.2956521980358729,-0.3992502042450226,-0.39343582899911195,-0.46703062690936226,0.0,0.0,-0.46133543620328415,-0.4631407388022867,-0.49251110701774387
267,rad_2,True,1,Of-K39ULY0Q,TransformType.LINEAR,a_carotisexterna_l,task_idx_0216,8.338,1.6535265471920653,True,,,2.59,0.75859,0.0,0.0,0.0,0.0,0.0,0.0,0.0,0.0,0.0,0.0,7.0,0.0,0.0,0.0,0.0,0.0,0.0,1.0,1.889,0.0,0.0,0.0,0.0,0.0,0.0,-0.2956521980358729,-0.3992502042450226,-0.39343582899911195,-0.46703062690936226,0.0,0.0,-0.5391785165899962,-0.5971710540051408,0.26197399309454455
268,rad_2,True,1,Of-K39ULY0Q,TransformType.LINEAR,lymph_node,task_idx_0217,9.833,,True,,,4.29,0.75859,0.0,0.0,0.0,0.0,0.0,0.0,0.0,0.0,0.0,0.0,0.0,0.0,0.0,0.0,0.0,0.0,0.0,1.0,2.585,0.0,0.0,0.0,0.0,0.0,0.0,-0.2956521980358729,-0.3992502042450226,-0.39343582899911195,-0.46703062690936226,0.0,0.0,-0.5391785165899962,-0.5971710540051408,-0.49251110701774387
269,rad_2,True,1,Of-K39ULY0Q,TransformType.LINEAR,recurrence,task_idx_0218,57.816,,,fp,False,,0.75859,0.0,0.0,0.0,0.0,0.0,0.0,420.5748894201069,31.0,3583.446130420753,276.0,3.0,2.0,0.0,2.0,0.0,2.0,0.0,2.0,20.166,0.0,0.0,0.0,0.0,0.0,0.0,-0.2956521980358729,-0.3992502042450226,-0.39343582899911195,-0.46703062690936226,0.0,0.0,0.7582239863454713,0.24356455954003517,-0.16916034982676312
270,rad_2,True,1,TwU508CCA9Y,TransformType.NONLINEAR,a_vertebralis_r,task_idx_0219,17.844,2.9863839700025414,True,,,1.11,0.909549,0.0,0.0,0.0,0.0,0.0,0.0,1872.6069532354452,73.0,79.77138498593824,21.0,0.0,1.0,0.0,1.0,0.0,0.0,0.0,1.0,2.346,0.0,0.0,0.0,0.0,0.0,0.0,-0.3732512619222552,-0.4067252093957433,-0.3827478051390301,-0.4590485706666488,0.0,0.0,-0.4979231900365109,-0.5565236173223577,-0.5367706684618041
271,rad_2,True,1,TwU508CCA9Y,TransformType.NONLINEAR,a_vertebralis_l,task_idx_0220,42.384,4.541427529094813,True,,,1.89,0.909549,0.0,0.0,0.0,1.0,0.0,0.0,396.9496222103474,31.0,1504.2177059588591,244.0,0.0,1.0,0.0,1.0,0.0,0.0,0.0,1.0,2.667,0.0,0.0,0.0,0.0,0.0,0.0,-0.3732512619222552,-0.2998485120362779,-0.3827478051390301,-0.4590485706666488,0.0,0.0,0.11635643391640021,0.42025198387219587,-0.5367706684618041
272,rad_2,True,1,TwU508CCA9Y,TransformType.NONLINEAR,a_carotisexterna_r,task_idx_0221,9.689,1.88157737480686,True,,,1.09,0.909549,0.0,0.0,0.0,0.0,0.0,0.0,0.0,0.0,83.30936108473384,21.0,0.0,0.0,0.0,0.0,0.0,0.0,0.0,1.0,2.583,0.0,0.0,0.0,0.0,0.0,0.0,-0.3732512619222552,-0.4067252093957433,-0.3827478051390301,-0.4590485706666488,0.0,0.0,-0.4963974697650457,-0.5565236173223577,-0.5367706684618041
273,rad_2,True,1,TwU508CCA9Y,TransformType.NONLINEAR,a_carotisexterna_l,task_idx_0222,5.566,0.6564475699267338,True,,,0.95,0.909549,0.0,0.0,0.0,0.0,0.0,0.0,0.0,0.0,0.0,0.0,0.0,0.0,0.0,0.0,0.0,0.0,0.0,1.0,2.229,0.0,0.0,0.0,0.0,0.0,0.0,-0.3732512619222552,-0.4067252093957433,-0.3827478051390301,-0.4590485706666488,0.0,0.0,-0.5323238800799911,-0.648506969901217,-0.5367706684618041
274,rad_2,True,1,TwU508CCA9Y,TransformType.NONLINEAR,lymph_node,task_idx_0223,7.074,,True,,,0.26,0.909549,0.0,0.0,0.0,0.0,0.0,0.0,0.0,0.0,0.0,0.0,0.0,0.0,0.0,0.0,0.0,0.0,0.0,1.0,2.757,0.0,0.0,0.0,0.0,0.0,0.0,-0.3732512619222552,-0.4067252093957433,-0.3827478051390301,-0.4590485706666488,0.0,0.0,-0.5323238800799911,-0.648506969901217,-0.5367706684618041
275,rad_2,True,1,TwU508CCA9Y,TransformType.NONLINEAR,recurrence,task_idx_0224,121.674,,,fn,False,,0.909549,0.0,0.0,0.0,1.0,0.0,0.0,2955.559974667308,95.0,6771.551057758893,575.0,0.0,1.0,0.0,2.0,0.0,1.0,0.0,6.0,84.599,0.0,0.0,0.0,0.0,0.0,0.0,-0.3732512619222552,-0.2998485120362779,-0.3827478051390301,-0.4590485706666488,0.0,0.0,2.3878464177357777,1.870084826900883,-0.5367706684618041
276,rad_2,True,1,fEHc3cCOu-M,TransformType.NONLINEAR,a_vertebralis_r,task_idx_0225,12.044,3.4341831427130334,True,,,1.59,0.910319,0.0,0.0,0.0,0.0,0.0,0.0,0.0,0.0,0.0,0.0,10.0,0.0,0.0,1.0,0.0,1.0,0.0,1.0,2.447,0.0,0.0,0.0,0.0,0.0,0.0,-0.3732512619222552,-0.4067252093957433,-0.3827478051390301,-0.4590485706666488,0.0,0.0,-0.5323238800799911,-0.648506969901217,1.114831388343747
277,rad_2,True,1,fEHc3cCOu-M,TransformType.NONLINEAR,a_vertebralis_l,task_idx_0226,11.791,3.761676400455401,True,,,2.67,0.910319,0.0,0.0,0.0,0.0,0.0,0.0,0.0,0.0,84.88634951737268,33.0,0.0,0.0,0.0,0.0,0.0,0.0,0.0,1.0,2.308,0.0,0.0,0.0,0.0,0.0,0.0,-0.3732512619222552,-0.4067252093957433,-0.3827478051390301,-0.4590485706666488,0.0,0.0,-0.4957174077317373,-0.5039617015630096,-0.5367706684618041
278,rad_2,True,1,fEHc3cCOu-M,TransformType.NONLINEAR,a_carotisexterna_r,task_idx_0227,12.727000000000002,0.8929476609616496,True,,,1.62,0.910319,0.0,0.0,0.0,0.0,0.0,0.0,1121.8941946988234,59.0,76.85597454442107,20.0,0.0,1.0,0.0,1.0,0.0,0.0,0.0,1.0,2.165,0.0,0.0,0.0,0.0,0.0,0.0,-0.3732512619222552,-0.4067252093957433,-0.3827478051390301,-0.4590485706666488,0.0,0.0,-0.4991804344853297,-0.5609037769689701,-0.5367706684618041
279,rad_2,True,1,fEHc3cCOu-M,TransformType.NONLINEAR,a_carotisexterna_l,task_idx_0228,9.616,1.7961303566625726,True,,,1.72,0.910319,0.0,0.0,0.0,0.0,0.0,0.0,0.0,0.0,51.04869323401207,17.0,0.0,0.0,0.0,0.0,0.0,0.0,0.0,1.0,2.264,0.0,0.0,0.0,0.0,0.0,0.0,-0.3732512619222552,-0.4067252093957433,-0.3827478051390301,-0.4590485706666488,0.0,0.0,-0.5103095917060647,-0.5740442559088071,-0.5367706684618041
280,rad_2,True,1,fEHc3cCOu-M,TransformType.NONLINEAR,lymph_node,task_idx_0229,25.494,,True,,,2.33,0.910319,0.0,0.0,0.0,0.0,0.0,0.0,0.0,0.0,1046.094548362218,91.0,0.0,0.0,0.0,0.0,0.0,0.0,0.0,1.0,2.42,0.0,0.0,0.0,0.0,0.0,0.0,-0.3732512619222552,-0.4067252093957433,-0.3827478051390301,-0.4590485706666488,0.0,0.0,-0.08120504441321023,-0.24991244205949334,-0.5367706684618041
281,rad_2,True,1,fEHc3cCOu-M,TransformType.NONLINEAR,recurrence,task_idx_0230,118.007,,,tn,True,,0.910319,0.0,0.0,285.0493959458732,10.0,463.0673378321096,22.0,2235.5387923190538,109.0,6440.367285346882,504.0,3.0,1.0,0.0,2.0,0.0,1.0,0.0,6.0,86.674,0.0,0.0,0.0,0.0,0.0,0.0,0.3673950943454878,0.6620417641989107,4.128174987645294,2.1103257612625796,0.0,0.0,2.245026403965372,1.5590934919914063,-0.04129005142013878
282,rad_2,True,1,SzZUcvM5JpU,TransformType.LINEAR,a_vertebralis_r,task_idx_0237,18.689,8.960556335103565,False,,,6.47,0.51523,0.0,0.0,0.0,1.0,51.93901215004416,18.0,0.0,0.0,179.13655545131556,44.0,0.0,1.0,0.0,1.0,0.0,0.0,0.0,1.0,2.553,0.0,0.0,0.0,0.0,0.0,0.0,-0.2956521980358729,-0.2742675316117982,-0.010243925948178492,1.485458703653649,0.0,0.0,-0.4743213352759614,-0.4631407388022867,-0.49251110701774387
283,rad_2,True,1,SzZUcvM5JpU,TransformType.LINEAR,a_vertebralis_l,task_idx_0238,22.519,4.244410621212928,True,,,20.33,0.51523,0.0,0.0,0.0,0.0,0.0,0.0,0.0,0.0,556.7725321390126,131.0,0.0,0.0,0.0,0.0,0.0,0.0,0.0,1.0,2.254,0.0,0.0,0.0,0.0,0.0,0.0,-0.2956521980358729,-0.3992502042450226,-0.39343582899911195,-0.46703062690936226,0.0,0.0,-0.33759656154660983,-0.198126251923916,-0.49251110701774387
284,rad_2,True,1,SzZUcvM5JpU,TransformType.LINEAR,a_carotisexterna_r,task_idx_0239,18.678,2.473636770697466,True,,,4.49,0.51523,0.0,0.0,0.0,1.0,104.77844794976988,16.0,0.0,0.0,202.13541789483125,38.0,0.0,1.0,0.0,1.0,0.0,0.0,0.0,1.0,2.009,0.0,0.0,0.0,0.0,0.0,0.0,-0.2956521980358729,-0.2742675316117982,0.3795910578544025,1.2685154447022033,0.0,0.0,-0.46599449552090627,-0.4814175999663122,-0.49251110701774387
285,rad_2,True,1,SzZUcvM5JpU,TransformType.LINEAR,a_carotisexterna_l,task_idx_0240,12.018,1.4745726076683847,True,,,7.97,0.51523,0.0,0.0,0.0,0.0,0.0,0.0,0.0,0.0,348.59971541375205,52.0,0.0,0.0,0.0,0.0,0.0,0.0,0.0,1.0,2.123,0.0,0.0,0.0,0.0,0.0,0.0,-0.2956521980358729,-0.3992502042450226,-0.39343582899911195,-0.46703062690936226,0.0,0.0,-0.41296644953506606,-0.43877159058358595,-0.49251110701774387
286,rad_2,True,1,SzZUcvM5JpU,TransformType.LINEAR,lymph_node,task_idx_0241,15.115,,True,,,5.32,0.51523,0.0,0.0,0.0,1.0,42.61034807882519,9.0,0.0,0.0,329.49858475240853,37.0,0.0,0.0,0.0,0.0,0.0,0.0,0.0,1.0,2.429,0.0,0.0,0.0,0.0,0.0,0.0,-0.2956521980358729,-0.2742675316117982,-0.07906827185692572,0.5092140383721434,0.0,0.0,-0.4198820982784769,-0.48446374349364985,-0.49251110701774387
287,rad_2,True,1,SzZUcvM5JpU,TransformType.LINEAR,recurrence,task_idx_0242,9.07,,,fp,False,,0.51523,0.0,0.0,0.0,0.0,0.0,0.0,0.0,0.0,176.10977303811762,32.0,0.0,0.0,0.0,0.0,0.0,0.0,0.0,1.0,2.344,0.0,0.0,0.0,0.0,0.0,0.0,-0.2956521980358729,-0.3992502042450226,-0.39343582899911195,-0.46703062690936226,0.0,0.0,-0.47541719522077464,-0.49969446113033783,-0.49251110701774387
288,rad_3,False,2,ccucLKGWtSQ,TransformType.NONLINEAR,a_vertebralis_r,task_idx_0045,108.015,12.06987326638218,False,,,7.38,0.90475,0.0,0.0,1001.7545436075928,12.0,61.49556398563323,11.0,0.0,0.0,0.0,0.0,559.0,3.0,0.0,1.0,0.0,0.0,0.0,2.0,13.283,0.0,0.0,0.0,0.0,0.0,0.0,0.979427242950002,-0.4428255311821954,-0.42618504009973923,0.11034353633070418,-0.24873111058582867,-0.24152230186877724,0.0,0.0,1.799030747888715
289,rad_3,False,2,ccucLKGWtSQ,TransformType.NONLINEAR,a_vertebralis_l,task_idx_0046,84.46000000000001,2.734377606685414,True,,,5.83,0.90475,0.0,0.0,1128.5225830991346,30.0,276.11714893344833,28.0,202.2258506013885,31.0,0.0,0.0,542.0,0.0,0.0,0.0,0.0,0.0,0.0,2.0,8.701,0.0,0.0,0.0,0.0,0.0,0.0,1.261851398966588,1.138171406592254,0.565781203727401,1.5471572434454057,-0.24873111058582867,-0.24152230186877724,0.0,0.0,1.7159703716141201
290,rad_3,False,2,ccucLKGWtSQ,TransformType.NONLINEAR,a_carotisexterna_r,task_idx_0047,41.591,1.684949324838267,True,,,3.19,0.90475,0.0,0.0,826.9103541723933,35.0,766.7731000989986,42.0,0.0,0.0,0.0,0.0,153.0,0.0,0.0,0.0,0.0,0.0,0.0,1.0,5.013,0.0,0.0,0.0,0.0,0.0,0.0,0.5898951271761752,1.5773372226407123,2.833559353849009,2.730415590481042,-0.24873111058582867,-0.24152230186877724,0.0,0.0,-0.18464647372808238
291,rad_3,False,2,ccucLKGWtSQ,TransformType.NONLINEAR,a_carotisexterna_l,task_idx_0048,39.462,0.2167959268312793,True,,,0.79,0.90475,0.0,0.0,404.6151894171657,16.0,0.0,0.0,0.0,0.0,0.0,0.0,187.0,0.0,0.0,0.0,0.0,0.0,0.0,2.0,5.618,0.0,0.0,0.0,0.0,0.0,0.0,-0.3509284114243252,-0.0914928783434289,-0.7104133186006765,-0.8193594506258673,-0.24873111058582867,-0.24152230186877724,0.0,0.0,-0.01852572117889246
292,rad_3,False,2,ccucLKGWtSQ,TransformType.NONLINEAR,lymph_node,task_idx_0049,57.957,,True,,,9.69,0.90475,0.0,0.0,1185.9667177496626,30.0,812.0304023243173,32.0,0.0,0.0,0.0,0.0,176.0,0.0,0.0,0.0,0.0,0.0,0.0,2.0,8.972,0.0,0.0,0.0,0.0,0.0,0.0,1.3898301175130792,1.138171406592254,3.042735500344781,1.885231056884159,-0.24873111058582867,-0.24152230186877724,0.0,0.0,-0.07227067053304213
293,rad_3,False,2,ccucLKGWtSQ,TransformType.NONLINEAR,recurrence,task_idx_0050,106.535,,,tn,True,,0.90475,0.0,0.0,791.7845647997917,14.0,267.73903341850706,25.0,0.0,0.0,0.0,0.0,767.0,1.0,0.0,0.0,0.0,1.0,0.0,2.0,67.787,0.0,0.0,0.0,0.0,0.0,0.0,0.5116390347276106,-0.2671592047628122,0.5270581285076977,1.2936018833663405,-0.24873111058582867,-0.24152230186877724,0.0,0.0,2.8152988811308184
294,rad_3,False,2,2w1vVKUCbcg,TransformType.LINEAR,a_vertebralis_r,task_idx_0051,87.619,0.2379070830114569,True,,,20.56,0.235265,0.0,0.0,446.842802149246,11.0,687.7152066728402,46.0,0.0,0.0,0.0,0.0,328.0,1.0,0.0,0.0,0.0,1.0,0.0,2.0,10.303,0.0,0.0,0.0,0.0,0.0,0.0,-0.24268476734940359,-0.5122933721861799,1.7640540210346771,2.2258627275561143,-0.3130153012748322,-0.32144455726088267,0.0,0.0,0.05145343471837118
295,rad_3,False,2,2w1vVKUCbcg,TransformType.LINEAR,a_vertebralis_l,task_idx_0052,43.771,4.744212673515339,True,,,17.75,0.235265,0.0,0.0,793.7469522951246,18.0,290.9613180244378,15.0,0.0,0.0,0.0,0.0,191.0,0.0,0.0,0.0,0.0,0.0,0.0,1.0,8.909,0.0,0.0,0.0,0.0,0.0,0.0,0.348623265404153,-0.10049774286905916,0.4405949980269715,0.31283784965651973,-0.3130153012748322,-0.32144455726088267,0.0,0.0,-0.44322169204772366
296,rad_3,False,2,2w1vVKUCbcg,TransformType.LINEAR,a_carotisexterna_r,task_idx_0053,45.441,0.695538695656184,True,,,13.84,0.235265,0.0,0.0,822.5332928334603,27.0,1509.6282278455728,66.0,0.0,0.0,0.0,0.0,219.0,0.0,0.0,0.0,0.0,0.0,0.0,1.0,2.93,0.0,0.0,0.0,0.0,0.0,0.0,0.3976904050931403,0.4289537805386675,4.505723945693037,3.460072326201014,-0.3130153012748322,-0.32144455726088267,0.0,0.0,-0.34212020628531015
297,rad_3,False,2,2w1vVKUCbcg,TransformType.LINEAR,a_carotisexterna_l,task_idx_0054,124.655,3.854463258097438,True,,,16.24,0.235265,0.0,0.0,272.13671756480767,14.0,0.0,0.0,0.0,0.0,0.0,0.0,915.0,0.0,0.0,0.0,0.0,0.0,0.0,4.0,10.919,0.0,0.0,0.0,0.0,0.0,0.0,-0.5404762787575527,-0.335809531050271,-0.529969860196523,-0.6128193493271551,-0.3130153012748322,-0.32144455726088267,0.0,0.0,2.170973868380398
298,rad_3,False,2,2w1vVKUCbcg,TransformType.LINEAR,lymph_node,task_idx_0055,39.746,,True,,,25.94,0.235265,0.0,0.0,128.06659275674582,6.0,332.7859707258409,20.0,0.0,0.0,0.0,0.0,221.0,0.0,0.0,0.0,0.0,0.0,0.0,1.0,3.291,0.0,0.0,0.0,0.0,0.0,0.0,-0.7860479216536977,-0.8064331074126947,0.5801102380423978,0.6213902493177447,-0.3130153012748322,-0.32144455726088267,0.0,0.0,-0.33489867158799486
299,rad_3,False,2,2w1vVKUCbcg,TransformType.LINEAR,recurrence,task_idx_0056,140.136,,,fn,False,,0.235265,190.6,48.0,371.1056133008666,12.0,490.7580146275829,22.0,0.0,0.0,0.0,0.0,1347.0,1.0,0.0,0.0,0.0,0.0,0.0,1.0,95.873,0.0,0.0,0.0,0.0,0.0,0.0,-0.37178096906791125,-0.45346542514087695,1.1070604025309032,0.7448112091822346,3.020761635050179,3.431637841028342,0.0,0.0,3.7308253630004926
300,rad_3,False,2,96-du2ceM4o,TransformType.NONLINEAR,a_vertebralis_r,task_idx_0063,43.443,1.6409525127222806,True,,,1.62,0.914448,0.0,0.0,132.23485564731988,8.0,48.11299188513585,9.0,0.0,0.0,0.0,0.0,241.0,1.0,0.0,0.0,0.0,1.0,0.0,1.0,2.556,0.0,0.0,0.0,0.0,0.0,0.0,-0.9577594880033506,-0.7941581840209619,-0.4880383703810531,-0.05869337038867246,-0.24873111058582867,-0.24152230186877724,0.0,0.0,0.24531312110511508
301,rad_3,False,2,96-du2ceM4o,TransformType.NONLINEAR,a_vertebralis_l,task_idx_0064,29.071,1.830837800997301,True,,,1.05,0.914448,0.0,0.0,437.2316883288784,11.0,0.0,0.0,0.0,0.0,0.0,0.0,180.0,0.0,0.0,0.0,0.0,0.0,0.0,1.0,2.716,0.0,0.0,0.0,0.0,0.0,0.0,-0.2782627204954142,-0.5306586943918871,-0.7104133186006765,-0.8193594506258673,-0.24873111058582867,-0.24152230186877724,0.0,0.0,-0.05272705258607862
302,rad_3,False,2,96-du2ceM4o,TransformType.NONLINEAR,a_carotisexterna_r,task_idx_0065,35.363,7.524382334440494,False,,,7.39,0.914448,0.0,0.0,2468.8709286567423,49.0,674.8832776667131,16.0,0.0,0.0,0.0,0.0,152.0,0.0,0.0,0.0,0.0,0.0,0.0,2.0,4.268,0.0,0.0,0.0,0.0,0.0,0.0,4.247988534009938,2.807001507576395,2.4088508976783,0.5329358031291458,-0.24873111058582867,-0.24152230186877724,0.0,0.0,-0.18953237821482327
303,rad_3,False,2,96-du2ceM4o,TransformType.NONLINEAR,a_carotisexterna_l,task_idx_0066,22.869,1.1241446082433142,True,,,1.05,0.914448,0.0,0.0,820.7369201539979,16.0,198.1560296917154,23.0,0.0,0.0,0.0,0.0,57.0,0.0,0.0,0.0,0.0,0.0,0.0,2.0,2.395,0.0,0.0,0.0,0.0,0.0,0.0,0.5761414484148518,-0.0914928783434289,0.2054502582748015,1.1245649766469639,-0.24873111058582867,-0.24152230186877724,0.0,0.0,-0.6536933044552069
304,rad_3,False,2,96-du2ceM4o,TransformType.NONLINEAR,lymph_node,task_idx_0067,25.776,,True,,,1.32,0.914448,0.0,0.0,0.0,0.0,0.0,0.0,0.0,0.0,0.0,0.0,132.0,0.0,0.0,0.0,0.0,0.0,0.0,1.0,2.632,0.0,0.0,0.0,0.0,0.0,0.0,-1.2523630619953678,-1.496823489698495,-0.7104133186006765,-0.8193594506258673,-0.24873111058582867,-0.24152230186877724,0.0,0.0,-0.2872504679496409
305,rad_3,False,2,96-du2ceM4o,TransformType.NONLINEAR,recurrence,task_idx_0068,83.463,,,tn,True,,0.914448,154.3,37.0,347.45174396713327,21.0,342.8694169839454,28.0,0.0,0.0,0.0,0.0,481.0,1.0,0.0,1.0,0.0,0.0,0.0,2.0,47.967,0.0,0.0,0.0,0.0,0.0,0.0,-0.47828178772468793,0.3476729377050293,0.8743056078365885,1.5471572434454057,3.2731948977806287,3.70581151517676,0.0,0.0,1.4179301979229264
306,rad_3,False,2,CD8Gu0llvgk,TransformType.NONLINEAR,a_vertebralis_r,task_idx_0075,14.994,1.5103595493754491,True,,,0.95,0.874006,0.0,0.0,0.0,0.0,0.0,0.0,0.0,0.0,0.0,0.0,0.0,1.0,0.0,1.0,0.0,0.0,0.0,1.0,3.329,0.0,0.0,0.0,0.0,0.0,0.0,-1.2523630619953678,-1.496823489698495,-0.7104133186006765,-0.8193594506258673,-0.24873111058582867,-0.24152230186877724,0.0,0.0,-0.9321898601994371
307,rad_3,False,2,CD8Gu0llvgk,TransformType.NONLINEAR,a_vertebralis_l,task_idx_0076,34.048,2.034064426366333,True,,,1.01,0.874006,0.0,0.0,373.5916827504555,10.0,65.29538663553753,7.0,0.0,0.0,0.0,0.0,234.0,0.0,0.0,0.0,0.0,0.0,0.0,1.0,3.716,0.0,0.0,0.0,0.0,0.0,0.0,-0.4200451045763492,-0.6184918576015788,-0.40862252045777797,-0.22773027710804908,-0.24873111058582867,-0.24152230186877724,0.0,0.0,0.2111117896979289
308,rad_3,False,2,CD8Gu0llvgk,TransformType.NONLINEAR,a_carotisexterna_r,task_idx_0077,14.003,1.4892075837622971,True,,,1.03,0.874006,0.0,0.0,221.63376296561805,12.0,0.0,0.0,0.0,0.0,0.0,0.0,9.0,0.0,0.0,0.0,0.0,0.0,0.0,1.0,3.375,0.0,0.0,0.0,0.0,0.0,0.0,-0.7585893261120327,-0.4428255311821954,-0.7104133186006765,-0.8193594506258673,-0.24873111058582867,-0.24152230186877724,0.0,0.0,-0.8882167198187692
309,rad_3,False,2,CD8Gu0llvgk,TransformType.NONLINEAR,a_carotisexterna_l,task_idx_0078,14.114,0.930950073277635,True,,,1.26,0.874006,0.0,0.0,0.0,0.0,0.0,0.0,0.0,0.0,0.0,0.0,33.0,0.0,0.0,0.0,0.0,0.0,0.0,1.0,1.954,0.0,0.0,0.0,0.0,0.0,0.0,-1.2523630619953678,-1.496823489698495,-0.7104133186006765,-0.8193594506258673,-0.24873111058582867,-0.24152230186877724,0.0,0.0,-0.770955012136988
310,rad_3,False,2,CD8Gu0llvgk,TransformType.NONLINEAR,lymph_node,task_idx_0079,24.622,,True,,,1.96,0.874006,0.0,0.0,152.83766869135832,8.0,39.1295595506128,6.0,0.0,0.0,0.0,0.0,76.0,0.0,0.0,0.0,0.0,0.0,0.0,1.0,3.01,0.0,0.0,0.0,0.0,0.0,0.0,-0.9118588642430667,-0.7941581840209619,-0.5295591784196242,-0.3122487304677374,-0.24873111058582867,-0.24152230186877724,0.0,0.0,-0.5608611192071301
311,rad_3,False,2,CD8Gu0llvgk,TransformType.NONLINEAR,recurrence,task_idx_0080,58.02,,,tn,True,,0.874006,65.8,7.0,611.063164091338,20.0,0.0,0.0,0.0,0.0,0.0,0.0,366.0,1.0,0.0,1.0,0.0,0.0,0.0,2.0,48.397,0.0,0.0,0.0,0.0,0.0,0.0,0.10901318933362387,0.2598397744953376,-0.7104133186006765,-0.8193594506258673,1.253166046578869,0.5052705824371352,0.0,0.0,0.8560511819477251
312,rad_3,False,2,TMxGak0IQOg,TransformType.NONLINEAR,a_vertebralis_r,task_idx_0081,45.082,7.742159603341822,False,,,5.91,0.905836,0.0,0.0,355.88493168796674,12.0,63.87314885243783,10.0,0.0,0.0,0.0,0.0,219.0,0.0,1.0,1.0,0.0,0.0,0.0,1.0,4.188,0.0,0.0,0.0,0.0,0.0,0.0,-0.4594936457439583,-0.4428255311821954,-0.41519600593396383,0.025825082971015857,-0.24873111058582867,-0.24152230186877724,0.0,0.0,0.13782322239681571
313,rad_3,False,2,TMxGak0IQOg,TransformType.NONLINEAR,a_vertebralis_l,task_idx_0082,46.425,1.849365325989132,True,,,1.88,0.905836,0.0,0.0,816.196934993662,19.0,27.027756377319943,3.0,0.0,0.0,0.0,0.0,233.0,0.0,0.0,0.0,0.0,0.0,0.0,1.0,2.629,0.0,0.0,0.0,0.0,0.0,0.0,0.5660268999657434,0.172006611285646,-0.5854928825727529,-0.5658040905468024,-0.24873111058582867,-0.24152230186877724,0.0,0.0,0.20622588521118804
314,rad_3,False,2,TMxGak0IQOg,TransformType.NONLINEAR,a_carotisexterna_r,task_idx_0083,19.508,0.6111521261759302,True,,,0.25,0.905836,0.0,0.0,665.9619072795898,19.0,469.57975839996527,33.0,0.0,0.0,0.0,0.0,21.0,0.0,0.0,0.0,0.0,0.0,0.0,1.0,2.137,0.0,0.0,0.0,0.0,0.0,0.0,0.2313210776113142,0.172006611285646,1.4599521142635428,1.9697495102438471,-0.24873111058582867,-0.24152230186877724,0.0,0.0,-0.8295858659778785
315,rad_3,False,2,TMxGak0IQOg,TransformType.NONLINEAR,a_carotisexterna_l,task_idx_0084,17.353,1.4348316836717474,True,,,3.68,0.905836,0.0,0.0,404.2821987498344,10.0,0.0,0.0,0.0,0.0,0.0,0.0,14.0,0.0,0.0,0.0,0.0,0.0,0.0,1.0,2.403,0.0,0.0,0.0,0.0,0.0,0.0,-0.3516702751350811,-0.6184918576015788,-0.7104133186006765,-0.8193594506258673,-0.24873111058582867,-0.24152230186877724,0.0,0.0,-0.8637871973850647
316,rad_3,False,2,TMxGak0IQOg,TransformType.NONLINEAR,lymph_node,task_idx_0085,92.573,,True,,,6.15,0.905836,0.0,0.0,503.0232272588603,19.0,111.20646009177956,18.0,223.6124976155212,18.0,0.0,0.0,347.0,0.0,0.0,0.0,0.0,0.0,0.0,2.0,2.219,0.0,0.0,0.0,0.0,0.0,0.0,-0.13168697530080412,0.172006611285646,-0.1964246881776098,0.7019727098485223,-0.24873111058582867,-0.24152230186877724,0.0,0.0,0.7632189966996483
317,rad_3,False,2,TMxGak0IQOg,TransformType.NONLINEAR,recurrence,task_idx_0086,96.589,,,fn,False,,0.905836,307.3,64.0,875.183033246576,38.0,0.0,0.0,256.7211152133113,31.0,0.0,0.0,496.0,2.0,1.0,1.0,0.0,0.0,0.0,2.0,72.2,0.0,0.0,0.0,0.0,0.0,0.0,0.6974409305258845,1.840836712269787,-0.7104133186006765,-0.8193594506258673,6.765448165959941,6.586298354642422,0.0,0.0,1.4912187652240396
318,rad_3,False,2,7IZ0hAktN78,TransformType.LINEAR,a_vertebralis_r,task_idx_0093,98.266,2.147034628043207,True,,,15.09,0.493587,0.0,0.0,368.7968561423665,21.0,38.01999200639361,6.0,0.0,0.0,0.0,0.0,749.0,1.0,0.0,0.0,0.0,1.0,0.0,1.0,3.218,0.0,0.0,0.0,0.0,0.0,0.0,-0.37571631159098084,0.07598609826684972,-0.403145894722719,-0.24255646973368514,-0.3130153012748322,-0.32144455726088267,0.0,0.0,1.571586488503232
319,rad_3,False,2,7IZ0hAktN78,TransformType.LINEAR,a_vertebralis_l,task_idx_0094,28.462,1.233020321174379,True,,,8.68,0.493587,0.0,0.0,302.3629797009215,5.0,0.0,0.0,0.0,0.0,0.0,0.0,70.0,0.0,0.0,0.0,0.0,0.0,0.0,1.0,3.768,0.0,0.0,0.0,0.0,0.0,0.0,-0.4889547515758141,-0.8652610544579976,-0.529969860196523,-0.6128193493271551,-0.3130153012748322,-0.32144455726088267,0.0,0.0,-0.8801245412352965
320,rad_3,False,2,7IZ0hAktN78,TransformType.LINEAR,a_carotisexterna_r,task_idx_0095,19.34,0.6106429877610278,True,,,12.53,0.493587,0.0,0.0,470.7403808557288,13.0,57.64202506483385,8.0,0.0,0.0,0.0,0.0,41.0,0.0,0.0,0.0,0.0,0.0,0.0,1.0,2.009,0.0,0.0,0.0,0.0,0.0,0.0,-0.2019506618434262,-0.394637478095574,-0.3376923290641312,-0.11913550986919517,-0.3130153012748322,-0.32144455726088267,0.0,0.0,-0.9848367943463676
321,rad_3,False,2,7IZ0hAktN78,TransformType.LINEAR,a_carotisexterna_l,task_idx_0096,34.241,6.135917371257357,False,,,6.42,0.493587,0.0,0.0,333.0076496610407,15.0,167.33400123281623,26.0,0.0,0.0,0.0,0.0,170.0,0.0,0.0,0.0,0.0,0.0,0.0,1.0,2.899,0.0,0.0,0.0,0.0,0.0,0.0,-0.4367200363068265,-0.27698158400496803,0.028209152344441924,0.9916531289112145,-0.3130153012748322,-0.32144455726088267,0.0,0.0,-0.5190478063695338
322,rad_3,False,2,7IZ0hAktN78,TransformType.LINEAR,lymph_node,task_idx_0097,60.13,,True,,,3.6,0.493587,0.0,0.0,435.6663197506239,24.0,0.0,0.0,0.0,0.0,0.0,0.0,382.0,0.0,0.0,0.0,0.0,0.0,0.0,1.0,2.634,0.0,0.0,0.0,0.0,0.0,0.0,-0.26173540083837993,0.25246993940275864,-0.529969860196523,-0.6128193493271551,-0.3130153012748322,-0.32144455726088267,0.0,0.0,0.246434871545883
323,rad_3,False,2,7IZ0hAktN78,TransformType.LINEAR,recurrence,task_idx_0098,59.71,,,tn,True,,0.493587,0.0,0.0,0.0,0.0,0.0,0.0,0.0,0.0,0.0,0.0,685.0,0.0,0.0,0.0,0.0,0.0,0.0,1.0,0.0,0.0,0.0,0.0,0.0,0.0,0.0,-1.0043410870499547,-1.1594007896845124,-0.529969860196523,-0.6128193493271551,-0.3130153012748322,-0.32144455726088267,0.0,0.0,1.3404973781891438
324,rad_3,False,2,7SwVHAAw5lM,TransformType.LINEAR,a_vertebralis_r,task_idx_0099,90.137,1.161662981533794,True,,,19.43,0.588421,0.0,0.0,656.0678464751051,31.0,547.9406517600711,26.0,0.0,0.0,0.0,0.0,551.0,0.0,0.0,0.0,0.0,0.0,0.0,3.0,15.575,0.0,0.0,0.0,0.0,0.0,0.0,0.1139452969236087,0.6642655687198793,1.2978055451435635,0.9916531289112145,-0.3130153012748322,-0.32144455726088267,0.0,0.0,0.8566545534690219
325,rad_3,False,2,7SwVHAAw5lM,TransformType.LINEAR,a_vertebralis_l,task_idx_0100,19.31,3.6150494185329634,True,,,26.11,0.588421,0.0,0.0,437.6012766893875,25.0,0.0,0.0,0.0,0.0,0.0,0.0,27.0,0.0,0.0,0.0,0.0,0.0,0.0,1.0,2.055,0.0,0.0,0.0,0.0,0.0,0.0,-0.2584372114669297,0.31129788644806156,-0.529969860196523,-0.6128193493271551,-0.3130153012748322,-0.32144455726088267,0.0,0.0,-1.0353875372275745
326,rad_3,False,2,7SwVHAAw5lM,TransformType.LINEAR,a_carotisexterna_r,task_idx_0101,15.015,1.2263588853678375,True,,,3.0,0.588421,0.0,0.0,890.3092404761958,41.0,0.0,0.0,0.0,0.0,0.0,0.0,21.0,0.0,0.0,0.0,0.0,0.0,0.0,1.0,1.937,0.0,0.0,0.0,0.0,0.0,0.0,0.5132164437749525,1.252545039172909,-0.529969860196523,-0.6128193493271551,-0.3130153012748322,-0.32144455726088267,0.0,0.0,-1.0570521413195202
327,rad_3,False,2,7SwVHAAw5lM,TransformType.LINEAR,a_carotisexterna_l,task_idx_0102,12.832,0.5434365958648044,True,,,6.06,0.588421,0.0,0.0,136.94430374449206,11.0,0.0,0.0,0.0,0.0,0.0,0.0,10.0,0.0,0.0,0.0,0.0,0.0,0.0,1.0,2.213,0.0,0.0,0.0,0.0,0.0,0.0,-0.7709156096957366,-0.5122933721861799,-0.529969860196523,-0.6128193493271551,-0.3130153012748322,-0.32144455726088267,0.0,0.0,-1.096770582154754
328,rad_3,False,2,7SwVHAAw5lM,TransformType.LINEAR,lymph_node,task_idx_0103,16.167,,True,,,3.0,0.588421,0.0,0.0,516.9416419069493,18.0,0.0,0.0,0.0,0.0,0.0,0.0,32.0,0.0,0.0,0.0,0.0,0.0,0.0,1.0,2.66,0.0,0.0,0.0,0.0,0.0,0.0,-0.12319929270747744,-0.10049774286905916,-0.529969860196523,-0.6128193493271551,-0.3130153012748322,-0.32144455726088267,0.0,0.0,-1.0173337004842864
329,rad_3,False,2,7SwVHAAw5lM,TransformType.LINEAR,recurrence,task_idx_0104,35.794000000000004,,,tn,True,,0.588421,0.0,0.0,513.6016290553356,16.0,178.00569954207023,13.0,91.84105892522938,14.0,0.0,0.0,239.0,0.0,0.0,0.0,0.0,0.0,0.0,1.0,24.21,0.0,0.0,0.0,0.0,0.0,0.0,-0.1288924400158298,-0.21815363695966508,0.06380692673882063,0.18941688979202978,-0.3130153012748322,-0.32144455726088267,0.0,0.0,-0.2699048593121576
330,rad_3,False,2,87J-_CHHkzI,TransformType.NONLINEAR,a_vertebralis_r,task_idx_0105,24.862,0.8693615790953887,True,,,1.63,0.908453,0.0,0.0,329.9475072080525,12.0,262.5673308061795,18.0,0.0,0.0,0.0,0.0,76.0,0.0,0.0,0.0,0.0,0.0,0.0,1.0,2.301,0.0,0.0,0.0,0.0,0.0,0.0,-0.5172791510445469,-0.4428255311821954,0.5031548737824613,0.7019727098485223,-0.24873111058582867,-0.24152230186877724,0.0,0.0,-0.5608611192071301
331,rad_3,False,2,87J-_CHHkzI,TransformType.NONLINEAR,a_vertebralis_l,task_idx_0106,30.699,1.094217711564459,True,,,1.31,0.908453,0.0,0.0,453.8213772912055,18.0,0.0,0.0,0.0,0.0,0.0,0.0,60.0,0.0,0.0,0.0,0.0,0.0,0.0,1.0,3.042,0.0,0.0,0.0,0.0,0.0,0.0,-0.24130286119211147,0.08417344807595438,-0.7104133186006765,-0.8193594506258673,-0.24873111058582867,-0.24152230186877724,0.0,0.0,-0.6390355909949842
332,rad_3,False,2,87J-_CHHkzI,TransformType.NONLINEAR,a_carotisexterna_r,task_idx_0107,23.754,1.4047378785884572,True,,,1.58,0.908453,0.0,0.0,488.3841016159196,16.0,0.0,0.0,0.0,0.0,0.0,0.0,28.0,0.0,0.0,0.0,0.0,0.0,0.0,1.0,2.432,0.0,0.0,0.0,0.0,0.0,0.0,-0.16430121088503552,-0.0914928783434289,-0.7104133186006765,-0.8193594506258673,-0.24873111058582867,-0.24152230186877724,0.0,0.0,-0.7953845345706924
333,rad_3,False,2,87J-_CHHkzI,TransformType.NONLINEAR,a_carotisexterna_l,task_idx_0108,9.675,1.1867603678939342,True,,,0.78,0.908453,0.0,0.0,509.1539061408741,14.0,0.0,0.0,0.0,0.0,0.0,0.0,0.0,0.0,0.0,0.0,0.0,0.0,0.0,1.0,2.033,0.0,0.0,0.0,0.0,0.0,0.0,-0.11802854991214785,-0.2671592047628122,-0.7104133186006765,-0.8193594506258673,-0.24873111058582867,-0.24152230186877724,0.0,0.0,-0.9321898601994371
334,rad_3,False,2,87J-_CHHkzI,TransformType.NONLINEAR,lymph_node,task_idx_0109,25.695,,True,,,3.4,0.908453,0.0,0.0,1040.169741404292,31.0,0.0,0.0,0.0,0.0,0.0,0.0,108.0,0.0,0.0,0.0,0.0,0.0,0.0,1.0,2.76,0.0,0.0,0.0,0.0,0.0,0.0,1.0650117472103748,1.2260045698019457,-0.7104133186006765,-0.8193594506258673,-0.24873111058582867,-0.24152230186877724,0.0,0.0,-0.404512175631422
335,rad_3,False,2,87J-_CHHkzI,TransformType.NONLINEAR,recurrence,task_idx_0110,85.72,,,tn,True,,0.908453,0.0,0.0,1262.020470782159,42.0,1.0,2.0,0.0,0.0,0.0,0.0,451.0,1.0,0.0,2.0,0.0,1.0,0.0,7.0,61.85699999999999,0.0,0.0,0.0,0.0,0.0,0.0,1.5592688585257917,2.192169365108554,-0.7057913871949032,-0.6503225439064907,-0.24873111058582867,-0.24152230186877724,0.0,0.0,1.2713530633207
336,rad_3,False,2,aBQe2EfmXv8,TransformType.LINEAR,a_vertebralis_r,task_idx_0111,61.861,1.5249110440935094,True,,,18.43,0.379644,0.0,0.0,666.2848802740737,19.0,262.2304059795159,14.0,0.0,0.0,0.0,0.0,221.0,0.0,1.0,0.0,0.0,1.0,0.0,1.0,2.955,0.0,0.0,0.0,0.0,0.0,0.0,0.13136052286917382,-0.0416697958237562,0.34475678226397716,0.25112736972427474,-0.3130153012748322,-0.32144455726088267,0.0,0.0,-0.33489867158799486
337,rad_3,False,2,aBQe2EfmXv8,TransformType.LINEAR,a_vertebralis_l,task_idx_0112,63.235,2.927375181799284,True,,,23.95,0.379644,0.0,0.0,586.515535660274,25.0,0.0,0.0,0.0,0.0,0.0,0.0,507.0,0.0,0.0,0.0,0.0,0.0,0.0,1.0,2.323,0.0,0.0,0.0,0.0,0.0,0.0,-0.004608603524359868,0.31129788644806156,-0.529969860196523,-0.6128193493271551,-0.3130153012748322,-0.32144455726088267,0.0,0.0,0.6977807901280864
338,rad_3,False,2,aBQe2EfmXv8,TransformType.LINEAR,a_carotisexterna_r,task_idx_0113,15.084,2.0653885402297827,True,,,6.62,0.379644,0.0,0.0,187.3747701646936,6.0,0.0,0.0,0.0,0.0,0.0,0.0,30.0,0.0,0.0,0.0,0.0,0.0,0.0,1.0,2.317,0.0,0.0,0.0,0.0,0.0,0.0,-0.684955439207047,-0.8064331074126947,-0.529969860196523,-0.6128193493271551,-0.3130153012748322,-0.32144455726088267,0.0,0.0,-1.0245552351816016
339,rad_3,False,2,aBQe2EfmXv8,TransformType.LINEAR,a_carotisexterna_l,task_idx_0114,17.097,1.5349788088769645,True,,,5.16,0.379644,0.0,0.0,0.0,0.0,0.0,0.0,0.0,0.0,0.0,0.0,92.0,0.0,0.0,0.0,0.0,0.0,0.0,0.0,0.0,0.0,0.0,0.0,0.0,0.0,0.0,-1.0043410870499547,-1.1594007896845124,-0.529969860196523,-0.6128193493271551,-0.3130153012748322,-0.32144455726088267,0.0,0.0,-0.8006876595648287
340,rad_3,False,2,aBQe2EfmXv8,TransformType.LINEAR,lymph_node,task_idx_0115,15.658,,True,,,8.49,0.379644,0.0,0.0,84.80761816366346,8.0,0.0,0.0,0.0,0.0,0.0,0.0,58.0,0.0,0.0,0.0,0.0,0.0,0.0,1.0,2.566,0.0,0.0,0.0,0.0,0.0,0.0,-0.8597840794794692,-0.6887772133220887,-0.529969860196523,-0.6128193493271551,-0.3130153012748322,-0.32144455726088267,0.0,0.0,-0.923453749419188
341,rad_3,False,2,aBQe2EfmXv8,TransformType.LINEAR,recurrence,task_idx_0116,82.49,,,tp,True,,0.379644,0.0,0.0,1100.6108808208537,39.0,0.0,0.0,0.0,0.0,0.0,0.0,412.0,1.0,0.0,0.0,0.0,0.0,0.0,3.0,51.42100000000001,0.0,0.0,0.0,0.0,0.0,0.0,0.8716815967134608,1.134889145082303,-0.529969860196523,-0.6128193493271551,-0.3130153012748322,-0.32144455726088267,0.0,0.0,0.3547578920056118
342,rad_3,False,2,2pO8AtRxHAg,TransformType.LINEAR,a_vertebralis_r,task_idx_0117,81.694,9.69838641009874,False,,,9.74,0.704734,0.0,0.0,1154.5511718880498,22.0,854.2012111949377,48.0,0.0,0.0,0.0,0.0,410.0,1.0,0.0,0.0,0.0,0.0,0.0,1.0,4.031,0.0,0.0,0.0,0.0,0.0,0.0,0.9636243635661649,0.13481404531215269,2.3194043558225275,2.3492836874206042,-0.3130153012748322,-0.32144455726088267,0.0,0.0,0.3475363573082966
343,rad_3,False,2,2pO8AtRxHAg,TransformType.LINEAR,a_vertebralis_l,task_idx_0118,76.651,4.197137118426458,True,,,10.66,0.704734,0.0,0.0,945.705078730613,21.0,0.0,0.0,0.0,0.0,0.0,0.0,550.0,0.0,0.0,0.0,0.0,0.0,0.0,2.0,68.351,0.0,0.0,0.0,0.0,0.0,0.0,0.6076402323839363,0.07598609826684972,-0.529969860196523,-0.6128193493271551,-0.3130153012748322,-0.32144455726088267,0.0,0.0,0.8530437861203642
344,rad_3,False,2,2pO8AtRxHAg,TransformType.LINEAR,a_carotisexterna_r,task_idx_0119,18.879,1.1222954504327245,True,,,2.04,0.704734,0.0,0.0,1693.7138881057265,34.0,0.0,0.0,0.0,0.0,0.0,0.0,50.0,0.0,0.0,0.0,0.0,0.0,0.0,1.0,1.891,0.0,0.0,0.0,0.0,0.0,0.0,1.8826426137850607,0.8407494098557883,-0.529969860196523,-0.6128193493271551,-0.3130153012748322,-0.32144455726088267,0.0,0.0,-0.9523398882084491
345,rad_3,False,2,2pO8AtRxHAg,TransformType.LINEAR,a_carotisexterna_l,task_idx_0120,10.484,1.0474689751226989,True,,,1.51,0.704734,0.0,0.0,896.9317789947622,27.0,0.0,0.0,0.0,0.0,0.0,0.0,3.0,0.0,0.0,0.0,0.0,0.0,0.0,1.0,1.95,0.0,0.0,0.0,0.0,0.0,0.0,0.5245047498433619,0.4289537805386675,-0.529969860196523,-0.6128193493271551,-0.3130153012748322,-0.32144455726088267,0.0,0.0,-1.1220459535953575
346,rad_3,False,2,2pO8AtRxHAg,TransformType.LINEAR,lymph_node,task_idx_0121,12.928,,True,,,1.56,0.704734,0.0,0.0,233.1156520198793,12.0,0.0,0.0,0.0,0.0,0.0,0.0,52.0,0.0,0.0,0.0,0.0,0.0,0.0,2.0,2.153,0.0,0.0,0.0,0.0,0.0,0.0,-0.6069887995608247,-0.45346542514087695,-0.529969860196523,-0.6128193493271551,-0.3130153012748322,-0.32144455726088267,0.0,0.0,-0.9451183535111337
347,rad_3,False,2,2pO8AtRxHAg,TransformType.LINEAR,recurrence,task_idx_0122,64.185,,,tp,True,,0.704734,0.0,0.0,446.8265336401362,26.0,323.0412991184887,32.0,0.0,0.0,0.0,0.0,385.0,0.0,0.0,0.0,0.0,0.0,0.0,2.0,6.37,0.0,0.0,0.0,0.0,0.0,0.0,-0.24271249748786836,0.37012583349336453,0.5476047631523303,1.3619160085046844,-0.3130153012748322,-0.32144455726088267,0.0,0.0,0.2572671735918559
348,rad_3,False,2,6WB8wP4uAl0,TransformType.LINEAR,a_vertebralis_r,task_idx_0123,93.358,1.177952895532689,True,,,17.16,0.64322,0.0,0.0,750.8249224752353,31.0,270.4411952894118,12.0,0.0,0.0,0.0,0.0,542.0,0.0,0.0,0.0,0.0,0.0,0.0,1.0,5.185,0.0,0.0,0.0,0.0,0.0,0.0,0.27546143956864344,0.6642655687198793,0.37214565861555027,0.1277064098597848,-0.3130153012748322,-0.32144455726088267,0.0,0.0,0.8241576473311033
349,rad_3,False,2,6WB8wP4uAl0,TransformType.LINEAR,a_vertebralis_l,task_idx_0124,39.479,1.1648741645393186,True,,,15.25,0.64322,0.0,0.0,240.25894208349445,7.0,0.0,0.0,0.0,0.0,0.0,0.0,241.0,0.0,0.0,0.0,0.0,0.0,0.0,1.0,2.992,0.0,0.0,0.0,0.0,0.0,0.0,-0.5948128576093431,-0.7476051603673918,-0.529969860196523,-0.6128193493271551,-0.3130153012748322,-0.32144455726088267,0.0,0.0,-0.26268332461484234
350,rad_3,False,2,6WB8wP4uAl0,TransformType.LINEAR,a_carotisexterna_r,task_idx_0125,32.218,1.4901516882168986,True,,,3.63,0.64322,0.0,0.0,0.0,0.0,0.0,0.0,0.0,0.0,0.0,0.0,189.0,0.0,0.0,0.0,0.0,0.0,0.0,1.0,2.02,0.0,0.0,0.0,0.0,0.0,0.0,-1.0043410870499547,-1.1594007896845124,-0.529969860196523,-0.6128193493271551,-0.3130153012748322,-0.32144455726088267,0.0,0.0,-0.4504432267450389
351,rad_3,False,2,6WB8wP4uAl0,TransformType.LINEAR,a_carotisexterna_l,task_idx_0126,23.867,1.2007754855077322,True,,,5.4,0.64322,0.0,0.0,617.7693803078,12.0,331.074948076287,14.0,0.0,0.0,0.0,0.0,86.0,0.0,0.0,0.0,0.0,0.0,0.0,1.0,1.975,0.0,0.0,0.0,0.0,0.0,0.0,0.04866446739953208,-0.45346542514087695,0.5744027492718733,0.25112736972427474,-0.3130153012748322,-0.32144455726088267,0.0,0.0,-0.8223522636567745
352,rad_3,False,2,6WB8wP4uAl0,TransformType.LINEAR,lymph_node,task_idx_0127,12.031,,True,,,1.81,0.64322,0.0,0.0,0.0,0.0,0.0,0.0,0.0,0.0,0.0,0.0,40.0,0.0,0.0,0.0,0.0,0.0,0.0,1.0,2.189,0.0,0.0,0.0,0.0,0.0,0.0,-1.0043410870499547,-1.1594007896845124,-0.529969860196523,-0.6128193493271551,-0.3130153012748322,-0.32144455726088267,0.0,0.0,-0.9884475616950252
353,rad_3,False,2,6WB8wP4uAl0,TransformType.LINEAR,recurrence,task_idx_0128,62.339,,,tn,True,,0.64322,107.20000000000005,63.0,199.4699061747717,10.0,0.0,0.0,0.0,0.0,0.0,0.0,253.0,1.0,0.0,1.0,0.0,0.0,0.0,2.0,40.213,0.0,0.0,0.0,0.0,0.0,0.0,-0.6643389343972934,-0.5711213192314829,-0.529969860196523,-0.6128193493271551,1.5620155884105895,4.6044760904937245,0.0,0.0,-0.21935411643095082
354,rad_3,False,2,CCL2MqdD19g,TransformType.NONLINEAR,a_vertebralis_r,task_idx_0147,42.716,1.2026908442722584,True,,,1.88,0.870385,0.0,0.0,697.8918292603156,24.0,261.9803655448293,14.0,0.0,0.0,0.0,0.0,110.0,1.0,0.0,0.0,0.0,1.0,0.0,2.0,4.575,0.0,0.0,0.0,0.0,0.0,0.0,0.30245715657294875,0.6111724273341042,0.5004419606069289,0.36389889640976913,-0.24873111058582867,-0.24152230186877724,0.0,0.0,-0.3947403666579402
355,rad_3,False,2,CCL2MqdD19g,TransformType.NONLINEAR,a_vertebralis_l,task_idx_0148,86.264,1.0221160424288471,True,,,6.55,0.870385,0.0,0.0,169.09630054984024,9.0,0.0,0.0,0.0,0.0,0.0,0.0,747.0,0.0,0.0,0.0,0.0,0.0,0.0,2.0,4.502,0.0,0.0,0.0,0.0,0.0,0.0,-0.8756365609004131,-0.7063250208112704,-0.7104133186006765,-0.8193594506258673,-0.24873111058582867,-0.24152230186877724,0.0,0.0,2.7175807913960006
356,rad_3,False,2,CCL2MqdD19g,TransformType.NONLINEAR,a_carotisexterna_r,task_idx_0149,8.962,1.4561014790407267,True,,,1.47,0.870385,0.0,0.0,0.0,0.0,0.0,0.0,0.0,0.0,0.0,0.0,0.0,0.0,0.0,0.0,0.0,0.0,0.0,1.0,2.474,0.0,0.0,0.0,0.0,0.0,0.0,-1.2523630619953678,-1.496823489698495,-0.7104133186006765,-0.8193594506258673,-0.24873111058582867,-0.24152230186877724,0.0,0.0,-0.9321898601994371
357,rad_3,False,2,CCL2MqdD19g,TransformType.NONLINEAR,a_carotisexterna_l,task_idx_0150,26.293,1.0813310220686194,True,,,2.58,0.870385,0.0,0.0,0.0,0.0,0.0,0.0,0.0,0.0,0.0,0.0,94.0,0.0,0.0,0.0,0.0,0.0,0.0,1.0,2.5,0.0,0.0,0.0,0.0,0.0,0.0,-1.2523630619953678,-1.496823489698495,-0.7104133186006765,-0.8193594506258673,-0.24873111058582867,-0.24152230186877724,0.0,0.0,-0.4729148384457943
358,rad_3,False,2,CCL2MqdD19g,TransformType.NONLINEAR,lymph_node,task_idx_0151,21.436,,True,,,4.39,0.870385,0.0,0.0,0.0,0.0,0.0,0.0,0.0,0.0,0.0,0.0,38.0,0.0,0.0,0.0,0.0,0.0,0.0,1.0,9.127,0.0,0.0,0.0,0.0,0.0,0.0,-1.2523630619953678,-1.496823489698495,-0.7104133186006765,-0.8193594506258673,-0.24873111058582867,-0.24152230186877724,0.0,0.0,-0.7465254897032836
359,rad_3,False,2,CCL2MqdD19g,TransformType.NONLINEAR,recurrence,task_idx_0152,87.767,,,tn,True,,0.870385,0.0,0.0,0.0,0.0,381.3357505669696,19.0,0.0,0.0,0.0,0.0,736.0,1.0,0.0,1.0,0.0,0.0,0.0,2.0,71.318,0.0,0.0,0.0,0.0,0.0,0.0,-1.2523630619953678,-1.496823489698495,1.0520943630889186,0.7864911632082107,-0.24873111058582867,-0.24152230186877724,0.0,0.0,2.663835842041851
360,rad_3,False,2,hmJfXqxVMk0,TransformType.NONLINEAR,a_vertebralis_r,task_idx_0153,44.917,14.537523379400454,False,,,14.68,0.868228,0.0,0.0,545.8750237789877,16.0,324.47300510333224,16.0,255.6793180662687,32.0,0.0,0.0,312.0,1.0,0.0,1.0,0.0,0.0,0.0,1.0,2.314,0.0,0.0,0.0,0.0,0.0,0.0,-0.036218255310076754,-0.0914928783434289,0.7892786540120421,0.5329358031291458,-0.24873111058582867,-0.24152230186877724,0.0,0.0,0.5922123396637176
361,rad_3,False,2,hmJfXqxVMk0,TransformType.NONLINEAR,a_vertebralis_l,task_idx_0154,32.47,13.490067635155238,False,,,13.33,0.868228,0.0,0.0,555.399561066271,28.0,123.52444901037047,10.0,0.0,0.0,0.0,0.0,61.0,0.0,0.0,0.0,0.0,0.0,0.0,3.0,7.846999999999999,0.0,0.0,0.0,0.0,0.0,0.0,-0.01499871594038451,0.9625050801728707,-0.13949178833880746,0.025825082971015857,-0.24873111058582867,-0.24152230186877724,0.0,0.0,-0.6341496865082433
362,rad_3,False,2,hmJfXqxVMk0,TransformType.NONLINEAR,a_carotisexterna_r,task_idx_0155,13.422,1.363483390912485,True,,,2.48,0.868228,0.0,0.0,613.2860704607817,19.0,0.0,0.0,0.0,0.0,0.0,0.0,7.0,0.0,0.0,0.0,0.0,0.0,0.0,1.0,1.932,0.0,0.0,0.0,0.0,0.0,0.0,0.11396556106558504,0.172006611285646,-0.7104133186006765,-0.8193594506258673,-0.24873111058582867,-0.24152230186877724,0.0,0.0,-0.8979885287922509
363,rad_3,False,2,hmJfXqxVMk0,TransformType.NONLINEAR,a_carotisexterna_l,task_idx_0156,7.389,1.147762095039493,True,,,1.44,0.868228,0.0,0.0,122.99246207594234,9.0,0.0,0.0,0.0,0.0,0.0,0.0,0.0,0.0,0.0,0.0,0.0,0.0,0.0,1.0,2.359,0.0,0.0,0.0,0.0,0.0,0.0,-0.9783504446391009,-0.7063250208112704,-0.7104133186006765,-0.8193594506258673,-0.24873111058582867,-0.24152230186877724,0.0,0.0,-0.9321898601994371
364,rad_3,False,2,hmJfXqxVMk0,TransformType.NONLINEAR,lymph_node,task_idx_0157,6.603,,True,,,1.36,0.868228,0.0,0.0,0.0,0.0,0.0,0.0,0.0,0.0,0.0,0.0,0.0,0.0,0.0,0.0,0.0,0.0,0.0,1.0,2.215,0.0,0.0,0.0,0.0,0.0,0.0,-1.2523630619953678,-1.496823489698495,-0.7104133186006765,-0.8193594506258673,-0.24873111058582867,-0.24152230186877724,0.0,0.0,-0.9321898601994371
365,rad_3,False,2,hmJfXqxVMk0,TransformType.NONLINEAR,recurrence,task_idx_0158,54.127,,,tp,True,,0.868228,0.0,0.0,636.4724140747356,11.0,562.6839356569551,35.0,0.0,0.0,0.0,0.0,247.0,1.0,0.0,0.0,0.0,0.0,0.0,1.0,33.505,0.0,0.0,0.0,0.0,0.0,0.0,0.1656219845028065,-0.5306586943918871,1.8902732351363045,2.138786416963224,-0.24873111058582867,-0.24152230186877724,0.0,0.0,0.27462854802556036
366,rad_3,False,2,0f9SYhwcPFc,TransformType.LINEAR,a_vertebralis_r,task_idx_0165,102.553,1.5940908460764265,True,,,31.53,0.351753,0.0,0.0,1176.251512860718,36.0,447.6897018185847,36.0,0.0,0.0,0.0,0.0,614.0,0.0,0.0,0.0,0.0,0.0,0.0,1.0,4.07,0.0,0.0,0.0,0.0,0.0,0.0,1.0006132145938451,0.9584053039463941,0.9633966633122089,1.6087579282336644,-0.3130153012748322,-0.32144455726088267,0.0,0.0,1.0841328964344523
367,rad_3,False,2,0f9SYhwcPFc,TransformType.LINEAR,a_vertebralis_l,task_idx_0166,101.81,14.109888172836577,False,,,27.1,0.351753,0.0,0.0,1244.8696616939326,34.0,90.72792417378751,13.0,0.0,0.0,0.0,0.0,608.0,0.0,0.0,0.0,0.0,0.0,0.0,0.0,0.0,0.0,0.0,0.0,0.0,0.0,0.0,1.117574809261123,0.8407494098557883,-0.22732710527455047,0.18941688979202978,-0.3130153012748322,-0.32144455726088267,0.0,0.0,1.0624682923425066
368,rad_3,False,2,0f9SYhwcPFc,TransformType.LINEAR,a_carotisexterna_r,task_idx_0167,46.731,30.68841464226392,False,,,4.1,0.351753,0.0,0.0,816.3450814585875,28.0,0.0,0.0,91.96968829196273,10.0,0.0,0.0,335.0,0.0,0.0,0.0,0.0,0.0,0.0,0.0,0.0,0.0,0.0,0.0,0.0,0.0,0.0,0.3871424220471015,0.4877817275839705,-0.529969860196523,-0.6128193493271551,-0.3130153012748322,-0.32144455726088267,0.0,0.0,0.07672880615897457
369,rad_3,False,2,0f9SYhwcPFc,TransformType.LINEAR,a_carotisexterna_l,task_idx_0168,70.896,68.83700188548688,False,,,25.75,0.351753,203.2,25.0,1211.587800063025,37.0,61.69582284611128,10.0,0.0,0.0,0.0,0.0,374.0,3.0,0.0,1.0,1.0,1.0,0.0,0.0,0.0,0.0,0.0,0.0,0.0,0.0,0.0,1.0608449254616,1.017233250991697,-0.3241700035001476,0.004285449995294803,3.241147728427383,1.6332858585147554,0.0,0.0,0.217548732756622
370,rad_3,False,2,0f9SYhwcPFc,TransformType.LINEAR,lymph_node,task_idx_0169,23.258,,True,,,7.01,0.351753,0.0,0.0,1263.8528846913673,27.0,0.0,0.0,0.0,0.0,0.0,0.0,80.0,1.0,0.0,0.0,0.0,1.0,0.0,0.0,0.0,0.0,0.0,0.0,0.0,0.0,0.0,1.149932255089358,0.4289537805386675,-0.529969860196523,-0.6128193493271551,-0.3130153012748322,-0.32144455726088267,0.0,0.0,-0.8440168677487202
371,rad_3,False,2,0f9SYhwcPFc,TransformType.LINEAR,recurrence,task_idx_0170,49.944,,,fn,False,,0.351753,0.0,0.0,881.3959235966577,46.0,0.0,0.0,0.0,0.0,0.0,0.0,450.0,1.0,0.0,0.0,1.0,0.0,0.0,0.0,0.0,0.0,0.0,0.0,0.0,0.0,0.0,0.49802344055739967,1.5466847743994239,-0.529969860196523,-0.6128193493271551,-0.3130153012748322,-0.32144455726088267,0.0,0.0,0.4919670512546016
372,rad_3,False,2,7sp2FiVa4WI,TransformType.LINEAR,a_vertebralis_r,task_idx_0177,60.528,7.980622378444938,False,,,47.53,0.437382,0.0,0.0,434.466806244508,13.0,79.38745260902546,10.0,0.0,0.0,0.0,0.0,374.0,0.0,1.0,0.0,0.0,0.0,0.0,1.0,4.725,0.0,0.0,0.0,0.0,0.0,0.0,-0.2637800058719734,-0.394637478095574,-0.2651557185458046,0.004285449995294803,-0.3130153012748322,-0.32144455726088267,0.0,0.0,0.217548732756622
373,rad_3,False,2,7sp2FiVa4WI,TransformType.LINEAR,a_vertebralis_l,task_idx_0178,42.102,8.29458807142576,False,,,55.31,0.437382,0.0,0.0,916.9876965988998,32.0,88.10103026503678,11.0,0.0,0.0,0.0,0.0,278.0,0.0,0.0,0.0,0.0,0.0,0.0,0.0,0.0,0.0,0.0,0.0,0.0,0.0,0.0,0.5586906342687371,0.7230935157651823,-0.23608968214018272,0.06599592992753979,-0.3130153012748322,-0.32144455726088267,0.0,0.0,-0.12908493271451016
374,rad_3,False,2,7sp2FiVa4WI,TransformType.LINEAR,a_carotisexterna_r,task_idx_0179,169.063,18.975722984970677,False,,,14.74,0.437382,0.0,0.0,1786.3981186171702,48.0,0.0,0.0,0.0,0.0,0.0,0.0,1161.0,2.0,0.0,2.0,0.0,2.0,0.0,2.0,4.437,0.0,0.0,0.0,0.0,0.0,0.0,2.040625532086709,1.6643406684900297,-0.529969860196523,-0.6128193493271551,-0.3130153012748322,-0.32144455726088267,0.0,0.0,3.059222636150174
375,rad_3,False,2,7sp2FiVa4WI,TransformType.LINEAR,a_carotisexterna_l,task_idx_0180,58.096,23.113181708202703,False,,,4.62,0.437382,0.0,0.0,42.45671362104545,7.0,0.0,0.0,0.0,0.0,0.0,0.0,414.0,1.0,0.0,2.0,0.0,1.0,0.0,0.0,0.0,0.0,0.0,0.0,0.0,0.0,0.0,-0.9319724059664783,-0.7476051603673918,-0.529969860196523,-0.6128193493271551,-0.3130153012748322,-0.32144455726088267,0.0,0.0,0.36197942670292704
376,rad_3,False,2,7sp2FiVa4WI,TransformType.LINEAR,lymph_node,task_idx_0181,39.705,,True,,,9.11,0.437382,133.2,58.0,0.0,0.0,0.0,0.0,0.0,0.0,0.0,0.0,142.0,1.0,0.0,0.0,0.0,1.0,0.0,0.0,0.0,0.0,0.0,0.0,0.0,0.0,0.0,-1.0043410870499547,-1.1594007896845124,-0.529969860196523,-0.6128193493271551,2.0167805429984704,4.213530007338597,0.0,0.0,-0.6201492921319474
377,rad_3,False,2,7sp2FiVa4WI,TransformType.LINEAR,recurrence,task_idx_0182,79.304,,,fn,False,,0.437382,0.0,0.0,1120.352782703121,40.0,0.0,0.0,0.0,0.0,0.0,0.0,758.0,1.0,0.0,1.0,0.0,0.0,0.0,0.0,0.0,0.0,0.0,0.0,0.0,0.0,0.0,0.90533223237149,1.193717092127606,-0.529969860196523,-0.6128193493271551,-0.3130153012748322,-0.32144455726088267,0.0,0.0,1.6040833946411506
378,rad_3,False,2,1q_1_G-1EPM,TransformType.LINEAR,a_vertebralis_r,task_idx_0183,39.506,1.464503545114099,True,,,70.38,0.295283,0.0,0.0,199.47573367403027,11.0,37.0312195418814,6.0,0.0,0.0,0.0,0.0,200.0,1.0,0.0,1.0,0.0,0.0,0.0,1.0,3.518,0.0,0.0,0.0,0.0,0.0,0.0,-0.6643290012583529,-0.5122933721861799,-0.4064441606686891,-0.24255646973368514,-0.3130153012748322,-0.32144455726088267,0.0,0.0,-0.41072478590980505
379,rad_3,False,2,1q_1_G-1EPM,TransformType.LINEAR,a_vertebralis_l,task_idx_0184,25.525,1.004178695329886,True,,,77.26,0.295283,0.0,0.0,570.5748363558843,18.0,0.0,0.0,0.0,0.0,0.0,0.0,229.0,0.0,0.0,0.0,0.0,0.0,0.0,0.0,0.0,0.0,0.0,0.0,0.0,0.0,0.0,-0.03177998081238307,-0.10049774286905916,-0.529969860196523,-0.6128193493271551,-0.3130153012748322,-0.32144455726088267,0.0,0.0,-0.30601253279873386
380,rad_3,False,2,1q_1_G-1EPM,TransformType.LINEAR,a_carotisexterna_r,task_idx_0185,26.985,1.5277703777037832,True,,,24.21,0.295283,3.5,5.0,112.23630956905605,9.0,0.0,0.0,0.0,0.0,0.0,0.0,189.0,0.0,0.0,0.0,0.0,0.0,0.0,0.0,0.0,0.0,0.0,0.0,0.0,0.0,0.0,-0.8130310915169244,-0.6299492662767858,-0.529969860196523,-0.6128193493271551,-0.25179694200338654,0.06950152589424494,0.0,0.0,-0.4504432267450389
381,rad_3,False,2,1q_1_G-1EPM,TransformType.LINEAR,a_carotisexterna_l,task_idx_0186,9.059,1.5686587265362872,True,,,31.0,0.295283,0.0,0.0,0.0,0.0,0.0,0.0,0.0,0.0,0.0,0.0,24.0,0.0,0.0,0.0,0.0,0.0,0.0,0.0,0.0,0.0,0.0,0.0,0.0,0.0,0.0,-1.0043410870499547,-1.1594007896845124,-0.529969860196523,-0.6128193493271551,-0.3130153012748322,-0.32144455726088267,0.0,0.0,-1.0462198392735473
382,rad_3,False,2,1q_1_G-1EPM,TransformType.LINEAR,lymph_node,task_idx_0187,41.033,,True,,,25.31,0.295283,0.0,0.0,112.75212827846056,7.0,0.0,0.0,0.0,0.0,0.0,0.0,240.0,0.0,0.0,0.0,0.0,0.0,0.0,0.0,0.0,0.0,0.0,0.0,0.0,0.0,0.0,-0.8121518637931074,-0.7476051603673918,-0.529969860196523,-0.6128193493271551,-0.3130153012748322,-0.32144455726088267,0.0,0.0,-0.26629409196349996
383,rad_3,False,2,1q_1_G-1EPM,TransformType.LINEAR,recurrence,task_idx_0188,74.839,,,tn,True,,0.295283,0.0,0.0,407.8285539069173,18.0,0.0,0.0,0.0,0.0,0.0,0.0,465.0,1.0,0.0,1.0,0.0,0.0,0.0,0.0,0.0,0.0,0.0,0.0,0.0,0.0,0.0,-0.3091856678656678,-0.10049774286905916,-0.529969860196523,-0.6128193493271551,-0.3130153012748322,-0.32144455726088267,0.0,0.0,0.546128561484466
384,rad_3,False,2,eiJvX7Bw25o,TransformType.NONLINEAR,a_vertebralis_r,task_idx_0195,78.378,17.72461439621316,False,,,17.82,0.913859,0.0,0.0,1097.1536343530636,23.0,191.386847292913,12.0,0.0,0.0,0.0,0.0,571.0,1.0,0.0,1.0,0.0,0.0,0.0,1.0,7.378,0.0,0.0,0.0,0.0,0.0,0.0,1.1919651018346695,0.5233392641244126,0.17416356155436913,0.19486198969039248,-0.24873111058582867,-0.24152230186877724,0.0,0.0,1.8576616017296057
385,rad_3,False,2,eiJvX7Bw25o,TransformType.NONLINEAR,a_vertebralis_l,task_idx_0196,56.5,15.568925708453111,False,,,18.38,0.913859,0.0,0.0,1345.010479382394,42.0,243.3656840095611,15.0,0.0,0.0,0.0,0.0,263.0,0.0,0.0,0.0,0.0,0.0,0.0,1.0,2.925,0.0,0.0,0.0,0.0,0.0,0.0,1.7441607542334192,2.192169365108554,0.4144061794106053,0.4484173497694574,-0.24873111058582867,-0.24152230186877724,0.0,0.0,0.35280301981341444
386,rad_3,False,2,eiJvX7Bw25o,TransformType.NONLINEAR,a_carotisexterna_r,task_idx_0197,15.371,0.7444107320738907,True,,,0.55,0.913859,0.0,0.0,885.4489220150399,19.0,0.0,0.0,0.0,0.0,0.0,0.0,23.0,0.0,0.0,0.0,0.0,0.0,0.0,1.0,2.407,0.0,0.0,0.0,0.0,0.0,0.0,0.7203121130638698,0.172006611285646,-0.7104133186006765,-0.8193594506258673,-0.24873111058582867,-0.24152230186877724,0.0,0.0,-0.8198140570043968
387,rad_3,False,2,eiJvX7Bw25o,TransformType.NONLINEAR,a_carotisexterna_l,task_idx_0198,29.446,1.323554600581587,True,,,1.37,0.913859,0.0,0.0,379.11773717631456,19.0,0.0,0.0,0.0,0.0,0.0,0.0,71.0,0.0,0.0,0.0,0.0,0.0,0.0,1.0,2.425,0.0,0.0,0.0,0.0,0.0,0.0,-0.407733710761435,0.172006611285646,-0.7104133186006765,-0.8193594506258673,-0.24873111058582867,-0.24152230186877724,0.0,0.0,-0.5852906416408346
388,rad_3,False,2,eiJvX7Bw25o,TransformType.NONLINEAR,lymph_node,task_idx_0199,13.857,,True,,,4.34,0.913859,0.0,0.0,921.0582594123034,23.0,0.0,0.0,0.0,0.0,0.0,0.0,22.0,0.0,0.0,0.0,0.0,0.0,0.0,1.0,2.115,0.0,0.0,0.0,0.0,0.0,0.0,0.7996454931576987,0.5233392641244126,-0.7104133186006765,-0.8193594506258673,-0.24873111058582867,-0.24152230186877724,0.0,0.0,-0.8246999614911377
389,rad_3,False,2,eiJvX7Bw25o,TransformType.NONLINEAR,recurrence,task_idx_0200,66.653,,,fn,False,,0.913859,48.1,26.0,498.22485664979934,23.0,330.0234116364268,19.0,0.0,0.0,0.0,0.0,503.0,1.0,0.0,1.0,0.0,0.0,0.0,2.0,49.462,0.0,0.0,0.0,0.0,0.0,0.0,-0.14237717588254659,0.5233392641244126,0.8149322522821608,0.7864911632082107,0.8491602763385174,2.5322798398388975,0.0,0.0,1.525420096631226
390,rad_3,False,2,a9ebcF7RKU4,TransformType.NONLINEAR,a_vertebralis_r,task_idx_0201,50.053,0.8722612365437059,True,,,1.89,0.903846,0.0,0.0,154.2545383569582,9.0,608.1988445378641,25.0,146.2014126857455,31.0,0.0,0.0,302.0,1.0,0.0,1.0,0.0,0.0,0.0,1.0,3.238,0.0,0.0,0.0,0.0,0.0,0.0,-0.9087022466831711,-0.7063250208112704,2.100640021923886,1.2936018833663405,-0.24873111058582867,-0.24152230186877724,0.0,0.0,0.5433532947963088
391,rad_3,False,2,a9ebcF7RKU4,TransformType.NONLINEAR,a_vertebralis_l,task_idx_0202,40.599,0.5322414995036577,True,,,3.55,0.903846,0.0,0.0,555.528282963173,33.0,215.84825234712383,19.0,0.0,0.0,0.0,0.0,150.0,0.0,0.0,0.0,0.0,0.0,0.0,2.0,6.909,0.0,0.0,0.0,0.0,0.0,0.0,-0.014711938821804674,1.401670896221329,0.28722249780376696,0.7864911632082107,-0.24873111058582867,-0.24152230186877724,0.0,0.0,-0.19930418718830503
392,rad_3,False,2,a9ebcF7RKU4,TransformType.NONLINEAR,a_carotisexterna_r,task_idx_0203,15.464,1.362098833808374,True,,,1.83,0.903846,0.0,0.0,959.2357511207312,26.0,0.0,0.0,0.0,0.0,0.0,0.0,10.0,0.0,0.0,0.0,0.0,0.0,0.0,1.0,1.953,0.0,0.0,0.0,0.0,0.0,0.0,0.8847004164477471,0.7868387537534874,-0.7104133186006765,-0.8193594506258673,-0.24873111058582867,-0.24152230186877724,0.0,0.0,-0.8833308153320283
393,rad_3,False,2,a9ebcF7RKU4,TransformType.NONLINEAR,a_carotisexterna_l,task_idx_0204,10.151,3.34042426786756,True,,,3.68,0.903846,0.0,0.0,548.2576624198988,22.0,0.0,0.0,0.0,0.0,0.0,0.0,0.0,0.0,0.0,0.0,0.0,0.0,0.0,1.0,2.123,0.0,0.0,0.0,0.0,0.0,0.0,-0.030910019023148046,0.4355061009147209,-0.7104133186006765,-0.8193594506258673,-0.24873111058582867,-0.24152230186877724,0.0,0.0,-0.9321898601994371
394,rad_3,False,2,a9ebcF7RKU4,TransformType.NONLINEAR,lymph_node,task_idx_0205,34.595,,True,,,2.23,0.903846,0.0,0.0,926.6083406941086,44.0,0.0,0.0,0.0,0.0,0.0,0.0,88.0,0.0,0.0,0.0,0.0,0.0,0.0,1.0,2.06,0.0,0.0,0.0,0.0,0.0,0.0,0.812010415957833,2.367835691527937,-0.7104133186006765,-0.8193594506258673,-0.24873111058582867,-0.24152230186877724,0.0,0.0,-0.5022302653662396
395,rad_3,False,2,a9ebcF7RKU4,TransformType.NONLINEAR,recurrence,task_idx_0206,54.951,,,tn,True,,0.903846,0.0,0.0,1168.2176380103956,11.0,262.5376594329971,9.0,0.0,0.0,0.0,0.0,389.0,2.0,0.0,0.0,0.0,2.0,0.0,2.0,40.672,0.0,0.0,0.0,0.0,0.0,0.0,1.350287273074217,-0.5306586943918871,0.5030177347308972,-0.05869337038867246,-0.24873111058582867,-0.24152230186877724,0.0,0.0,0.9684269851427654
396,rad_3,False,2,pP5CHNLQspI,TransformType.NONLINEAR,a_vertebralis_r,task_idx_0207,28.169,0.991966543986236,True,,,0.97,0.883264,0.0,0.0,1528.1761398359197,22.0,575.5104645887599,28.0,0.0,0.0,0.0,0.0,113.0,2.0,0.0,0.0,0.0,0.0,0.0,1.0,2.295,0.0,0.0,0.0,0.0,0.0,0.0,2.1522321204255195,0.4355061009147209,1.9495565720332724,1.5471572434454057,-0.24873111058582867,-0.24152230186877724,0.0,0.0,-0.3800826531977176
397,rad_3,False,2,pP5CHNLQspI,TransformType.NONLINEAR,a_vertebralis_l,task_idx_0208,22.117,0.9937430741663856,True,,,2.46,0.883264,0.0,0.0,864.4416809743242,22.0,0.0,0.0,0.0,0.0,0.0,0.0,107.0,0.0,0.0,0.0,0.0,0.0,0.0,1.0,2.55,0.0,0.0,0.0,0.0,0.0,0.0,0.6735104716962365,0.4355061009147209,-0.7104133186006765,-0.8193594506258673,-0.24873111058582867,-0.24152230186877724,0.0,0.0,-0.40939808011816287
398,rad_3,False,2,pP5CHNLQspI,TransformType.NONLINEAR,a_carotisexterna_r,task_idx_0209,14.896,3.102600490907921,True,,,0.67,0.883264,0.0,0.0,294.59290594885124,16.0,0.0,0.0,0.0,0.0,0.0,0.0,20.0,0.0,0.0,0.0,0.0,0.0,0.0,1.0,2.278,0.0,0.0,0.0,0.0,0.0,0.0,-0.5960450092370534,-0.0914928783434289,-0.7104133186006765,-0.8193594506258673,-0.24873111058582867,-0.24152230186877724,0.0,0.0,-0.8344717704646194
399,rad_3,False,2,pP5CHNLQspI,TransformType.NONLINEAR,a_carotisexterna_l,task_idx_0210,10.03,0.6545151447067733,True,,,0.54,0.883264,0.0,0.0,230.71634673613207,13.0,0.0,0.0,0.0,0.0,0.0,0.0,7.0,0.0,0.0,0.0,0.0,0.0,0.0,1.0,2.119,0.0,0.0,0.0,0.0,0.0,0.0,-0.7383544067575489,-0.3549923679725038,-0.7104133186006765,-0.8193594506258673,-0.24873111058582867,-0.24152230186877724,0.0,0.0,-0.8979885287922509
400,rad_3,False,2,pP5CHNLQspI,TransformType.NONLINEAR,lymph_node,task_idx_0211,21.35,,True,,,7.84,0.883264,0.0,0.0,118.6507091742413,9.0,0.0,0.0,0.0,0.0,0.0,0.0,54.0,0.0,0.0,0.0,0.0,0.0,0.0,1.0,2.291,0.0,0.0,0.0,0.0,0.0,0.0,-0.9880233551283201,-0.7063250208112704,-0.7104133186006765,-0.8193594506258673,-0.24873111058582867,-0.24152230186877724,0.0,0.0,-0.6683510179154295
401,rad_3,False,2,pP5CHNLQspI,TransformType.NONLINEAR,recurrence,task_idx_0212,90.254,,,fn,False,,0.883264,103.5,21.0,656.774832881993,20.0,195.49329707097357,21.0,0.0,0.0,0.0,0.0,491.0,1.0,0.0,1.0,0.0,0.0,0.0,3.0,55.911,0.0,0.0,0.0,0.0,0.0,0.0,0.2108533655333343,0.2598397744953376,0.19314329074981795,0.9555280699275873,2.113675512006059,1.99885635104896,0.0,0.0,1.4667892427903353
402,rad_3,False,2,Of-K39ULY0Q,TransformType.NONLINEAR,a_vertebralis_r,task_idx_0213,51.167,0.4196846909435329,True,,,2.06,0.917169,0.0,0.0,155.37598325268257,8.0,47.2803864836452,6.0,0.0,0.0,0.0,0.0,386.0,1.0,0.0,1.0,0.0,0.0,0.0,1.0,2.333,0.0,0.0,0.0,0.0,0.0,0.0,-0.9062038004701949,-0.7941581840209619,-0.49188661543481915,-0.3122487304677374,-0.24873111058582867,-0.24152230186877724,0.0,0.0,0.9537692716825427
403,rad_3,False,2,Of-K39ULY0Q,TransformType.NONLINEAR,a_vertebralis_l,task_idx_0214,23.733,1.7565025290241625,True,,,2.1,0.917169,0.0,0.0,149.59894230696926,8.0,26.43692910791833,5.0,0.0,0.0,0.0,0.0,165.0,0.0,0.0,0.0,0.0,0.0,0.0,1.0,2.13,0.0,0.0,0.0,0.0,0.0,0.0,-0.9190743624818066,-0.7941581840209619,-0.5882236456845874,-0.3967671838274257,-0.24873111058582867,-0.24152230186877724,0.0,0.0,-0.12601561988719182
404,rad_3,False,2,Of-K39ULY0Q,TransformType.NONLINEAR,a_carotisexterna_r,task_idx_0215,8.992,1.891568929311154,True,,,1.92,0.917169,0.0,0.0,97.5006943481406,5.0,0.0,0.0,0.0,0.0,0.0,0.0,9.0,0.0,0.0,0.0,0.0,0.0,0.0,1.0,2.082,0.0,0.0,0.0,0.0,0.0,0.0,-1.0351430795553775,-1.057657673650037,-0.7104133186006765,-0.8193594506258673,-0.24873111058582867,-0.24152230186877724,0.0,0.0,-0.8882167198187692
405,rad_3,False,2,Of-K39ULY0Q,TransformType.NONLINEAR,a_carotisexterna_l,task_idx_0216,10.599,0.3868099245949514,True,,,1.38,0.917169,0.0,0.0,0.0,0.0,0.0,0.0,0.0,0.0,0.0,0.0,7.0,0.0,0.0,0.0,0.0,0.0,0.0,1.0,2.22,0.0,0.0,0.0,0.0,0.0,0.0,-1.2523630619953678,-1.496823489698495,-0.7104133186006765,-0.8193594506258673,-0.24873111058582867,-0.24152230186877724,0.0,0.0,-0.8979885287922509
406,rad_3,False,2,Of-K39ULY0Q,TransformType.NONLINEAR,lymph_node,task_idx_0217,37.531,,True,,,1.68,0.917169,0.0,0.0,835.9803382086332,32.0,366.3569220237097,20.0,76.69238428328319,21.0,0.0,0.0,55.0,0.0,0.0,0.0,0.0,0.0,0.0,2.0,23.726,0.0,0.0,0.0,0.0,0.0,0.0,0.6101019758171519,1.3138377330116373,0.9828632450231328,0.871009616567899,-0.24873111058582867,-0.24152230186877724,0.0,0.0,-0.6634651134286886
407,rad_3,False,2,Of-K39ULY0Q,TransformType.NONLINEAR,recurrence,task_idx_0218,89.009,,,tp,True,,0.917169,105.6,8.0,117.20460033782985,10.0,472.9373025061285,29.0,0.0,0.0,0.0,0.0,559.0,1.0,0.0,1.0,0.0,0.0,0.0,2.0,61.318,0.0,0.0,0.0,0.0,0.0,0.0,-0.9912451140927228,-0.6184918576015788,1.4754704528140874,1.631675696805094,2.1616084000006768,0.6119552801951227,0.0,0.0,1.799030747888715
408,rad_3,False,2,3dSDmvwSjek,TransformType.LINEAR,a_vertebralis_r,task_idx_0231,39.18,1.8924260524249072,True,,,9.8,0.574142,0.0,0.0,180.61633329648367,6.0,63.46828265078223,5.0,0.0,0.0,0.0,0.0,176.0,1.0,0.0,1.0,0.0,0.0,0.0,1.0,4.922,0.0,0.0,0.0,0.0,0.0,0.0,-0.6964753878941694,-0.8064331074126947,-0.31825757771548424,-0.30426694966593015,-0.3130153012748322,-0.32144455726088267,0.0,0.0,-0.4973832022775881
409,rad_3,False,2,3dSDmvwSjek,TransformType.LINEAR,a_vertebralis_l,task_idx_0232,46.516,2.4526432385923167,True,,,18.76,0.574142,0.0,0.0,325.583205026855,15.0,75.54929069474363,13.0,0.0,0.0,0.0,0.0,343.0,0.0,0.0,0.0,0.0,0.0,0.0,0.0,0.0,0.0,0.0,0.0,0.0,0.0,0.0,-0.4493752142546312,-0.27698158400496803,-0.2779587437020932,0.18941688979202978,-0.3130153012748322,-0.32144455726088267,0.0,0.0,0.10561494494823558
410,rad_3,False,2,3dSDmvwSjek,TransformType.LINEAR,a_carotisexterna_r,task_idx_0233,22.66,1.7787799947821308,True,,,11.55,0.574142,0.0,0.0,104.4912871609284,8.0,273.5196438526847,18.0,0.0,0.0,0.0,0.0,138.0,0.0,0.0,0.0,0.0,0.0,0.0,0.0,0.0,0.0,0.0,0.0,0.0,0.0,0.0,-0.8262327034372672,-0.6887772133220887,0.38241449439636127,0.4979692894532547,-0.3130153012748322,-0.32144455726088267,0.0,0.0,-0.6345923615265778
411,rad_3,False,2,3dSDmvwSjek,TransformType.LINEAR,a_carotisexterna_l,task_idx_0234,12.326,2.290673293501621,True,,,6.26,0.574142,0.0,0.0,178.27386135660765,7.0,140.62278630613594,16.0,0.0,0.0,0.0,0.0,7.0,0.0,0.0,0.0,0.0,0.0,0.0,0.0,0.0,0.0,0.0,0.0,0.0,0.0,0.0,-0.7004681982251096,-0.7476051603673918,-0.0608919237171991,0.3745483295887647,-0.3130153012748322,-0.32144455726088267,0.0,0.0,-1.107602884200727
412,rad_3,False,2,3dSDmvwSjek,TransformType.LINEAR,lymph_node,task_idx_0235,26.94,,True,,,22.09,0.574142,89.1,35.0,616.8410914679797,27.0,245.50784725749125,11.0,0.0,0.0,0.0,0.0,77.0,0.0,0.0,0.0,0.0,0.0,0.0,0.0,0.0,0.0,0.0,0.0,0.0,0.0,0.0,0.0470821725567912,0.4289537805386675,0.2889750448654246,0.06599592992753979,1.2454292161782554,2.4151780248250105,0.0,0.0,-0.854849169794693
413,rad_3,False,2,3dSDmvwSjek,TransformType.LINEAR,recurrence,task_idx_0236,75.571,,,tn,True,,0.574142,302.2,17.0,2017.3218953025064,66.0,579.9644769019351,26.0,0.0,0.0,0.0,0.0,897.0,1.0,0.0,0.0,0.0,1.0,0.0,0.0,0.0,0.0,0.0,0.0,0.0,0.0,0.0,2.434241705460269,2.7232437153054834,1.4046279898575948,0.9916531289112145,4.972752747819703,1.0077721254665513,0.0,0.0,2.1059800561045607
414,rad_3,False,2,SzZUcvM5JpU,TransformType.NONLINEAR,a_vertebralis_r,task_idx_0237,37.018,2.215448708923616,True,,,5.49,0.824795,0.0,0.0,1198.47499010903,17.0,207.77775001265616,14.0,0.0,0.0,0.0,0.0,156.0,1.0,0.0,0.0,0.0,1.0,0.0,1.0,2.332,0.0,0.0,0.0,0.0,0.0,0.0,1.4176970647222422,-0.0036597151337372557,0.24992118960372442,0.36389889640976913,-0.24873111058582867,-0.24152230186877724,0.0,0.0,-0.16998876026785975
415,rad_3,False,2,SzZUcvM5JpU,TransformType.NONLINEAR,a_vertebralis_l,task_idx_0238,39.571,1.2051122645430803,True,,,10.14,0.824795,0.0,0.0,497.5826463268402,15.0,0.0,0.0,0.0,0.0,0.0,0.0,299.0,0.0,0.0,0.0,0.0,0.0,0.0,1.0,2.417,0.0,0.0,0.0,0.0,0.0,0.0,-0.14380794430946525,-0.17932604155312054,-0.7104133186006765,-0.8193594506258673,-0.24873111058582867,-0.24152230186877724,0.0,0.0,0.5286955813360861
416,rad_3,False,2,SzZUcvM5JpU,TransformType.NONLINEAR,a_carotisexterna_r,task_idx_0239,14.401,1.5588704889530385,True,,,0.68,0.824795,0.0,0.0,239.1797814551551,12.0,67.97837765030305,4.0,0.0,0.0,0.0,0.0,32.0,0.0,0.0,0.0,0.0,0.0,0.0,1.0,2.394,0.0,0.0,0.0,0.0,0.0,0.0,-0.7194988780524526,-0.4428255311821954,-0.3962219200252257,-0.48128563718711403,-0.24873111058582867,-0.24152230186877724,0.0,0.0,-0.7758409166237289
417,rad_3,False,2,SzZUcvM5JpU,TransformType.NONLINEAR,a_carotisexterna_l,task_idx_0240,11.437,1.3515653985081673,True,,,2.61,0.824795,0.0,0.0,416.1895024725576,13.0,0.0,0.0,0.0,0.0,0.0,0.0,8.0,0.0,0.0,0.0,0.0,0.0,0.0,1.0,2.019,0.0,0.0,0.0,0.0,0.0,0.0,-0.32514221476740746,-0.3549923679725038,-0.7104133186006765,-0.8193594506258673,-0.24873111058582867,-0.24152230186877724,0.0,0.0,-0.89310262430551
418,rad_3,False,2,SzZUcvM5JpU,TransformType.NONLINEAR,lymph_node,task_idx_0241,20.312,,True,,,1.32,0.824795,0.0,0.0,903.9396688075436,34.0,610.2638549959554,37.0,0.0,0.0,0.0,0.0,28.0,0.0,0.0,0.0,0.0,0.0,0.0,1.0,1.98,0.0,0.0,0.0,0.0,0.0,0.0,0.7615073037281357,1.4895040594310205,2.1101843586133886,2.3078233236826007,-0.24873111058582867,-0.24152230186877724,0.0,0.0,-0.7953845345706924
419,rad_3,False,2,SzZUcvM5JpU,TransformType.NONLINEAR,recurrence,task_idx_0242,35.008,,,fp,False,,0.824795,0.0,0.0,780.7471500442746,19.0,503.50004831006646,30.0,0.0,0.0,0.0,0.0,99.0,1.0,0.0,2.0,0.0,0.0,0.0,2.0,11.907,0.0,0.0,0.0,0.0,0.0,0.0,0.48704898380124967,0.172006611285646,1.6167293674919736,1.7161941501647824,-0.24873111058582867,-0.24152230186877724,0.0,0.0,-0.4484853160120899
420,rad_3,False,2,820_BQlC1tI,TransformType.LINEAR,a_vertebralis_r,task_idx_0243,82.321,2.571932967558447,True,,,10.01,0.613392,0.0,0.0,955.633453487467,9.0,46.703013095772434,7.0,0.0,0.0,0.0,0.0,563.0,2.0,0.0,3.0,0.0,0.0,0.0,2.0,4.468,0.0,0.0,0.0,0.0,0.0,0.0,0.624563430747077,-0.6299492662767858,-0.3741817864014309,-0.18084598980144015,-0.3130153012748322,-0.32144455726088267,0.0,0.0,0.8999837616529134
421,rad_3,False,2,820_BQlC1tI,TransformType.LINEAR,a_vertebralis_l,task_idx_0244,43.115,2.3540374513407185,True,,,12.67,0.613392,0.0,0.0,253.9402355267626,10.0,0.0,0.0,0.0,0.0,0.0,0.0,250.0,1.0,0.0,1.0,0.0,0.0,0.0,1.0,2.816,0.0,0.0,0.0,0.0,0.0,0.0,-0.5714927021483573,-0.5711213192314829,-0.529969860196523,-0.6128193493271551,-0.3130153012748322,-0.32144455726088267,0.0,0.0,-0.2301864184769237
422,rad_3,False,2,820_BQlC1tI,TransformType.LINEAR,a_carotisexterna_r,task_idx_0245,17.321,1.5933408559744553,True,,,3.91,0.613392,0.0,0.0,203.42020446933213,16.0,46.56102834535696,4.0,0.0,0.0,0.0,0.0,8.0,0.0,0.0,0.0,0.0,0.0,0.0,1.0,2.167,0.0,0.0,0.0,0.0,0.0,0.0,-0.6576055381194916,-0.21815363695966508,-0.3746554074658822,-0.36597742959817514,-0.3130153012748322,-0.32144455726088267,0.0,0.0,-1.1039921168520694
423,rad_3,False,2,820_BQlC1tI,TransformType.LINEAR,a_carotisexterna_l,task_idx_0246,18.381,1.3916231828224483,True,,,8.02,0.613392,0.0,0.0,315.32392769494646,18.0,0.0,0.0,0.0,0.0,0.0,0.0,45.0,0.0,0.0,0.0,0.0,0.0,0.0,1.0,2.03,0.0,0.0,0.0,0.0,0.0,0.0,-0.46686244550871964,-0.10049774286905916,-0.529969860196523,-0.6128193493271551,-0.3130153012748322,-0.32144455726088267,0.0,0.0,-0.9703937249517371
424,rad_3,False,2,820_BQlC1tI,TransformType.LINEAR,lymph_node,task_idx_0247,28.241,,True,,,0.88,0.613392,0.0,0.0,0.0,0.0,0.0,0.0,0.0,0.0,0.0,0.0,168.0,0.0,0.0,0.0,0.0,0.0,0.0,2.0,11.826999999999998,0.0,0.0,0.0,0.0,0.0,0.0,-1.0043410870499547,-1.1594007896845124,-0.529969860196523,-0.6128193493271551,-0.3130153012748322,-0.32144455726088267,0.0,0.0,-0.5262693410668491
425,rad_3,False,2,820_BQlC1tI,TransformType.LINEAR,recurrence,task_idx_0248,116.038,,,tp,True,,0.613392,0.0,0.0,1327.848015407718,32.0,426.378040322386,29.0,0.0,0.0,0.0,0.0,618.0,1.0,0.0,2.0,0.0,0.0,0.0,5.0,83.59899999999999,0.0,0.0,0.0,0.0,0.0,0.0,1.2590137833264214,0.7230935157651823,0.8923069739369776,1.1767845687079495,-0.3130153012748322,-0.32144455726088267,0.0,0.0,1.0985759658290828
426,rad_3,False,2,6vkfAvGWUPg,TransformType.LINEAR,a_vertebralis_r,task_idx_0249,46.595,1.438142700061692,True,,,28.95,0.442756,0.0,0.0,715.9379054794965,19.0,287.45025762530173,17.0,0.0,0.0,0.0,0.0,228.0,1.0,0.0,0.0,0.0,0.0,0.0,1.0,2.476,0.0,0.0,0.0,0.0,0.0,0.0,0.2159955226007565,-0.0416697958237562,0.42888309122905344,0.4362588095210097,-0.3130153012748322,-0.32144455726088267,0.0,0.0,-0.3096233001473915
427,rad_3,False,2,6vkfAvGWUPg,TransformType.LINEAR,a_vertebralis_l,task_idx_0250,66.566,1.1248779725862212,True,,,26.83,0.442756,0.0,0.0,347.07801929379747,18.0,0.0,0.0,0.0,0.0,0.0,0.0,660.0,0.0,0.0,0.0,0.0,0.0,0.0,1.0,2.263,0.0,0.0,0.0,0.0,0.0,0.0,-0.41273668936744246,-0.10049774286905916,-0.529969860196523,-0.6128193493271551,-0.3130153012748322,-0.32144455726088267,0.0,0.0,1.2502281944727032
428,rad_3,False,2,6vkfAvGWUPg,TransformType.LINEAR,a_carotisexterna_r,task_idx_0251,48.987,0.7560090831874269,True,,,17.35,0.442756,0.0,0.0,539.806925106328,19.0,588.5691844163483,28.0,134.93950631433887,16.0,0.0,0.0,355.0,0.0,0.0,0.0,0.0,0.0,0.0,1.0,1.872,0.0,0.0,0.0,0.0,0.0,0.0,-0.08422476437943055,-0.0416697958237562,1.4333308661900415,1.1150740887757045,-0.3130153012748322,-0.32144455726088267,0.0,0.0,0.1489441531321271
429,rad_3,False,2,6vkfAvGWUPg,TransformType.LINEAR,a_carotisexterna_l,task_idx_0252,48.868,1.9263816052360136,True,,,14.35,0.442756,0.0,0.0,630.6153269247814,21.0,0.0,0.0,0.0,0.0,0.0,0.0,380.0,0.0,0.0,0.0,0.0,0.0,0.0,1.0,3.436,0.0,0.0,0.0,0.0,0.0,0.0,0.07056075033460288,0.07598609826684972,-0.529969860196523,-0.6128193493271551,-0.3130153012748322,-0.32144455726088267,0.0,0.0,0.23921333684856777
430,rad_3,False,2,6vkfAvGWUPg,TransformType.LINEAR,lymph_node,task_idx_0253,66.523,,True,,,25.66,0.442756,33.30000000000004,13.0,3711.99064365893,110.0,1518.4587926193362,87.0,0.0,0.0,0.0,0.0,137.0,0.0,0.0,0.0,0.0,0.0,0.0,3.0,7.888999999999999,0.0,0.0,0.0,0.0,0.0,0.0,5.3228529928668395,5.311673385298813,4.535180218113968,4.7559924047781585,0.2694336597934942,0.6950152589424491,0.0,0.0,-0.6382031288752356
431,rad_3,False,2,6vkfAvGWUPg,TransformType.LINEAR,recurrence,task_idx_0254,46.794,,,tn,True,,0.442756,226.2,32.0,0.0,0.0,0.0,0.0,0.0,0.0,0.0,0.0,286.0,1.0,0.0,1.0,0.0,0.0,0.0,2.0,30.253,0.0,0.0,0.0,0.0,0.0,0.0,-1.0043410870499547,-1.1594007896845124,-0.529969860196523,-0.6128193493271551,3.64343980363974,2.180610374931934,0.0,0.0,-0.10019879392524914
432,rad_4,True,2,ccucLKGWtSQ,TransformType.NONLINEAR,a_vertebralis_r,task_idx_0045,84.078,3.036523810854555,True,,,7.38,0.90475,0.0,0.0,0.0,1.0,165.46019427933518,28.0,0.0,0.0,0.0,0.0,118.0,3.0,0.0,0.0,0.0,0.0,0.0,2.0,12.111,0.0,0.0,0.0,0.0,0.0,0.0,-0.23273871973047885,-0.17095799698097888,0.40222246798293126,2.0154203812442733,0.0,0.0,-0.4452092145798607,-0.47130896502335123,-0.053743175527907486
433,rad_4,True,2,ccucLKGWtSQ,TransformType.NONLINEAR,a_vertebralis_l,task_idx_0046,129.752,2.45629380087942,True,,,5.83,0.90475,0.0,0.0,460.84813116687366,2.0,111.87987499230084,6.0,227.09072031422795,25.0,1896.6881552923928,269.0,407.0,3.0,2.0,3.0,1.0,0.0,0.0,1.0,2.669,0.0,0.0,0.0,0.0,0.0,0.0,0.7625168617808588,-0.018995332997886544,0.18050415325942046,0.15827908753227277,0.0,0.0,0.39180152484220565,0.6844661722990426,0.997279377465231
434,rad_4,True,2,ccucLKGWtSQ,TransformType.NONLINEAR,a_carotisexterna_r,task_idx_0047,60.203,3.343222470998481,True,,,3.19,0.90475,0.0,0.0,0.0,0.0,1140.1949636142413,53.0,0.0,0.0,0.0,0.0,124.0,1.0,0.0,0.0,0.0,0.0,0.0,3.0,31.043,0.0,0.0,0.0,0.0,0.0,0.0,-0.23273871973047885,-0.32292066096407124,4.435728673901387,4.12580821500791,0.0,0.0,-0.4452092145798607,-0.47130896502335123,-0.03192263809552398
435,rad_4,True,2,ccucLKGWtSQ,TransformType.NONLINEAR,a_carotisexterna_l,task_idx_0048,59.714,14.48595043724156,False,,,0.79,0.90475,0.0,0.0,0.0,0.0,0.0,0.0,299.1153185131496,43.0,3081.950111493852,421.0,36.0,2.0,0.0,0.0,0.0,0.0,0.0,1.0,3.38,0.0,0.0,0.0,0.0,0.0,0.0,-0.23273871973047885,-0.32292066096407124,-0.28246093662522764,-0.3482139925710001,0.0,0.0,0.9148590362210807,1.3375435733139267,-0.3519571871038153
436,rad_4,True,2,ccucLKGWtSQ,TransformType.NONLINEAR,lymph_node,task_idx_0049,106.657,,True,,,9.69,0.90475,0.0,0.0,0.0,1.0,0.0,0.0,0.0,0.0,0.0,0.0,704.0,2.0,0.0,0.0,0.0,0.0,0.0,2.0,11.967,0.0,0.0,0.0,0.0,0.0,0.0,-0.23273871973047885,-0.17095799698097888,-0.28246093662522764,-0.3482139925710001,0.0,0.0,-0.4452092145798607,-0.47130896502335123,2.077395980368214
437,rad_4,True,2,ccucLKGWtSQ,TransformType.NONLINEAR,recurrence,task_idx_0050,300.084,,,tn,True,,0.90475,0.0,0.0,3716.377515662169,31.0,1425.0489130376686,39.0,822.3545242737245,78.0,11691.247205185782,937.0,1096.0,2.0,0.0,2.0,2.0,2.0,0.0,4.0,208.742,0.0,0.0,0.0,0.0,0.0,0.0,7.793214333612147,4.387921922511792,5.6144700186507395,2.9439910281002737,0.0,0.0,4.7141520861555035,3.5545694872855074,3.5030044259506026
438,rad_4,True,2,2w1vVKUCbcg,TransformType.LINEAR,a_vertebralis_r,task_idx_0051,87.256,1.3801916521477675,True,,,20.56,0.235265,0.0,0.0,0.0,1.0,0.0,0.0,264.88309338246484,36.0,2882.919369768221,442.0,81.0,2.0,0.0,0.0,0.0,0.0,0.0,1.0,5.798,0.0,0.0,0.0,0.0,0.0,0.0,-0.3280250288285908,-0.20375549128169534,-0.1902353777871361,-0.21459681339770417,0.0,0.0,0.5272150664934077,0.7775305946225479,-0.29233430349541556
439,rad_4,True,2,2w1vVKUCbcg,TransformType.LINEAR,a_vertebralis_l,task_idx_0052,173.611,2.9435045879012294,True,,,17.75,0.235265,0.0,0.0,0.0,0.0,0.0,0.0,0.0,0.0,0.0,0.0,747.0,1.0,1.0,2.0,0.0,0.0,0.0,1.0,5.603,0.0,0.0,0.0,0.0,0.0,0.0,-0.3280250288285908,-0.40200407739361516,-0.1902353777871361,-0.21459681339770417,0.0,0.0,-0.6709635323596052,-0.6945458907881228,2.837385393136012
440,rad_4,True,2,2w1vVKUCbcg,TransformType.LINEAR,a_carotisexterna_r,task_idx_0053,89.833,3.362909814675961,True,,,13.84,0.235265,0.0,0.0,152.90459726378953,24.0,0.0,0.0,0.0,0.0,3772.0787780463743,506.0,56.0,2.0,0.0,0.0,0.0,0.0,0.0,1.0,6.413,0.0,0.0,0.0,0.0,0.0,0.0,0.10699392045496446,4.35596198929246,-0.1902353777871361,-0.21459681339770417,0.0,0.0,0.8967612234687743,0.9906819409263556,-0.40981627408968835
441,rad_4,True,2,2w1vVKUCbcg,TransformType.LINEAR,a_carotisexterna_l,task_idx_0054,36.472,3.697966423963063,True,,,16.24,0.235265,0.0,0.0,0.0,0.0,0.0,0.0,0.0,0.0,0.0,0.0,95.0,1.0,1.0,0.0,0.0,0.0,0.0,1.0,3.053,0.0,0.0,0.0,0.0,0.0,0.0,-0.3280250288285908,-0.40200407739361516,-0.1902353777871361,-0.21459681339770417,0.0,0.0,-0.6709635323596052,-0.6945458907881228,-0.22654439996262277
442,rad_4,True,2,2w1vVKUCbcg,TransformType.LINEAR,lymph_node,task_idx_0055,69.998,,True,,,25.94,0.235265,0.0,0.0,0.0,1.0,0.0,0.0,0.0,0.0,0.0,0.0,199.0,2.0,0.0,2.0,0.0,0.0,0.0,1.0,3.504,0.0,0.0,0.0,0.0,0.0,0.0,-0.3280250288285908,-0.20375549128169534,-0.1902353777871361,-0.21459681339770417,0.0,0.0,-0.6709635323596052,-0.6945458907881228,0.2621805977095521
443,rad_4,True,2,2w1vVKUCbcg,TransformType.LINEAR,recurrence,task_idx_0056,102.882,,,tp,True,,0.235265,0.0,0.0,535.2602673064544,4.0,0.0,0.0,0.0,0.0,9232.543521615671,745.0,87.0,2.0,0.0,0.0,0.0,0.0,0.0,1.0,2.425,0.0,0.0,0.0,0.0,0.0,0.0,1.1948092302040592,0.3909902670540641,-0.1902353777871361,-0.21459681339770417,0.0,0.0,3.166201036508757,1.7866689997796368,-0.2641386305527901
444,rad_4,True,2,96-du2ceM4o,TransformType.NONLINEAR,a_vertebralis_r,task_idx_0063,25.547,3.806495847932512,True,,,1.62,0.914448,0.0,0.0,0.0,0.0,0.0,0.0,0.0,0.0,0.0,0.0,13.0,2.0,0.0,1.0,0.0,0.0,0.0,1.0,3.028,0.0,0.0,0.0,0.0,0.0,0.0,-0.23273871973047885,-0.32292066096407124,-0.28246093662522764,-0.3482139925710001,0.0,0.0,-0.4452092145798607,-0.47130896502335123,-0.4356025805946187
445,rad_4,True,2,96-du2ceM4o,TransformType.NONLINEAR,a_vertebralis_l,task_idx_0064,26.026,2.499955540394372,True,,,1.05,0.914448,0.0,0.0,0.0,0.0,0.0,0.0,0.0,0.0,0.0,0.0,0.0,0.0,0.0,0.0,0.0,0.0,0.0,1.0,4.556,0.0,0.0,0.0,0.0,0.0,0.0,-0.23273871973047885,-0.32292066096407124,-0.28246093662522764,-0.3482139925710001,0.0,0.0,-0.4452092145798607,-0.47130896502335123,-0.4828804116981163
446,rad_4,True,2,96-du2ceM4o,TransformType.NONLINEAR,a_carotisexterna_r,task_idx_0065,64.258,1.3433919344045064,True,,,7.39,0.914448,0.0,0.0,0.0,0.0,0.0,0.0,0.0,0.0,1145.5050101538177,162.0,190.0,2.0,0.0,0.0,0.0,0.0,0.0,1.0,4.642,0.0,0.0,0.0,0.0,0.0,0.0,-0.23273871973047885,-0.32292066096407124,-0.28246093662522764,-0.3482139925710001,0.0,0.0,0.060303509209317104,0.22473405447935435,0.2081032736606945
447,rad_4,True,2,96-du2ceM4o,TransformType.NONLINEAR,a_carotisexterna_l,task_idx_0066,33.649,2.1600232859071085,True,,,1.05,0.914448,0.0,0.0,0.0,0.0,0.0,0.0,0.0,0.0,0.0,0.0,25.0,2.0,0.0,0.0,0.0,0.0,0.0,1.0,4.742,0.0,0.0,0.0,0.0,0.0,0.0,-0.23273871973047885,-0.32292066096407124,-0.28246093662522764,-0.3482139925710001,0.0,0.0,-0.4452092145798607,-0.47130896502335123,-0.3919615057298517
448,rad_4,True,2,96-du2ceM4o,TransformType.NONLINEAR,lymph_node,task_idx_0067,22.87,,True,,,1.32,0.914448,0.0,0.0,0.0,0.0,0.0,0.0,0.0,0.0,0.0,0.0,0.0,2.0,0.0,0.0,0.0,0.0,0.0,1.0,5.862,0.0,0.0,0.0,0.0,0.0,0.0,-0.23273871973047885,-0.32292066096407124,-0.28246093662522764,-0.3482139925710001,0.0,0.0,-0.4452092145798607,-0.47130896502335123,-0.4828804116981163
449,rad_4,True,2,96-du2ceM4o,TransformType.NONLINEAR,recurrence,task_idx_0068,279.168,,,tn,True,,0.914448,0.0,0.0,372.9406758928344,21.0,920.0143454731348,62.0,197.62573790735925,22.0,8386.516147207367,1121.0,931.0,2.0,0.0,1.0,0.0,0.0,0.0,1.0,117.881,0.0,0.0,0.0,0.0,0.0,0.0,0.5726704034770809,2.868295282680868,3.5246091389933483,4.88554783516282,0.0,0.0,3.25577033862824,4.34513686746142,2.9029396465600565
450,rad_4,True,2,CD8Gu0llvgk,TransformType.NONLINEAR,a_vertebralis_r,task_idx_0075,35.625,2.292464508556463,True,,,0.95,0.874006,0.0,0.0,0.0,0.0,0.0,0.0,0.0,0.0,555.7373162528347,59.0,3.0,2.0,0.0,0.0,0.0,0.0,0.0,1.0,9.0,0.0,0.0,0.0,0.0,0.0,0.0,-0.23273871973047885,-0.32292066096407124,-0.28246093662522764,-0.3482139925710001,0.0,0.0,-0.1999616757563205,-0.21781181594520535,-0.4719701429819245
451,rad_4,True,2,CD8Gu0llvgk,TransformType.NONLINEAR,a_vertebralis_l,task_idx_0076,23.655,1.62662949090193,True,,,1.01,0.874006,0.0,0.0,0.0,0.0,0.0,0.0,0.0,0.0,0.0,0.0,0.0,0.0,0.0,0.0,0.0,0.0,0.0,1.0,7.241,0.0,0.0,0.0,0.0,0.0,0.0,-0.23273871973047885,-0.32292066096407124,-0.28246093662522764,-0.3482139925710001,0.0,0.0,-0.4452092145798607,-0.47130896502335123,-0.4828804116981163
452,rad_4,True,2,CD8Gu0llvgk,TransformType.NONLINEAR,a_carotisexterna_r,task_idx_0077,40.872,0.6896445898814337,True,,,1.03,0.874006,0.0,0.0,0.0,0.0,0.0,0.0,0.0,0.0,0.0,0.0,0.0,0.0,0.0,0.0,0.0,0.0,0.0,1.0,15.69,0.0,0.0,0.0,0.0,0.0,0.0,-0.23273871973047885,-0.32292066096407124,-0.28246093662522764,-0.3482139925710001,0.0,0.0,-0.4452092145798607,-0.47130896502335123,-0.4828804116981163
453,rad_4,True,2,CD8Gu0llvgk,TransformType.NONLINEAR,a_carotisexterna_l,task_idx_0078,33.502,0.5376816324791692,True,,,1.26,0.874006,0.0,0.0,0.0,0.0,0.0,0.0,0.0,0.0,0.0,0.0,25.0,1.0,0.0,0.0,0.0,0.0,0.0,1.0,9.983,0.0,0.0,0.0,0.0,0.0,0.0,-0.23273871973047885,-0.32292066096407124,-0.28246093662522764,-0.3482139925710001,0.0,0.0,-0.4452092145798607,-0.47130896502335123,-0.3919615057298517
454,rad_4,True,2,CD8Gu0llvgk,TransformType.NONLINEAR,lymph_node,task_idx_0079,33.367,,True,,,1.96,0.874006,0.0,0.0,0.0,0.0,0.0,0.0,0.0,0.0,0.0,0.0,15.0,0.0,0.0,0.0,0.0,0.0,0.0,2.0,17.859,0.0,0.0,0.0,0.0,0.0,0.0,-0.23273871973047885,-0.32292066096407124,-0.28246093662522764,-0.3482139925710001,0.0,0.0,-0.4452092145798607,-0.47130896502335123,-0.42832906811715754
455,rad_4,True,2,CD8Gu0llvgk,TransformType.NONLINEAR,recurrence,task_idx_0080,295.127,,,tn,True,,0.874006,0.0,0.0,143.46450322228276,5.0,101.09169402482144,16.0,0.0,0.0,7629.332672342087,558.0,1192.0,0.0,1.0,1.0,0.0,0.0,0.0,2.0,228.24,0.0,0.0,0.0,0.0,0.0,0.0,0.07708969862330198,0.4368926589513905,0.13586206573791887,1.0024342210377275,0.0,0.0,2.921624370348359,1.9261725465970791,3.8521330248687384
456,rad_4,True,2,TMxGak0IQOg,TransformType.NONLINEAR,a_vertebralis_r,task_idx_0081,23.185,9.286264564158053,False,,,5.91,0.905836,0.0,0.0,0.0,0.0,0.0,0.0,34.574751335413254,5.0,0.0,0.0,6.0,2.0,0.0,1.0,0.0,0.0,0.0,1.0,2.986,0.0,0.0,0.0,0.0,0.0,0.0,-0.23273871973047885,-0.32292066096407124,-0.28246093662522764,-0.3482139925710001,0.0,0.0,-0.4452092145798607,-0.47130896502335123,-0.4610598742657328
457,rad_4,True,2,TMxGak0IQOg,TransformType.NONLINEAR,a_vertebralis_l,task_idx_0082,102.168,1.8580870816146096,True,,,1.88,0.905836,0.0,0.0,475.06315369643227,2.0,14.082762530298218,5.0,0.0,0.0,872.9126384580633,165.0,163.0,3.0,1.0,2.0,1.0,0.0,0.0,5.0,30.239,0.0,0.0,0.0,0.0,0.0,0.0,0.7932158698858297,-0.018995332997886544,-0.2241856889892043,0.0738635741817273,0.0,0.0,-0.05999182872339892,0.23762374002570077,0.10991085521496875
458,rad_4,True,2,TMxGak0IQOg,TransformType.NONLINEAR,a_carotisexterna_r,task_idx_0083,38.865,1.5619250743664337,True,,,0.25,0.905836,0.0,0.0,618.7153943235428,6.0,0.0,0.0,0.0,0.0,0.0,0.0,15.0,4.0,0.0,1.0,0.0,0.0,0.0,1.0,2.82,0.0,0.0,0.0,0.0,0.0,0.0,1.1034497291807297,0.5888553229344828,-0.28246093662522764,-0.3482139925710001,0.0,0.0,-0.4452092145798607,-0.47130896502335123,-0.42832906811715754
459,rad_4,True,2,TMxGak0IQOg,TransformType.NONLINEAR,a_carotisexterna_l,task_idx_0084,29.917,2.2502880501065508,True,,,3.68,0.905836,0.0,0.0,0.0,0.0,0.0,0.0,0.0,0.0,0.0,0.0,24.0,1.0,0.0,0.0,0.0,0.0,0.0,1.0,3.492,0.0,0.0,0.0,0.0,0.0,0.0,-0.23273871973047885,-0.32292066096407124,-0.28246093662522764,-0.3482139925710001,0.0,0.0,-0.4452092145798607,-0.47130896502335123,-0.3955982619685823
460,rad_4,True,2,TMxGak0IQOg,TransformType.NONLINEAR,lymph_node,task_idx_0085,23.785,,True,,,6.15,0.905836,0.0,0.0,0.0,0.0,0.0,0.0,0.0,0.0,553.9701747121206,46.0,43.0,0.0,0.0,0.0,0.0,0.0,0.0,1.0,2.836,0.0,0.0,0.0,0.0,0.0,0.0,-0.23273871973047885,-0.32292066096407124,-0.28246093662522764,-0.3482139925710001,0.0,0.0,-0.20074151742060747,-0.2736671199793731,-0.3264998934327012
461,rad_4,True,2,TMxGak0IQOg,TransformType.NONLINEAR,recurrence,task_idx_0086,72.544,,,tp,True,,0.905836,0.0,0.0,149.72264322821923,7.0,0.0,0.0,1736.3381445889536,82.0,5680.453805176758,435.0,49.0,0.0,0.0,0.0,0.0,0.0,0.0,1.0,5.368,0.0,0.0,0.0,0.0,0.0,0.0,0.0906048858391363,0.7408179869175752,-0.28246093662522764,-0.3482139925710001,0.0,0.0,2.0615818076854313,1.3976954391968768,-0.3046793560003177
462,rad_4,True,2,7IZ0hAktN78,TransformType.LINEAR,a_vertebralis_r,task_idx_0093,70.609,2.479471725363306,True,,,15.09,0.493587,0.0,0.0,0.0,0.0,0.0,0.0,0.0,0.0,1454.1571502582624,247.0,90.0,1.0,0.0,0.0,0.0,0.0,0.0,1.0,10.511,0.0,0.0,0.0,0.0,0.0,0.0,-0.3280250288285908,-0.40200407739361516,-0.1902353777871361,-0.21459681339770417,0.0,0.0,-0.06659700200165955,0.12808508635313437,-0.25004079408147734
463,rad_4,True,2,7IZ0hAktN78,TransformType.LINEAR,a_vertebralis_l,task_idx_0094,40.306,3.852627962556082,True,,,8.68,0.493587,0.0,0.0,16.970562748477143,4.0,0.0,0.0,0.0,0.0,0.0,0.0,32.0,1.0,0.0,0.0,0.0,0.0,0.0,1.0,10.888,0.0,0.0,0.0,0.0,0.0,0.0,-0.27974318179650365,0.3909902670540641,-0.1902353777871361,-0.21459681339770417,0.0,0.0,-0.6709635323596052,-0.6945458907881228,-0.5225989658601903
464,rad_4,True,2,7IZ0hAktN78,TransformType.LINEAR,a_carotisexterna_r,task_idx_0095,40.456,2.5502230320114547,True,,,12.53,0.493587,0.0,0.0,0.0,0.0,0.0,0.0,0.0,0.0,879.78862135539,133.0,1.0,1.0,0.0,0.0,0.0,0.0,0.0,1.0,2.579,0.0,0.0,0.0,0.0,0.0,0.0,-0.3280250288285908,-0.40200407739361516,-0.1902353777871361,-0.21459681339770417,0.0,0.0,-0.3053119956996758,-0.25159074925052277,-0.6682766093970886
465,rad_4,True,2,7IZ0hAktN78,TransformType.LINEAR,a_carotisexterna_l,task_idx_0096,41.524,3.4395296733581624,True,,,6.42,0.493587,0.0,0.0,0.0,0.0,0.0,0.0,0.0,0.0,0.0,0.0,100.0,1.0,0.0,0.0,0.0,0.0,0.0,1.0,5.062,0.0,0.0,0.0,0.0,0.0,0.0,-0.3280250288285908,-0.40200407739361516,-0.1902353777871361,-0.21459681339770417,0.0,0.0,-0.6709635323596052,-0.6945458907881228,-0.20304800584376823
466,rad_4,True,2,7IZ0hAktN78,TransformType.LINEAR,lymph_node,task_idx_0097,25.856,,True,,,3.6,0.493587,0.0,0.0,0.0,0.0,0.0,0.0,0.0,0.0,0.0,0.0,45.0,2.0,0.0,0.0,0.0,0.0,0.0,0.0,0.0,0.0,0.0,0.0,0.0,0.0,0.0,-0.3280250288285908,-0.40200407739361516,-0.1902353777871361,-0.21459681339770417,0.0,0.0,-0.6709635323596052,-0.6945458907881228,-0.4615083411511684
467,rad_4,True,2,7IZ0hAktN78,TransformType.LINEAR,recurrence,task_idx_0098,247.218,,,tn,True,,0.493587,0.0,0.0,2181.561700138875,26.0,105.61989374585332,18.0,0.0,0.0,8395.845068652636,716.0,909.0,1.0,0.0,2.0,0.0,0.0,0.0,2.0,88.517,0.0,0.0,0.0,0.0,0.0,0.0,5.878594625349749,4.7524591615163,2.6112731705994565,4.664657049118516,0.0,0.0,2.8184583314762772,1.6900847959857241,3.5986685625868997
468,rad_4,True,2,7SwVHAAw5lM,TransformType.LINEAR,a_vertebralis_r,task_idx_0099,156.698,8.611673650149466,False,,,19.43,0.588421,0.0,0.0,0.0,0.0,0.0,0.0,0.0,0.0,328.700421395231,86.0,676.0,3.0,0.0,0.0,0.0,0.0,0.0,1.0,6.825,0.0,0.0,0.0,0.0,0.0,0.0,-0.3280250288285908,-0.40200407739361516,-0.1902353777871361,-0.21459681339770417,0.0,0.0,-0.5343513834109522,-0.40812376919238147,2.503736596648277
469,rad_4,True,2,7SwVHAAw5lM,TransformType.LINEAR,a_vertebralis_l,task_idx_0100,59.828,1.8607031840280075,True,,,26.11,0.588421,0.0,0.0,0.0,0.0,0.0,0.0,0.0,0.0,773.3120327635112,130.0,6.0,2.0,0.0,0.0,0.0,0.0,0.0,2.0,14.168,0.0,0.0,0.0,0.0,0.0,0.0,-0.3280250288285908,-0.40200407739361516,-0.1902353777871361,-0.21459681339770417,0.0,0.0,-0.3495650438658904,-0.2615822186085138,-0.6447802152782339
470,rad_4,True,2,7SwVHAAw5lM,TransformType.LINEAR,a_carotisexterna_r,task_idx_0101,17.634999999999998,1.0465537047193694,True,,,3.0,0.588421,0.0,0.0,0.0,0.0,0.0,0.0,189.66835242085676,33.0,0.0,0.0,0.0,2.0,0.0,0.0,0.0,0.0,0.0,1.0,2.795,0.0,0.0,0.0,0.0,0.0,0.0,-0.3280250288285908,-0.40200407739361516,-0.1902353777871361,-0.21459681339770417,0.0,0.0,-0.6709635323596052,-0.6945458907881228,-0.6729758882208594
471,rad_4,True,2,7SwVHAAw5lM,TransformType.LINEAR,a_carotisexterna_l,task_idx_0102,62.76,2.2149579943642963,True,,,6.06,0.588421,0.0,0.0,73.17655893416993,11.0,285.4688208494257,21.0,0.0,1.0,2912.1490601598134,419.0,16.0,2.0,0.0,0.0,0.0,0.0,0.0,1.0,2.728,0.0,0.0,0.0,0.0,0.0,0.0,-0.11983514867207429,1.7787303698375025,7.381665270322587,5.477866026204554,0.0,0.0,0.5393633040908822,0.7009293295446172,-0.5977874270405249
472,rad_4,True,2,7SwVHAAw5lM,TransformType.LINEAR,lymph_node,task_idx_0103,22.102,,True,,,3.0,0.588421,0.0,0.0,0.0,0.0,0.0,0.0,0.0,0.0,0.0,0.0,30.0,1.0,0.0,0.0,0.0,0.0,0.0,1.0,2.883,0.0,0.0,0.0,0.0,0.0,0.0,-0.3280250288285908,-0.40200407739361516,-0.1902353777871361,-0.21459681339770417,0.0,0.0,-0.6709635323596052,-0.6945458907881228,-0.5319975235077321
473,rad_4,True,2,7SwVHAAw5lM,TransformType.LINEAR,recurrence,task_idx_0104,101.425,,,tn,True,,0.588421,0.0,0.0,266.34980178191563,4.0,0.0,0.0,0.0,0.0,4505.350823535223,726.0,157.0,1.0,0.0,0.0,0.0,0.0,0.0,2.0,2.166,0.0,0.0,0.0,0.0,0.0,0.0,0.4297495115481067,0.3909902670540641,-0.1902353777871361,-0.21459681339770417,0.0,0.0,1.2015185750809172,1.723389693845694,0.06481088711117379
474,rad_4,True,2,87J-_CHHkzI,TransformType.NONLINEAR,a_vertebralis_r,task_idx_0105,45.595,2.0646140665393395,True,,,1.63,0.908453,0.0,0.0,0.0,0.0,0.0,0.0,0.0,0.0,0.0,0.0,18.0,1.0,0.0,0.0,0.0,0.0,0.0,1.0,5.372,0.0,0.0,0.0,0.0,0.0,0.0,-0.23273871973047885,-0.32292066096407124,-0.28246093662522764,-0.3482139925710001,0.0,0.0,-0.4452092145798607,-0.47130896502335123,-0.41741879940096577
475,rad_4,True,2,87J-_CHHkzI,TransformType.NONLINEAR,a_vertebralis_l,task_idx_0106,10.404,0.4045171512586054,True,,,1.31,0.908453,0.0,0.0,0.0,0.0,0.0,0.0,0.0,0.0,0.0,0.0,0.0,0.0,0.0,0.0,0.0,0.0,0.0,1.0,2.828,0.0,0.0,0.0,0.0,0.0,0.0,-0.23273871973047885,-0.32292066096407124,-0.28246093662522764,-0.3482139925710001,0.0,0.0,-0.4452092145798607,-0.47130896502335123,-0.4828804116981163
476,rad_4,True,2,87J-_CHHkzI,TransformType.NONLINEAR,a_carotisexterna_r,task_idx_0107,40.905,2.8793419929848865,True,,,1.58,0.908453,0.0,0.0,0.0,0.0,0.0,0.0,0.0,0.0,0.0,0.0,186.0,0.0,0.0,0.0,0.0,0.0,0.0,1.0,34.499,0.0,0.0,0.0,0.0,0.0,0.0,-0.23273871973047885,-0.32292066096407124,-0.28246093662522764,-0.3482139925710001,0.0,0.0,-0.4452092145798607,-0.47130896502335123,0.19355624870577218
477,rad_4,True,2,87J-_CHHkzI,TransformType.NONLINEAR,a_carotisexterna_l,task_idx_0108,13.935,1.388247187009494,True,,,0.78,0.908453,0.0,0.0,0.0,0.0,0.0,0.0,0.0,0.0,0.0,0.0,0.0,0.0,0.0,0.0,0.0,0.0,0.0,1.0,3.553,0.0,0.0,0.0,0.0,0.0,0.0,-0.23273871973047885,-0.32292066096407124,-0.28246093662522764,-0.3482139925710001,0.0,0.0,-0.4452092145798607,-0.47130896502335123,-0.4828804116981163
478,rad_4,True,2,87J-_CHHkzI,TransformType.NONLINEAR,lymph_node,task_idx_0109,11.295,,True,,,3.4,0.908453,0.0,0.0,0.0,0.0,0.0,0.0,0.0,0.0,0.0,0.0,0.0,0.0,0.0,0.0,0.0,0.0,0.0,1.0,4.492,0.0,0.0,0.0,0.0,0.0,0.0,-0.23273871973047885,-0.32292066096407124,-0.28246093662522764,-0.3482139925710001,0.0,0.0,-0.4452092145798607,-0.47130896502335123,-0.4828804116981163
479,rad_4,True,2,87J-_CHHkzI,TransformType.NONLINEAR,recurrence,task_idx_0110,142.607,,,tn,True,,0.908453,0.0,0.0,1.0,2.0,99.1264986640513,20.0,3337.0796366925792,253.0,2327.3889027662244,373.0,703.0,0.0,0.0,0.0,0.0,0.0,0.0,1.0,36.467,0.0,0.0,0.0,0.0,0.0,0.0,-0.23057910246352512,-0.018995332997886544,0.1277299790073746,1.3400962744399094,0.0,0.0,0.5818702771074581,1.1313086045723844,2.0737592241294833
480,rad_4,True,2,aBQe2EfmXv8,TransformType.LINEAR,a_vertebralis_r,task_idx_0111,74.518,1.22166192151067,True,,,18.43,0.379644,0.0,0.0,0.0,0.0,0.0,0.0,54.57884523118905,25.0,1529.4031524979955,317.0,47.0,3.0,0.0,0.0,0.0,0.0,0.0,2.0,7.548999999999999,0.0,0.0,0.0,0.0,0.0,0.0,-0.3280250288285908,-0.40200407739361516,-0.1902353777871361,-0.21459681339770417,0.0,0.0,-0.03532378968835695,0.36121937137292387,-0.45210978350362657
481,rad_4,True,2,aBQe2EfmXv8,TransformType.LINEAR,a_vertebralis_l,task_idx_0112,60.855,1.897904424142517,True,,,23.95,0.379644,0.0,0.0,0.0,1.0,0.0,0.0,0.0,0.0,1702.5279232980763,357.0,45.0,1.0,0.0,0.0,0.0,0.0,0.0,1.0,12.095,0.0,0.0,0.0,0.0,0.0,0.0,-0.3280250288285908,-0.20375549128169534,-0.1902353777871361,-0.21459681339770417,0.0,0.0,0.03662910551892975,0.4944389628128036,-0.4615083411511684
482,rad_4,True,2,aBQe2EfmXv8,TransformType.LINEAR,a_carotisexterna_r,task_idx_0113,28.168,1.709842082512583,True,,,6.62,0.379644,0.0,0.0,0.0,0.0,0.0,0.0,0.0,0.0,0.0,0.0,19.0,1.0,0.0,0.0,0.0,0.0,0.0,1.0,5.459,0.0,0.0,0.0,0.0,0.0,0.0,-0.3280250288285908,-0.40200407739361516,-0.1902353777871361,-0.21459681339770417,0.0,0.0,-0.6709635323596052,-0.6945458907881228,-0.5836895905692121
483,rad_4,True,2,aBQe2EfmXv8,TransformType.LINEAR,a_carotisexterna_l,task_idx_0114,32.499,2.58365927903172,True,,,5.16,0.379644,0.0,0.0,0.0,1.0,0.0,0.0,565.3447356078983,72.0,101.82770354347907,11.0,21.0,2.0,0.0,0.0,0.0,0.0,0.0,1.0,3.909,0.0,0.0,0.0,0.0,0.0,0.0,-0.3280250288285908,-0.20375549128169534,-0.1902353777871361,-0.21459681339770417,0.0,0.0,-0.6286426209822069,-0.6579105031421559,-0.5742910329216703
484,rad_4,True,2,aBQe2EfmXv8,TransformType.LINEAR,lymph_node,task_idx_0115,32.668,,True,,,8.49,0.379644,0.0,0.0,0.0,0.0,0.0,0.0,0.0,0.0,0.0,0.0,25.0,1.0,0.0,0.0,0.0,0.0,0.0,1.0,17.818,0.0,0.0,0.0,0.0,0.0,0.0,-0.3280250288285908,-0.40200407739361516,-0.1902353777871361,-0.21459681339770417,0.0,0.0,-0.6709635323596052,-0.6945458907881228,-0.5554939176265866
485,rad_4,True,2,aBQe2EfmXv8,TransformType.LINEAR,recurrence,task_idx_0116,159.42000000000002,,,tp,True,,0.379644,0.0,0.0,1163.382187858644,3.0,0.0,0.0,846.2192267431514,82.0,5889.2247327623045,530.0,418.0,2.0,0.0,2.0,0.0,0.0,0.0,4.0,96.309,0.0,0.0,0.0,0.0,0.0,0.0,2.9818381540576886,0.19274168094214428,-0.1902353777871361,-0.21459681339770417,0.0,0.0,1.776674480908507,1.0706136957902834,1.2913226601153818
486,rad_4,True,2,2pO8AtRxHAg,TransformType.LINEAR,a_vertebralis_r,task_idx_0117,45.235,3.657502525963922,True,,,9.74,0.704734,0.0,0.0,0.0,0.0,0.0,0.0,0.0,0.0,0.0,0.0,68.0,1.0,0.0,0.0,0.0,0.0,0.0,1.0,6.931,0.0,0.0,0.0,0.0,0.0,0.0,-0.3280250288285908,-0.40200407739361516,-0.1902353777871361,-0.21459681339770417,0.0,0.0,-0.6709635323596052,-0.6945458907881228,-0.3534249282044374
487,rad_4,True,2,2pO8AtRxHAg,TransformType.LINEAR,a_vertebralis_l,task_idx_0118,38.58,2.42868005835424,True,,,10.66,0.704734,0.0,0.0,0.0,0.0,0.0,0.0,0.0,0.0,0.0,0.0,127.0,1.0,0.0,0.0,0.0,0.0,0.0,1.0,5.489,0.0,0.0,0.0,0.0,0.0,0.0,-0.3280250288285908,-0.40200407739361516,-0.1902353777871361,-0.21459681339770417,0.0,0.0,-0.6709635323596052,-0.6945458907881228,-0.07616747760195358
488,rad_4,True,2,2pO8AtRxHAg,TransformType.LINEAR,a_carotisexterna_r,task_idx_0119,36.375,1.9177040114556945,True,,,2.04,0.704734,0.0,0.0,541.2698033328666,2.0,0.0,0.0,0.0,0.0,373.1957871536836,85.0,15.0,3.0,0.0,0.0,0.0,0.0,0.0,1.0,6.362,0.0,0.0,0.0,0.0,0.0,0.0,1.211906571256411,-0.005506905169775531,-0.1902353777871361,-0.21459681339770417,0.0,0.0,-0.515858533573046,-0.41145425897837845,-0.6024867058642958
489,rad_4,True,2,2pO8AtRxHAg,TransformType.LINEAR,a_carotisexterna_l,task_idx_0120,25.377,1.4065922048184714,True,,,1.51,0.704734,0.0,0.0,0.0,0.0,0.0,0.0,0.0,0.0,0.0,0.0,0.0,1.0,0.0,0.0,0.0,0.0,0.0,1.0,6.223,0.0,0.0,0.0,0.0,0.0,0.0,-0.3280250288285908,-0.40200407739361516,-0.1902353777871361,-0.21459681339770417,0.0,0.0,-0.6709635323596052,-0.6945458907881228,-0.6729758882208594
490,rad_4,True,2,2pO8AtRxHAg,TransformType.LINEAR,lymph_node,task_idx_0121,10.188,,True,,,1.56,0.704734,0.0,0.0,0.0,0.0,0.0,0.0,0.0,0.0,0.0,0.0,0.0,0.0,0.0,0.0,0.0,0.0,0.0,1.0,4.43,0.0,0.0,0.0,0.0,0.0,0.0,-0.3280250288285908,-0.40200407739361516,-0.1902353777871361,-0.21459681339770417,0.0,0.0,-0.6709635323596052,-0.6945458907881228,-0.6729758882208594
491,rad_4,True,2,2pO8AtRxHAg,TransformType.LINEAR,recurrence,task_idx_0122,70.133,,,tp,True,,0.704734,0.0,0.0,0.0,0.0,0.0,0.0,0.0,0.0,0.0,0.0,228.0,1.0,0.0,0.0,0.0,0.0,0.0,4.0,16.851,0.0,0.0,0.0,0.0,0.0,0.0,-0.3280250288285908,-0.40200407739361516,-0.1902353777871361,-0.21459681339770417,0.0,0.0,-0.6709635323596052,-0.6945458907881228,0.39845968359890854
492,rad_4,True,2,6WB8wP4uAl0,TransformType.LINEAR,a_vertebralis_r,task_idx_0123,89.155,4.204662216677442,True,,,17.16,0.64322,0.0,0.0,0.0,0.0,0.0,0.0,0.0,0.0,886.0121564504007,187.0,115.0,4.0,0.0,0.0,0.0,0.0,0.0,2.0,9.709,0.0,0.0,0.0,0.0,0.0,0.0,-0.3280250288285908,-0.40200407739361516,-0.1902353777871361,-0.21459681339770417,0.0,0.0,-0.30272541397344044,-0.07174430080668519,-0.13255882348720452
493,rad_4,True,2,6WB8wP4uAl0,TransformType.LINEAR,a_vertebralis_l,task_idx_0124,61.525,6.420036722399301,False,,,15.25,0.64322,0.0,0.0,0.0,0.0,0.0,0.0,0.0,0.0,741.5132430788884,146.0,119.0,0.0,0.0,0.0,0.0,0.0,0.0,1.0,4.311,0.0,0.0,0.0,0.0,0.0,0.0,-0.3280250288285908,-0.40200407739361516,-0.1902353777871361,-0.21459681339770417,0.0,0.0,-0.36278103237708004,-0.2082943820325619,-0.11376170819212088
494,rad_4,True,2,6WB8wP4uAl0,TransformType.LINEAR,a_carotisexterna_r,task_idx_0125,35.952,3.796850717799365,True,,,3.63,0.64322,0.0,0.0,0.0,0.0,0.0,0.0,94.21256215243226,19.0,433.8011291807582,121.0,1.0,1.0,0.0,0.0,0.0,0.0,0.0,1.0,3.847,0.0,0.0,0.0,0.0,0.0,0.0,-0.3280250288285908,-0.40200407739361516,-0.1902353777871361,-0.21459681339770417,0.0,0.0,-0.490670169113569,-0.2915566266824867,-0.6682766093970886
495,rad_4,True,2,6WB8wP4uAl0,TransformType.LINEAR,a_carotisexterna_l,task_idx_0126,11.746,2.5635040572339283,True,,,5.4,0.64322,0.0,0.0,0.0,0.0,0.0,0.0,0.0,0.0,0.0,0.0,12.0,0.0,0.0,0.0,0.0,0.0,0.0,0.0,0.0,0.0,0.0,0.0,0.0,0.0,0.0,-0.3280250288285908,-0.40200407739361516,-0.1902353777871361,-0.21459681339770417,0.0,0.0,-0.6709635323596052,-0.6945458907881228,-0.6165845423356084
496,rad_4,True,2,6WB8wP4uAl0,TransformType.LINEAR,lymph_node,task_idx_0127,10.25,,True,,,1.81,0.64322,0.0,0.0,0.0,0.0,0.0,0.0,0.0,0.0,0.0,0.0,0.0,0.0,0.0,0.0,0.0,0.0,0.0,1.0,4.451,0.0,0.0,0.0,0.0,0.0,0.0,-0.3280250288285908,-0.40200407739361516,-0.1902353777871361,-0.21459681339770417,0.0,0.0,-0.6709635323596052,-0.6945458907881228,-0.6729758882208594
497,rad_4,True,2,6WB8wP4uAl0,TransformType.LINEAR,recurrence,task_idx_0128,60.25,,,tn,True,,0.64322,0.0,0.0,0.0,1.0,0.0,0.0,51.45261837277839,8.0,642.7381190326225,103.0,133.0,0.0,0.0,0.0,0.0,0.0,0.0,1.0,47.791,0.0,0.0,0.0,0.0,0.0,0.0,-0.3280250288285908,-0.20375549128169534,-0.1902353777871361,-0.21459681339770417,0.0,0.0,-0.40383325221103344,-0.35150544283043256,-0.047971804659328106
498,rad_4,True,2,CCL2MqdD19g,TransformType.NONLINEAR,a_vertebralis_r,task_idx_0147,53.103,2.104085702126601,True,,,1.88,0.870385,0.0,0.0,0.0,1.0,0.0,0.0,0.0,0.0,2546.342086462906,418.0,48.0,0.0,0.0,0.0,0.0,0.0,0.0,1.0,4.416,0.0,0.0,0.0,0.0,0.0,0.0,-0.23273871973047885,-0.17095799698097888,-0.28246093662522764,-0.3482139925710001,0.0,0.0,0.6784945775615951,1.3246538877675804,-0.3083161122390483
499,rad_4,True,2,CCL2MqdD19g,TransformType.NONLINEAR,a_vertebralis_l,task_idx_0148,11.577,5.017115308319889,False,,,6.55,0.870385,0.0,0.0,0.0,0.0,0.0,0.0,0.0,0.0,0.0,0.0,0.0,0.0,0.0,0.0,0.0,0.0,0.0,1.0,4.562,0.0,0.0,0.0,0.0,0.0,0.0,-0.23273871973047885,-0.32292066096407124,-0.28246093662522764,-0.3482139925710001,0.0,0.0,-0.4452092145798607,-0.47130896502335123,-0.4828804116981163
500,rad_4,True,2,CCL2MqdD19g,TransformType.NONLINEAR,a_carotisexterna_r,task_idx_0149,12.702,2.033720374962805,True,,,1.47,0.870385,0.0,0.0,0.0,0.0,0.0,0.0,0.0,0.0,0.0,0.0,0.0,0.0,0.0,0.0,0.0,0.0,0.0,1.0,3.834,0.0,0.0,0.0,0.0,0.0,0.0,-0.23273871973047885,-0.32292066096407124,-0.28246093662522764,-0.3482139925710001,0.0,0.0,-0.4452092145798607,-0.47130896502335123,-0.4828804116981163
501,rad_4,True,2,CCL2MqdD19g,TransformType.NONLINEAR,a_carotisexterna_l,task_idx_0150,15.03,1.50430654245734,True,,,2.58,0.870385,0.0,0.0,0.0,0.0,0.0,0.0,0.0,0.0,0.0,0.0,13.0,1.0,0.0,0.0,0.0,0.0,0.0,1.0,2.998,0.0,0.0,0.0,0.0,0.0,0.0,-0.23273871973047885,-0.32292066096407124,-0.28246093662522764,-0.3482139925710001,0.0,0.0,-0.4452092145798607,-0.47130896502335123,-0.4356025805946187
502,rad_4,True,2,CCL2MqdD19g,TransformType.NONLINEAR,lymph_node,task_idx_0151,17.63,,True,,,4.39,0.870385,0.0,0.0,0.0,0.0,0.0,0.0,0.0,0.0,0.0,0.0,26.0,0.0,0.0,0.0,0.0,0.0,0.0,1.0,4.759,0.0,0.0,0.0,0.0,0.0,0.0,-0.23273871973047885,-0.32292066096407124,-0.28246093662522764,-0.3482139925710001,0.0,0.0,-0.4452092145798607,-0.47130896502335123,-0.3883247494911211
503,rad_4,True,2,CCL2MqdD19g,TransformType.NONLINEAR,recurrence,task_idx_0152,300.803,,,tn,True,,0.870385,0.0,0.0,1119.7011864135554,34.0,234.58381672325453,30.0,2254.45831334727,190.0,4977.34894953051,538.0,799.0,2.0,1.0,3.0,0.0,0.0,0.0,6.0,180.729,0.0,0.0,0.0,0.0,0.0,0.0,2.1853872962768124,4.843809914461068,0.6882598279648212,2.1842514079453643,0.0,0.0,1.7513007984042894,1.8402413096214363,2.422887823047619
504,rad_4,True,2,hmJfXqxVMk0,TransformType.NONLINEAR,a_vertebralis_r,task_idx_0153,25.245,15.037982392644592,False,,,14.68,0.868228,0.0,0.0,0.0,0.0,0.0,0.0,0.0,0.0,0.0,0.0,0.0,0.0,0.0,1.0,0.0,0.0,0.0,1.0,3.997,0.0,0.0,0.0,0.0,0.0,0.0,-0.23273871973047885,-0.32292066096407124,-0.28246093662522764,-0.3482139925710001,0.0,0.0,-0.4452092145798607,-0.47130896502335123,-0.4828804116981163
505,rad_4,True,2,hmJfXqxVMk0,TransformType.NONLINEAR,a_vertebralis_l,task_idx_0154,24.52,12.056168252120658,False,,,13.33,0.868228,0.0,0.0,0.0,0.0,0.0,0.0,0.0,0.0,0.0,0.0,5.0,0.0,0.0,0.0,0.0,0.0,0.0,1.0,4.693,0.0,0.0,0.0,0.0,0.0,0.0,-0.23273871973047885,-0.32292066096407124,-0.28246093662522764,-0.3482139925710001,0.0,0.0,-0.4452092145798607,-0.47130896502335123,-0.46469663050446336
506,rad_4,True,2,hmJfXqxVMk0,TransformType.NONLINEAR,a_carotisexterna_r,task_idx_0155,43.561,1.802427365729509,True,,,2.48,0.868228,0.0,0.0,0.0,0.0,0.0,0.0,0.0,0.0,0.0,0.0,26.0,0.0,0.0,0.0,0.0,0.0,0.0,1.0,7.242,0.0,0.0,0.0,0.0,0.0,0.0,-0.23273871973047885,-0.32292066096407124,-0.28246093662522764,-0.3482139925710001,0.0,0.0,-0.4452092145798607,-0.47130896502335123,-0.3883247494911211
507,rad_4,True,2,hmJfXqxVMk0,TransformType.NONLINEAR,a_carotisexterna_l,task_idx_0156,26.357,1.314192887782254,True,,,1.44,0.868228,0.0,0.0,0.0,0.0,0.0,0.0,0.0,0.0,0.0,0.0,34.0,0.0,0.0,0.0,0.0,0.0,0.0,1.0,4.89,0.0,0.0,0.0,0.0,0.0,0.0,-0.23273871973047885,-0.32292066096407124,-0.28246093662522764,-0.3482139925710001,0.0,0.0,-0.4452092145798607,-0.47130896502335123,-0.35923069958127646
508,rad_4,True,2,hmJfXqxVMk0,TransformType.NONLINEAR,lymph_node,task_idx_0157,12.212,,True,,,1.36,0.868228,0.0,0.0,0.0,0.0,0.0,0.0,0.0,0.0,0.0,0.0,0.0,0.0,0.0,0.0,0.0,0.0,0.0,1.0,4.612,0.0,0.0,0.0,0.0,0.0,0.0,-0.23273871973047885,-0.32292066096407124,-0.28246093662522764,-0.3482139925710001,0.0,0.0,-0.4452092145798607,-0.47130896502335123,-0.4828804116981163
509,rad_4,True,2,hmJfXqxVMk0,TransformType.NONLINEAR,recurrence,task_idx_0158,38.295,,,tp,True,,0.868228,0.0,0.0,0.0,0.0,0.0,0.0,0.0,0.0,0.0,0.0,209.0,0.0,0.0,0.0,0.0,0.0,0.0,1.0,5.458,0.0,0.0,0.0,0.0,0.0,0.0,-0.23273871973047885,-0.32292066096407124,-0.28246093662522764,-0.3482139925710001,0.0,0.0,-0.4452092145798607,-0.47130896502335123,0.27720164219657556
510,rad_4,True,2,0f9SYhwcPFc,TransformType.LINEAR,a_vertebralis_r,task_idx_0165,49.996,4.200140906261357,True,,,31.53,0.351753,0.0,0.0,753.044487397657,2.0,0.0,0.0,0.0,0.0,936.860699710416,84.0,0.0,2.0,0.0,0.0,0.0,0.0,0.0,2.0,11.333,0.0,0.0,0.0,0.0,0.0,0.0,1.814412985028831,-0.005506905169775531,-0.1902353777871361,-0.21459681339770417,0.0,0.0,-0.2815921013473921,-0.41478474876437543,-0.6729758882208594
511,rad_4,True,2,0f9SYhwcPFc,TransformType.LINEAR,a_vertebralis_l,task_idx_0166,126.953,31.29690139658501,False,,,27.1,0.351753,0.0,0.0,0.0,0.0,0.0,0.0,0.0,0.0,3547.570658860248,787.0,377.0,2.0,0.0,0.0,0.0,0.0,0.0,0.0,0.0,0.0,0.0,0.0,0.0,0.0,0.0,-0.3280250288285908,-0.40200407739361516,-0.1902353777871361,-0.21459681339770417,0.0,0.0,0.8034527437039777,1.9265495707915106,1.0986522283407745
512,rad_4,True,2,0f9SYhwcPFc,TransformType.LINEAR,a_carotisexterna_r,task_idx_0167,47.831,5.678266271866659,False,,,4.1,0.351753,0.0,0.0,0.0,0.0,0.0,0.0,0.0,0.0,1641.0703602718042,72.0,120.0,2.0,0.0,0.0,0.0,0.0,0.0,1.0,4.033,0.0,0.0,0.0,0.0,0.0,0.0,-0.3280250288285908,-0.40200407739361516,-0.1902353777871361,-0.21459681339770417,0.0,0.0,0.011086546983322973,-0.4547506261963394,-0.10906242936834996
513,rad_4,True,2,0f9SYhwcPFc,TransformType.LINEAR,a_carotisexterna_l,task_idx_0168,108.919,40.390420890384334,False,,,25.75,0.351753,0.0,0.0,37.06199748469165,8.0,0.0,0.0,0.0,0.0,2201.614891272433,339.0,536.0,2.0,0.0,0.0,0.0,0.0,0.0,0.0,0.0,0.0,0.0,0.0,0.0,0.0,0.0,-0.22258234435308316,1.1839846115017432,-0.1902353777871361,-0.21459681339770417,0.0,0.0,0.24405610825240903,0.4344901466648577,1.8458375613203495
514,rad_4,True,2,0f9SYhwcPFc,TransformType.LINEAR,lymph_node,task_idx_0169,31.87,,True,,,7.01,0.351753,0.0,0.0,0.0,0.0,0.0,0.0,0.0,0.0,0.0,0.0,24.0,2.0,0.0,0.0,0.0,0.0,0.0,1.0,3.255,0.0,0.0,0.0,0.0,0.0,0.0,-0.3280250288285908,-0.40200407739361516,-0.1902353777871361,-0.21459681339770417,0.0,0.0,-0.6709635323596052,-0.6945458907881228,-0.5601931964503576
515,rad_4,True,2,0f9SYhwcPFc,TransformType.LINEAR,recurrence,task_idx_0170,259.656,,,tp,True,,0.351753,0.0,0.0,361.8716661307433,20.0,0.0,0.0,0.0,0.0,7669.570542521487,1215.0,581.0,0.0,0.0,2.0,0.0,0.0,0.0,3.0,55.51199999999999,0.0,0.0,0.0,0.0,0.0,0.0,0.7015125703850169,3.5629676448447807,-0.1902353777871361,-0.21459681339770417,0.0,0.0,2.51660923946632,3.3519991991982234,2.0573051083900404
516,rad_4,True,2,7sp2FiVa4WI,TransformType.LINEAR,a_vertebralis_r,task_idx_0177,116.321,6.696239243537305,False,,,47.53,0.437382,0.0,0.0,0.0,0.0,0.0,0.0,0.0,0.0,5400.110221548706,573.0,445.0,2.0,1.0,0.0,0.0,0.0,0.0,2.0,10.099,0.0,0.0,0.0,0.0,0.0,0.0,-0.3280250288285908,-0.40200407739361516,-0.1902353777871361,-0.21459681339770417,0.0,0.0,1.5733921602615368,1.2138247565881541,1.4182031883571964
517,rad_4,True,2,7sp2FiVa4WI,TransformType.LINEAR,a_vertebralis_l,task_idx_0178,25.259,1.2331041818659771,True,,,55.31,0.437382,0.0,0.0,0.0,1.0,0.0,0.0,0.0,0.0,1123.3535505683806,143.0,1.0,1.0,0.0,0.0,0.0,0.0,0.0,0.0,0.0,0.0,0.0,0.0,0.0,0.0,0.0,-0.3280250288285908,-0.20375549128169534,-0.1902353777871361,-0.21459681339770417,0.0,0.0,-0.20408325906746919,-0.21828585139055287,-0.6682766093970886
518,rad_4,True,2,7sp2FiVa4WI,TransformType.LINEAR,a_carotisexterna_r,task_idx_0179,122.659,12.895241403461744,False,,,14.74,0.437382,0.0,0.0,0.0,0.0,0.0,0.0,0.0,0.0,4989.491718769869,734.0,336.0,3.0,0.0,0.0,0.0,0.0,0.0,1.0,3.887,0.0,0.0,0.0,0.0,0.0,0.0,-0.3280250288285908,-0.40200407739361516,-0.1902353777871361,-0.21459681339770417,0.0,0.0,1.4027337965618876,1.75003361213367,0.9059817965661671
519,rad_4,True,2,7sp2FiVa4WI,TransformType.LINEAR,a_carotisexterna_l,task_idx_0180,38.197,4.652612026318535,True,,,4.62,0.437382,0.0,0.0,0.0,0.0,0.0,0.0,0.0,0.0,601.9141794243994,154.0,99.0,1.0,0.0,0.0,0.0,0.0,0.0,0.0,0.0,0.0,0.0,0.0,0.0,0.0,0.0,-0.3280250288285908,-0.40200407739361516,-0.1902353777871361,-0.21459681339770417,0.0,0.0,-0.42080020982780975,-0.18165046374458596,-0.2077472846675391
520,rad_4,True,2,7sp2FiVa4WI,TransformType.LINEAR,lymph_node,task_idx_0181,22.597,,True,,,9.11,0.437382,0.0,0.0,0.0,0.0,0.0,0.0,0.0,0.0,0.0,0.0,53.0,0.0,0.0,0.0,0.0,0.0,0.0,1.0,3.219,0.0,0.0,0.0,0.0,0.0,0.0,-0.3280250288285908,-0.40200407739361516,-0.1902353777871361,-0.21459681339770417,0.0,0.0,-0.6709635323596052,-0.6945458907881228,-0.4239141105610011
521,rad_4,True,2,7sp2FiVa4WI,TransformType.LINEAR,recurrence,task_idx_0182,128.46,,,fn,False,,0.437382,0.0,0.0,935.7658944706394,5.0,0.0,0.0,0.0,0.0,10538.899556962666,1446.0,100.0,0.0,1.0,0.0,1.0,0.0,0.0,1.0,3.202,0.0,0.0,0.0,0.0,0.0,0.0,2.334261805397331,0.5892388531659839,-0.1902353777871361,-0.21459681339770417,0.0,0.0,3.709139510768299,4.121342339763529,-0.20304800584376823
522,rad_4,True,2,1q_1_G-1EPM,TransformType.LINEAR,a_vertebralis_r,task_idx_0183,54.381,2.330871458559127,True,,,70.38,0.295283,0.0,0.0,0.0,0.0,0.0,0.0,0.0,0.0,2338.66894303521,179.0,11.0,2.0,0.0,1.0,0.0,0.0,0.0,1.0,5.971,0.0,0.0,0.0,0.0,0.0,0.0,-0.3280250288285908,-0.40200407739361516,-0.1902353777871361,-0.21459681339770417,0.0,0.0,0.30101754582513407,-0.09838821909466113,-0.6212838211593794
523,rad_4,True,2,1q_1_G-1EPM,TransformType.LINEAR,a_vertebralis_l,task_idx_0184,30.138,2.0813524027338683,True,,,77.26,0.295283,0.0,0.0,0.0,0.0,0.0,0.0,0.0,0.0,949.9116579311556,101.0,3.0,2.0,0.0,0.0,0.0,0.0,0.0,1.0,3.014,0.0,0.0,0.0,0.0,0.0,0.0,-0.3280250288285908,-0.40200407739361516,-0.1902353777871361,-0.21459681339770417,0.0,0.0,-0.27616795421424767,-0.3581664224024266,-0.6588780517495467
524,rad_4,True,2,1q_1_G-1EPM,TransformType.LINEAR,a_carotisexterna_r,task_idx_0185,29.579,2.004985227744695,True,,,24.21,0.295283,0.0,0.0,0.0,0.0,0.0,0.0,0.0,0.0,208.2389323908993,47.0,0.0,2.0,0.0,0.0,0.0,0.0,0.0,1.0,3.018,0.0,0.0,0.0,0.0,0.0,0.0,-0.3280250288285908,-0.40200407739361516,-0.1902353777871361,-0.21459681339770417,0.0,0.0,-0.5844167371716306,-0.5380128708462641,-0.6729758882208594
525,rad_4,True,2,1q_1_G-1EPM,TransformType.LINEAR,a_carotisexterna_l,task_idx_0186,42.347,3.044712707514483,True,,,31.0,0.295283,0.0,0.0,0.0,1.0,0.0,0.0,0.0,0.0,2776.293617812488,204.0,10.0,2.0,0.0,0.0,0.0,0.0,0.0,0.0,0.0,0.0,0.0,0.0,0.0,0.0,0.0,-0.3280250288285908,-0.20375549128169534,-0.1902353777871361,-0.21459681339770417,0.0,0.0,0.4829000241028047,-0.01512597444473631,-0.6259830999831503
526,rad_4,True,2,1q_1_G-1EPM,TransformType.LINEAR,lymph_node,task_idx_0187,145.995,,False,,,25.31,0.295283,0.0,0.0,0.0,1.0,0.0,0.0,0.0,0.0,5882.550424332807,665.0,96.0,1.0,1.0,2.0,0.0,0.0,0.0,2.0,8.849,0.0,0.0,0.0,0.0,0.0,0.0,-0.3280250288285908,-0.20375549128169534,-0.1902353777871361,-0.21459681339770417,0.0,0.0,1.7739005519508577,1.5202298168998774,-0.22184512113885185
527,rad_4,True,2,1q_1_G-1EPM,TransformType.LINEAR,recurrence,task_idx_0188,194.044,,,fp,False,,0.295283,0.0,0.0,1217.8002142859564,3.0,0.0,0.0,0.0,0.0,3351.2238922936103,528.0,699.0,3.0,1.0,4.0,0.0,0.0,0.0,2.0,40.487,0.0,0.0,0.0,0.0,0.0,0.0,3.136659350425342,0.19274168094214428,-0.1902353777871361,-0.21459681339770417,0.0,0.0,0.72184848653287,1.0639527162182894,2.611820009595008
528,rad_4,True,2,eiJvX7Bw25o,TransformType.NONLINEAR,a_vertebralis_r,task_idx_0195,27.291,16.800242170596977,False,,,17.82,0.913859,0.0,0.0,1.0,2.0,0.0,0.0,0.0,0.0,7.0,4.0,51.0,0.0,0.0,0.0,0.0,0.0,0.0,1.0,5.133,0.0,0.0,0.0,0.0,0.0,0.0,-0.23057910246352512,-0.018995332997886544,-0.28246093662522764,-0.3482139925710001,0.0,0.0,-0.44212010625195464,-0.4541227176282227,-0.29740584352285654
529,rad_4,True,2,eiJvX7Bw25o,TransformType.NONLINEAR,a_vertebralis_l,task_idx_0196,107.614,2.8850522432938277,True,,,18.38,0.913859,0.0,0.0,100.84641788382967,2.0,0.0,0.0,0.0,0.0,5465.83705879524,909.0,92.0,4.0,0.0,0.0,0.0,0.0,0.0,1.0,5.541,0.0,0.0,0.0,0.0,0.0,0.0,-0.014949054358128886,-0.018995332997886544,-0.28246093662522764,-0.3482139925710001,0.0,0.0,1.9668711821775393,3.4342657555196077,-0.14829883773490266
530,rad_4,True,2,eiJvX7Bw25o,TransformType.NONLINEAR,a_carotisexterna_r,task_idx_0197,31.502,2.6181925437453426,True,,,0.55,0.913859,0.0,0.0,9.055385138137416,2.0,0.0,0.0,0.0,0.0,1379.9956334738972,223.0,4.0,0.0,0.0,0.0,0.0,0.0,0.0,0.0,0.0,0.0,0.0,0.0,0.0,0.0,0.0,-0.21318255362724112,-0.018995332997886544,-0.28246093662522764,-0.3482139925710001,0.0,0.0,0.16378450025416488,0.48682432725506447,-0.46833338674319397
531,rad_4,True,2,eiJvX7Bw25o,TransformType.NONLINEAR,a_carotisexterna_l,task_idx_0198,18.898,5.37398067762006,False,,,1.37,0.913859,0.0,0.0,0.0,1.0,0.0,0.0,0.0,0.0,95.90019326561428,24.0,1.0,0.0,0.0,0.0,0.0,0.0,0.0,0.0,0.0,0.0,0.0,0.0,0.0,0.0,0.0,-0.23273871973047885,-0.17095799698097888,-0.28246093662522764,-0.3482139925710001,0.0,0.0,-0.4028883451992025,-0.36819148065258,-0.4792436554593857
532,rad_4,True,2,eiJvX7Bw25o,TransformType.NONLINEAR,lymph_node,task_idx_0199,29.866,,True,,,4.34,0.913859,0.0,0.0,0.0,0.0,0.0,0.0,0.0,0.0,403.3432263903928,63.0,17.0,0.0,0.0,0.0,0.0,0.0,0.0,0.0,0.0,0.0,0.0,0.0,0.0,0.0,0.0,-0.23273871973047885,-0.32292066096407124,-0.28246093662522764,-0.3482139925710001,0.0,0.0,-0.26721336891599623,-0.20062556855007682,-0.4210555556396964
533,rad_4,True,2,eiJvX7Bw25o,TransformType.NONLINEAR,recurrence,task_idx_0200,73.834,,,fn,False,,0.913859,0.0,0.0,0.0,1.0,334.5778137909677,15.0,0.0,0.0,2344.2844938755857,259.0,328.0,1.0,0.0,0.0,0.0,0.0,0.0,1.0,44.327,0.0,0.0,0.0,0.0,0.0,0.0,-0.23273871973047885,-0.17095799698097888,1.102040499810985,0.9180187076871821,0.0,0.0,0.5893263215647185,0.6415005538112212,0.7099756346055149
534,rad_4,True,2,a9ebcF7RKU4,TransformType.NONLINEAR,a_vertebralis_r,task_idx_0201,17.465,3.1008340638176453,True,,,1.89,0.903846,0.0,0.0,0.0,0.0,0.0,0.0,0.0,0.0,279.6366832051491,24.0,1.0,0.0,0.0,0.0,0.0,0.0,0.0,1.0,3.885,0.0,0.0,0.0,0.0,0.0,0.0,-0.23273871973047885,-0.32292066096407124,-0.28246093662522764,-0.3482139925710001,0.0,0.0,-0.3218052135974253,-0.36819148065258,-0.4792436554593857
535,rad_4,True,2,a9ebcF7RKU4,TransformType.NONLINEAR,a_vertebralis_l,task_idx_0202,15.924,1.1343292673614422,True,,,3.55,0.903846,0.0,0.0,0.0,0.0,0.0,0.0,0.0,0.0,0.0,0.0,32.0,0.0,0.0,0.0,0.0,0.0,0.0,1.0,3.314,0.0,0.0,0.0,0.0,0.0,0.0,-0.23273871973047885,-0.32292066096407124,-0.28246093662522764,-0.3482139925710001,0.0,0.0,-0.4452092145798607,-0.47130896502335123,-0.3665042120587376
536,rad_4,True,2,a9ebcF7RKU4,TransformType.NONLINEAR,a_carotisexterna_r,task_idx_0203,24.626,2.297078676798892,True,,,1.83,0.903846,0.0,0.0,0.0,0.0,0.0,0.0,0.0,0.0,48.690683815004704,13.0,17.0,0.0,0.0,0.0,0.0,0.0,0.0,2.0,9.313,0.0,0.0,0.0,0.0,0.0,0.0,-0.23273871973047885,-0.32292066096407124,-0.28246093662522764,-0.3482139925710001,0.0,0.0,-0.4237219578849506,-0.41545366098918346,-0.4210555556396964
537,rad_4,True,2,a9ebcF7RKU4,TransformType.NONLINEAR,a_carotisexterna_l,task_idx_0204,13.292,1.74497189764552,True,,,3.68,0.903846,0.0,0.0,0.0,0.0,0.0,0.0,0.0,0.0,0.0,0.0,21.0,0.0,0.0,0.0,0.0,0.0,0.0,1.0,2.741,0.0,0.0,0.0,0.0,0.0,0.0,-0.23273871973047885,-0.32292066096407124,-0.28246093662522764,-0.3482139925710001,0.0,0.0,-0.4452092145798607,-0.47130896502335123,-0.40650853068477405
538,rad_4,True,2,a9ebcF7RKU4,TransformType.NONLINEAR,lymph_node,task_idx_0205,12.41,,True,,,2.23,0.903846,0.0,0.0,0.0,0.0,0.0,0.0,0.0,0.0,0.0,0.0,13.0,0.0,0.0,0.0,0.0,0.0,0.0,1.0,4.013,0.0,0.0,0.0,0.0,0.0,0.0,-0.23273871973047885,-0.32292066096407124,-0.28246093662522764,-0.3482139925710001,0.0,0.0,-0.4452092145798607,-0.47130896502335123,-0.4356025805946187
539,rad_4,True,2,a9ebcF7RKU4,TransformType.NONLINEAR,recurrence,task_idx_0206,200.159,,,tn,True,,0.903846,0.0,0.0,397.702619279418,27.0,0.0,0.0,378.6416196618658,34.0,2063.3163079288856,326.0,949.0,1.0,0.0,3.0,1.0,2.0,0.0,7.0,127.459,0.0,0.0,0.0,0.0,0.0,0.0,0.6261467239780775,3.780071266579422,-0.28246093662522764,-0.3482139925710001,0.0,0.0,0.46533472683834676,0.9293701976796241,2.968401258857207
540,rad_4,True,2,pP5CHNLQspI,TransformType.NONLINEAR,a_vertebralis_r,task_idx_0207,14.34,2.542916059094736,True,,,0.97,0.883264,0.0,0.0,0.0,0.0,0.0,0.0,0.0,0.0,0.0,0.0,0.0,0.0,0.0,0.0,0.0,0.0,0.0,1.0,3.163,0.0,0.0,0.0,0.0,0.0,0.0,-0.23273871973047885,-0.32292066096407124,-0.28246093662522764,-0.3482139925710001,0.0,0.0,-0.4452092145798607,-0.47130896502335123,-0.4828804116981163
541,rad_4,True,2,pP5CHNLQspI,TransformType.NONLINEAR,a_vertebralis_l,task_idx_0208,21.627,3.1350092369788616,True,,,2.46,0.883264,0.0,0.0,0.0,0.0,0.0,0.0,0.0,0.0,0.0,0.0,45.0,0.0,0.0,0.0,0.0,0.0,0.0,1.0,5.027,0.0,0.0,0.0,0.0,0.0,0.0,-0.23273871973047885,-0.32292066096407124,-0.28246093662522764,-0.3482139925710001,0.0,0.0,-0.4452092145798607,-0.47130896502335123,-0.31922638095524003
542,rad_4,True,2,pP5CHNLQspI,TransformType.NONLINEAR,a_carotisexterna_r,task_idx_0209,24.579,0.9169170198165424,True,,,0.67,0.883264,0.0,0.0,0.0,0.0,0.0,0.0,0.0,0.0,0.0,0.0,32.0,1.0,0.0,0.0,0.0,0.0,0.0,1.0,3.252,0.0,0.0,0.0,0.0,0.0,0.0,-0.23273871973047885,-0.32292066096407124,-0.28246093662522764,-0.3482139925710001,0.0,0.0,-0.4452092145798607,-0.47130896502335123,-0.3665042120587376
543,rad_4,True,2,pP5CHNLQspI,TransformType.NONLINEAR,a_carotisexterna_l,task_idx_0210,28.981,1.7512432170363974,True,,,0.54,0.883264,0.0,0.0,0.0,0.0,0.0,0.0,0.0,0.0,0.0,0.0,0.0,1.0,0.0,0.0,0.0,0.0,0.0,2.0,5.724,0.0,0.0,0.0,0.0,0.0,0.0,-0.23273871973047885,-0.32292066096407124,-0.28246093662522764,-0.3482139925710001,0.0,0.0,-0.4452092145798607,-0.47130896502335123,-0.4828804116981163
544,rad_4,True,2,pP5CHNLQspI,TransformType.NONLINEAR,lymph_node,task_idx_0211,21.655,,True,,,7.84,0.883264,0.0,0.0,0.0,0.0,0.0,0.0,0.0,0.0,0.0,0.0,51.0,0.0,0.0,0.0,0.0,0.0,0.0,1.0,2.818,0.0,0.0,0.0,0.0,0.0,0.0,-0.23273871973047885,-0.32292066096407124,-0.28246093662522764,-0.3482139925710001,0.0,0.0,-0.4452092145798607,-0.47130896502335123,-0.29740584352285654
545,rad_4,True,2,pP5CHNLQspI,TransformType.NONLINEAR,recurrence,task_idx_0212,56.974,,,tp,True,,0.883264,0.0,0.0,192.89458402243127,4.0,0.0,0.0,0.0,0.0,6710.935633911244,356.0,0.0,1.0,1.0,0.0,0.0,0.0,0.0,1.0,9.584,0.0,0.0,0.0,0.0,0.0,0.0,0.18383975462622074,0.28492999496829813,-0.28246093662522764,-0.3482139925710001,0.0,0.0,2.5163346646710796,1.0582670531430882,-0.4828804116981163
546,rad_4,True,2,Of-K39ULY0Q,TransformType.NONLINEAR,a_vertebralis_r,task_idx_0213,20.163,1.3564634445468096,True,,,2.06,0.917169,0.0,0.0,0.0,0.0,0.0,0.0,0.0,0.0,0.0,0.0,0.0,0.0,0.0,0.0,0.0,0.0,0.0,1.0,3.649,0.0,0.0,0.0,0.0,0.0,0.0,-0.23273871973047885,-0.32292066096407124,-0.28246093662522764,-0.3482139925710001,0.0,0.0,-0.4452092145798607,-0.47130896502335123,-0.4828804116981163
547,rad_4,True,2,Of-K39ULY0Q,TransformType.NONLINEAR,a_vertebralis_l,task_idx_0214,18.141,1.1839554280648752,True,,,2.1,0.917169,0.0,0.0,0.0,0.0,0.0,0.0,0.0,0.0,0.0,0.0,0.0,0.0,0.0,0.0,0.0,0.0,0.0,1.0,3.312,0.0,0.0,0.0,0.0,0.0,0.0,-0.23273871973047885,-0.32292066096407124,-0.28246093662522764,-0.3482139925710001,0.0,0.0,-0.4452092145798607,-0.47130896502335123,-0.4828804116981163
548,rad_4,True,2,Of-K39ULY0Q,TransformType.NONLINEAR,a_carotisexterna_r,task_idx_0215,15.684,2.358107123619668,True,,,1.92,0.917169,0.0,0.0,0.0,0.0,0.0,0.0,0.0,0.0,0.0,0.0,7.0,0.0,0.0,0.0,0.0,0.0,0.0,1.0,2.736,0.0,0.0,0.0,0.0,0.0,0.0,-0.23273871973047885,-0.32292066096407124,-0.28246093662522764,-0.3482139925710001,0.0,0.0,-0.4452092145798607,-0.47130896502335123,-0.4574231180270022
549,rad_4,True,2,Of-K39ULY0Q,TransformType.NONLINEAR,a_carotisexterna_l,task_idx_0216,16.018,2.408205598945494,True,,,1.38,0.917169,0.0,0.0,0.0,0.0,0.0,0.0,0.0,0.0,0.0,0.0,3.0,0.0,0.0,0.0,0.0,0.0,0.0,1.0,2.727,0.0,0.0,0.0,0.0,0.0,0.0,-0.23273871973047885,-0.32292066096407124,-0.28246093662522764,-0.3482139925710001,0.0,0.0,-0.4452092145798607,-0.47130896502335123,-0.4719701429819245
550,rad_4,True,2,Of-K39ULY0Q,TransformType.NONLINEAR,lymph_node,task_idx_0217,17.302,,True,,,1.68,0.917169,0.0,0.0,0.0,0.0,0.0,0.0,0.0,0.0,0.0,0.0,0.0,0.0,0.0,0.0,0.0,0.0,0.0,1.0,4.636,0.0,0.0,0.0,0.0,0.0,0.0,-0.23273871973047885,-0.32292066096407124,-0.28246093662522764,-0.3482139925710001,0.0,0.0,-0.4452092145798607,-0.47130896502335123,-0.4828804116981163
551,rad_4,True,2,Of-K39ULY0Q,TransformType.NONLINEAR,recurrence,task_idx_0218,101.736,,,tp,True,,0.917169,0.0,0.0,0.0,1.0,368.6120385217352,23.0,948.829475422972,88.0,2493.276320509206,195.0,459.0,2.0,0.0,0.0,0.0,0.0,0.0,3.0,20.688,0.0,0.0,0.0,0.0,0.0,0.0,-0.23273871973047885,-0.17095799698097888,1.2428759978191692,1.593342814491546,0.0,0.0,0.6550765919138398,0.36652059548916477,1.1863907018792212
552,rad_4,True,2,3dSDmvwSjek,TransformType.LINEAR,a_vertebralis_r,task_idx_0231,39.595,1.800768430561593,True,,,9.8,0.574142,0.0,0.0,0.0,1.0,10.0,2.0,0.0,0.0,187.59143797753356,33.0,55.0,2.0,0.0,0.0,0.0,1.0,0.0,0.0,0.0,0.0,0.0,0.0,0.0,0.0,0.0,-0.3280250288285908,-0.20375549128169534,0.0750090235306394,0.3275425046596538,0.0,0.0,-0.5929981030556237,-0.5846397278502221,-0.41451555291345926
553,rad_4,True,2,3dSDmvwSjek,TransformType.LINEAR,a_vertebralis_l,task_idx_0232,31.446,1.7364291173024449,True,,,18.76,0.574142,0.0,0.0,0.0,0.0,0.0,0.0,0.0,0.0,0.0,0.0,126.0,0.0,0.0,0.0,0.0,0.0,0.0,1.0,3.722,0.0,0.0,0.0,0.0,0.0,0.0,-0.3280250288285908,-0.40200407739361516,-0.1902353777871361,-0.21459681339770417,0.0,0.0,-0.6709635323596052,-0.6945458907881228,-0.0808667564257245
554,rad_4,True,2,3dSDmvwSjek,TransformType.LINEAR,a_carotisexterna_r,task_idx_0233,23.823,3.213296362896749,True,,,11.55,0.574142,0.0,0.0,0.0,0.0,0.0,0.0,0.0,0.0,673.794431297255,124.0,0.0,1.0,0.0,0.0,0.0,0.0,0.0,1.0,3.32,0.0,0.0,0.0,0.0,0.0,0.0,-0.3280250288285908,-0.40200407739361516,-0.1902353777871361,-0.21459681339770417,0.0,0.0,-0.39092584692422844,-0.2815651573244957,-0.6729758882208594
555,rad_4,True,2,3dSDmvwSjek,TransformType.LINEAR,a_carotisexterna_l,task_idx_0234,10.487,3.5566814150818016,True,,,6.26,0.574142,0.0,0.0,0.0,0.0,0.0,0.0,0.0,0.0,0.0,0.0,11.0,0.0,0.0,0.0,0.0,0.0,0.0,0.0,0.0,0.0,0.0,0.0,0.0,0.0,0.0,-0.3280250288285908,-0.40200407739361516,-0.1902353777871361,-0.21459681339770417,0.0,0.0,-0.6709635323596052,-0.6945458907881228,-0.6212838211593794
556,rad_4,True,2,3dSDmvwSjek,TransformType.LINEAR,lymph_node,task_idx_0235,25.921,,True,,,22.09,0.574142,0.0,0.0,27.860457560666894,3.0,0.0,0.0,0.0,0.0,341.0671379065406,81.0,9.0,0.0,0.0,0.0,0.0,0.0,0.0,1.0,3.951,0.0,0.0,0.0,0.0,0.0,0.0,-0.24876104859854326,0.19274168094214428,-0.1902353777871361,-0.21459681339770417,0.0,0.0,-0.5292116159872366,-0.42477621812236643,-0.6306823788069212
557,rad_4,True,2,3dSDmvwSjek,TransformType.LINEAR,recurrence,task_idx_0236,103.653,,,fp,False,,0.574142,0.0,0.0,0.0,1.0,0.0,0.0,0.0,0.0,2481.878760377996,111.0,243.0,1.0,0.0,0.0,0.0,1.0,1.0,3.0,58.709,0.0,0.0,0.0,0.0,0.0,0.0,-0.3280250288285908,-0.20375549128169534,-0.1902353777871361,-0.21459681339770417,0.0,0.0,0.360537399236633,-0.32486152454245665,0.46894886595547225
558,rad_4,True,2,SzZUcvM5JpU,TransformType.NONLINEAR,a_vertebralis_r,task_idx_0237,23.974,2.599413083710236,True,,,5.49,0.824795,0.0,0.0,0.0,0.0,0.0,0.0,0.0,0.0,0.0,0.0,45.0,1.0,0.0,0.0,0.0,0.0,0.0,1.0,3.954,0.0,0.0,0.0,0.0,0.0,0.0,-0.23273871973047885,-0.32292066096407124,-0.28246093662522764,-0.3482139925710001,0.0,0.0,-0.4452092145798607,-0.47130896502335123,-0.31922638095524003
559,rad_4,True,2,SzZUcvM5JpU,TransformType.NONLINEAR,a_vertebralis_l,task_idx_0238,26.599,3.795718953694651,True,,,10.14,0.824795,0.0,0.0,0.0,0.0,0.0,0.0,0.0,0.0,0.0,0.0,45.0,1.0,0.0,0.0,0.0,0.0,0.0,1.0,2.741,0.0,0.0,0.0,0.0,0.0,0.0,-0.23273871973047885,-0.32292066096407124,-0.28246093662522764,-0.3482139925710001,0.0,0.0,-0.4452092145798607,-0.47130896502335123,-0.31922638095524003
560,rad_4,True,2,SzZUcvM5JpU,TransformType.NONLINEAR,a_carotisexterna_r,task_idx_0239,22.892,4.229410457089882,True,,,0.68,0.824795,0.0,0.0,0.0,0.0,0.0,0.0,0.0,0.0,0.0,0.0,8.0,2.0,0.0,0.0,0.0,0.0,0.0,1.0,2.708,0.0,0.0,0.0,0.0,0.0,0.0,-0.23273871973047885,-0.32292066096407124,-0.28246093662522764,-0.3482139925710001,0.0,0.0,-0.4452092145798607,-0.47130896502335123,-0.45378636178827164
561,rad_4,True,2,SzZUcvM5JpU,TransformType.NONLINEAR,a_carotisexterna_l,task_idx_0240,25.76,2.904351387894491,True,,,2.61,0.824795,0.0,0.0,0.0,0.0,0.0,0.0,0.0,0.0,0.0,0.0,30.0,1.0,0.0,0.0,0.0,0.0,0.0,1.0,2.68,0.0,0.0,0.0,0.0,0.0,0.0,-0.23273871973047885,-0.32292066096407124,-0.28246093662522764,-0.3482139925710001,0.0,0.0,-0.4452092145798607,-0.47130896502335123,-0.3737777245361988
562,rad_4,True,2,SzZUcvM5JpU,TransformType.NONLINEAR,lymph_node,task_idx_0241,11.07,,True,,,1.32,0.824795,0.0,0.0,0.0,0.0,0.0,0.0,0.0,0.0,0.0,0.0,0.0,1.0,0.0,0.0,0.0,0.0,0.0,1.0,2.522,0.0,0.0,0.0,0.0,0.0,0.0,-0.23273871973047885,-0.32292066096407124,-0.28246093662522764,-0.3482139925710001,0.0,0.0,-0.4452092145798607,-0.47130896502335123,-0.4828804116981163
563,rad_4,True,2,SzZUcvM5JpU,TransformType.NONLINEAR,recurrence,task_idx_0242,44.522,,,fp,False,,0.824795,0.0,0.0,0.0,0.0,0.0,0.0,0.0,0.0,0.0,0.0,63.0,2.0,0.0,0.0,0.0,0.0,0.0,1.0,4.735,0.0,0.0,0.0,0.0,0.0,0.0,-0.23273871973047885,-0.32292066096407124,-0.28246093662522764,-0.3482139925710001,0.0,0.0,-0.4452092145798607,-0.47130896502335123,-0.25376476865808956
564,rad_4,True,2,820_BQlC1tI,TransformType.LINEAR,a_vertebralis_r,task_idx_0243,27.084,2.713311224854706,True,,,10.01,0.613392,0.0,0.0,0.0,0.0,0.0,0.0,0.0,0.0,0.0,0.0,129.0,1.0,0.0,0.0,0.0,0.0,0.0,1.0,3.749,0.0,0.0,0.0,0.0,0.0,0.0,-0.3280250288285908,-0.40200407739361516,-0.1902353777871361,-0.21459681339770417,0.0,0.0,-0.6709635323596052,-0.6945458907881228,-0.06676891995441175
565,rad_4,True,2,820_BQlC1tI,TransformType.LINEAR,a_vertebralis_l,task_idx_0244,94.993,10.970589171416783,False,,,12.67,0.613392,0.0,0.0,0.0,0.0,115.30096724626904,16.0,0.0,0.0,3581.829098163919,709.0,18.0,1.0,0.0,0.0,0.0,0.0,0.0,1.0,3.418,0.0,0.0,0.0,0.0,0.0,0.0,-0.3280250288285908,-0.40200407739361516,2.8680582250725712,4.122517731061159,0.0,0.0,0.8176909944279526,1.6667713674837452,-0.5883888693929831
566,rad_4,True,2,820_BQlC1tI,TransformType.LINEAR,a_carotisexterna_r,task_idx_0245,26.52,2.052743694098226,True,,,3.91,0.613392,0.0,0.0,0.0,0.0,0.0,0.0,0.0,0.0,0.0,0.0,50.0,1.0,0.0,0.0,0.0,0.0,0.0,1.0,2.813,0.0,0.0,0.0,0.0,0.0,0.0,-0.3280250288285908,-0.40200407739361516,-0.1902353777871361,-0.21459681339770417,0.0,0.0,-0.6709635323596052,-0.6945458907881228,-0.43801194703231383
567,rad_4,True,2,820_BQlC1tI,TransformType.LINEAR,a_carotisexterna_l,task_idx_0246,26.486,0.9446194628100232,True,,,8.02,0.613392,0.0,0.0,0.0,1.0,0.0,0.0,0.0,0.0,905.8826901971976,163.0,6.0,1.0,0.0,0.0,0.0,0.0,0.0,1.0,3.836,0.0,0.0,0.0,0.0,0.0,0.0,-0.3280250288285908,-0.20375549128169534,-0.1902353777871361,-0.21459681339770417,0.0,0.0,-0.2944669629973687,-0.151676055670613,-0.6447802152782339
568,rad_4,True,2,820_BQlC1tI,TransformType.LINEAR,lymph_node,task_idx_0247,18.194,,True,,,0.88,0.613392,0.0,0.0,0.0,0.0,0.0,0.0,0.0,0.0,0.0,0.0,0.0,2.0,0.0,0.0,0.0,0.0,0.0,1.0,3.936,0.0,0.0,0.0,0.0,0.0,0.0,-0.3280250288285908,-0.40200407739361516,-0.1902353777871361,-0.21459681339770417,0.0,0.0,-0.6709635323596052,-0.6945458907881228,-0.6729758882208594
569,rad_4,True,2,820_BQlC1tI,TransformType.LINEAR,recurrence,task_idx_0248,159.209,,,tp,True,,0.613392,0.0,0.0,0.0,1.0,0.0,0.0,273.5357779955614,44.0,825.4278039229363,132.0,823.0,4.0,0.0,2.0,0.0,0.0,0.0,5.0,65.228,0.0,0.0,0.0,0.0,0.0,0.0,-0.3280250288285908,-0.20375549128169534,-0.1902353777871361,-0.21459681339770417,0.0,0.0,-0.3279050549252477,-0.2549212390365198,3.1945305837426012
570,rad_4,True,2,6vkfAvGWUPg,TransformType.LINEAR,a_vertebralis_r,task_idx_0249,41.781,3.4522264404829204,True,,,28.95,0.442756,0.0,0.0,0.0,1.0,0.0,0.0,0.0,0.0,783.569603029126,109.0,83.0,0.0,0.0,0.0,0.0,0.0,0.0,1.0,3.317,0.0,0.0,0.0,0.0,0.0,0.0,-0.3280250288285908,-0.20375549128169534,-0.1902353777871361,-0.21459681339770417,0.0,0.0,-0.34530186491701853,-0.3315225041144506,-0.28293574584787373
571,rad_4,True,2,6vkfAvGWUPg,TransformType.LINEAR,a_vertebralis_l,task_idx_0250,17.283,2.990137054772682,True,,,26.83,0.442756,0.0,0.0,0.0,0.0,0.0,0.0,0.0,0.0,0.0,0.0,16.0,0.0,0.0,0.0,0.0,0.0,0.0,1.0,2.953,0.0,0.0,0.0,0.0,0.0,0.0,-0.3280250288285908,-0.40200407739361516,-0.1902353777871361,-0.21459681339770417,0.0,0.0,-0.6709635323596052,-0.6945458907881228,-0.5977874270405249
572,rad_4,True,2,6vkfAvGWUPg,TransformType.LINEAR,a_carotisexterna_r,task_idx_0251,42.018,1.801832816302444,True,,,17.35,0.442756,0.0,0.0,37.12947886447732,13.0,0.0,0.0,222.894470257832,34.0,4.60555127546399,3.0,195.0,1.0,0.0,0.0,0.0,0.0,0.0,1.0,2.543,0.0,0.0,0.0,0.0,0.0,0.0,-0.22239035745762098,2.175227542061342,-0.1902353777871361,-0.21459681339770417,0.0,0.0,-0.6690494056476171,-0.6845544214301319,0.24338348241446844
573,rad_4,True,2,6vkfAvGWUPg,TransformType.LINEAR,a_carotisexterna_l,task_idx_0252,15.353,1.1892809377583031,True,,,14.35,0.442756,0.0,0.0,0.0,0.0,0.0,0.0,0.0,0.0,0.0,0.0,30.0,0.0,0.0,0.0,0.0,0.0,0.0,1.0,3.186,0.0,0.0,0.0,0.0,0.0,0.0,-0.3280250288285908,-0.40200407739361516,-0.1902353777871361,-0.21459681339770417,0.0,0.0,-0.6709635323596052,-0.6945458907881228,-0.5319975235077321
574,rad_4,True,2,6vkfAvGWUPg,TransformType.LINEAR,lymph_node,task_idx_0253,36.391,,True,,,25.66,0.442756,0.0,0.0,0.0,0.0,0.0,0.0,0.0,0.0,0.0,0.0,115.0,1.0,0.0,0.0,0.0,0.0,0.0,1.0,3.578,0.0,0.0,0.0,0.0,0.0,0.0,-0.3280250288285908,-0.40200407739361516,-0.1902353777871361,-0.21459681339770417,0.0,0.0,-0.6709635323596052,-0.6945458907881228,-0.13255882348720452
575,rad_4,True,2,6vkfAvGWUPg,TransformType.LINEAR,recurrence,task_idx_0254,63.55,,,tn,True,,0.442756,0.0,0.0,0.0,1.0,0.0,0.0,0.0,0.0,4856.374349234376,272.0,191.0,1.0,0.0,0.0,0.0,0.0,0.0,1.0,36.449,0.0,0.0,0.0,0.0,0.0,0.0,-0.3280250288285908,-0.20375549128169534,-0.1902353777871361,-0.21459681339770417,0.0,0.0,1.3474084950686793,0.2113473310030592,0.22458636711938482
576,rad_5,True,3,hkvdD_XVYqo,TransformType.LINEAR,a_vertebralis_r,task_idx_0039,39.488,21.5029243028285,False,,,66.2,0.273265,0.0,0.0,473.509919843514,3.0,0.0,0.0,222.9658856248976,18.0,1337.6513885739112,172.0,41.0,1.0,0.0,1.0,0.0,0.0,0.0,1.0,3.825,0.0,0.0,0.0,0.0,0.0,0.0,-0.1164082299945778,-0.35313242841802905,-0.34297324669546714,-0.4038419490544292,-0.11867816581938534,-0.11867816581938535,-0.2314429744328227,-0.08994977136556088,0.9277396437003652
577,rad_5,True,3,hkvdD_XVYqo,TransformType.LINEAR,a_vertebralis_l,task_idx_0040,20.714,1.7442001813839194,True,,,69.97,0.273265,0.0,0.0,578.1852066068873,7.0,54.4435999282995,10.0,0.0,0.0,735.4866254960539,70.0,0.0,0.0,0.0,0.0,0.0,0.0,0.0,0.0,0.0,0.0,0.0,0.0,0.0,0.0,0.0,-0.017048959959962626,-0.12961124295782606,-0.1148939017890662,0.45387546486648245,-0.11867816581938534,-0.11867816581938535,-0.4119461355429585,-0.5228404141628602,-0.4023659552328442
578,rad_5,True,3,hkvdD_XVYqo,TransformType.LINEAR,a_carotisexterna_r,task_idx_0041,41.652,2.1830166524679675,True,,,22.53,0.273265,0.0,0.0,1703.886905353171,18.0,0.0,0.0,392.2581161512088,24.0,4968.120046849686,466.0,1.0,0.0,0.0,0.0,0.0,0.0,0.0,0.0,0.0,0.0,0.0,0.0,0.0,0.0,0.0,1.0514830930450632,0.48507201705773223,-0.34297324669546714,-0.4038419490544292,-0.11867816581938534,-0.11867816581938535,0.8568157702013632,1.1577938461090078,-0.36992435525886347
579,rad_5,True,3,hkvdD_XVYqo,TransformType.LINEAR,a_carotisexterna_l,task_idx_0042,13.153,1.462406982500655,True,,,22.09,0.273265,0.0,0.0,255.61562103740656,11.0,37.0,7.0,292.4640097252313,32.0,136.23392682817376,29.0,0.0,0.0,0.0,0.0,0.0,0.0,0.0,0.0,0.0,0.0,0.0,0.0,0.0,0.0,0.0,-0.32323659553820683,0.09390994250237696,-0.1879699814328716,0.19656024069020894,-0.11867816581938534,-0.11867816581938535,-0.591576384680181,-0.6968454764637354,-0.4023659552328442
580,rad_5,True,3,hkvdD_XVYqo,TransformType.LINEAR,lymph_node,task_idx_0043,17.581,,True,,,4.39,0.273265,0.0,0.0,267.76473218982954,4.0,0.0,0.0,0.0,0.0,643.214466777165,77.0,0.0,0.0,0.0,0.0,0.0,0.0,0.0,0.0,0.0,0.0,0.0,0.0,0.0,0.0,0.0,-0.31170448654668376,-0.29725213205297835,-0.34297324669546714,-0.4038419490544292,-0.11867816581938534,-0.11867816581938535,-0.4396053699459888,-0.4931322327944181,-0.4023659552328442
581,rad_5,True,3,hkvdD_XVYqo,TransformType.LINEAR,recurrence,task_idx_0044,149.802,,,tn,True,,0.273265,0.0,0.0,3817.1359220011454,115.0,1402.2307368603745,61.0,1477.5460500555882,164.0,7831.054695043913,669.0,16.0,1.0,0.0,0.0,0.0,0.0,0.0,4.0,55.765,0.0,0.0,0.0,0.0,0.0,0.0,3.057409097051785,5.905460764467655,5.5313603442486805,4.828234275863132,-0.11867816581938534,-0.11867816581938535,1.7150007483615295,2.019331105793829,0.11669964435084727
582,rad_5,True,3,2w1vVKUCbcg,TransformType.NONLINEAR,a_vertebralis_r,task_idx_0051,20.747,4.028951423312193,True,,,1.26,0.832281,0.0,0.0,109.41663493271945,2.0,0.0,0.0,0.0,0.0,352.3917233629438,60.0,7.0,0.0,0.0,2.0,0.0,0.0,0.0,0.0,0.0,0.0,0.0,0.0,0.0,0.0,0.0,-0.40798753923584236,-0.4484102065499209,-0.3849857488896821,-0.4193777256501814,-0.22104303280458484,-0.2334633207519715,-0.48600435395048935,-0.44323721461708254,0.19017898605978711
583,rad_5,True,3,2w1vVKUCbcg,TransformType.NONLINEAR,a_vertebralis_l,task_idx_0052,13.89,1.6567112046565065,True,,,4.65,0.832281,0.0,0.0,0.0,1.0,0.0,0.0,0.0,0.0,293.3025227137818,68.0,0.0,0.0,0.0,0.0,0.0,0.0,0.0,0.0,0.0,0.0,0.0,0.0,0.0,0.0,0.0,-0.49829365985427976,-0.540918902457068,-0.3849857488896821,-0.4193777256501814,-0.22104303280458484,-0.2334633207519715,-0.5020857807449144,-0.41607136703042163,-0.38377436109070806
584,rad_5,True,3,2w1vVKUCbcg,TransformType.NONLINEAR,a_carotisexterna_r,task_idx_0053,21.806,0.8895910050775515,True,,,0.81,0.832281,0.0,0.0,0.0,1.0,0.0,0.0,0.0,0.0,1177.8145331015633,177.0,0.0,0.0,0.0,0.0,0.0,0.0,0.0,0.0,0.0,0.0,0.0,0.0,0.0,0.0,0.0,-0.49829365985427976,-0.540918902457068,-0.3849857488896821,-0.4193777256501814,-0.22104303280458484,-0.2334633207519715,-0.26136133384815996,-0.04593669366216623,-0.38377436109070806
585,rad_5,True,3,2w1vVKUCbcg,TransformType.NONLINEAR,a_carotisexterna_l,task_idx_0054,21.171,2.7331195260355585,True,,,5.39,0.832281,0.0,0.0,0.0,1.0,0.0,0.0,0.0,0.0,733.3447707756256,142.0,0.0,0.0,0.0,0.0,0.0,0.0,0.0,0.0,0.0,0.0,0.0,0.0,0.0,0.0,0.0,-0.49829365985427976,-0.540918902457068,-0.3849857488896821,-0.4193777256501814,-0.22104303280458484,-0.2334633207519715,-0.3823260425708096,-0.16478727685380787,-0.38377436109070806
586,rad_5,True,3,2w1vVKUCbcg,TransformType.NONLINEAR,lymph_node,task_idx_0055,20.582,,True,,,3.8,0.832281,0.0,0.0,0.0,1.0,0.0,0.0,463.7236323683053,46.0,1078.8423338830012,135.0,0.0,0.0,0.0,0.0,0.0,0.0,0.0,0.0,0.0,0.0,0.0,0.0,0.0,0.0,0.0,-0.49829365985427976,-0.540918902457068,-0.3849857488896821,-0.4193777256501814,-0.22104303280458484,-0.2334633207519715,-0.2882971217574712,-0.18855739349213618,-0.38377436109070806
587,rad_5,True,3,2w1vVKUCbcg,TransformType.NONLINEAR,recurrence,task_idx_0056,45.903,,,tp,True,,0.832281,0.0,0.0,1189.420615990431,18.0,475.2492007240541,26.0,0.0,0.0,4485.292687896584,213.0,1.0,0.0,0.0,0.0,0.0,0.0,0.0,0.0,0.0,0.0,0.0,0.0,0.0,0.0,0.0,0.4833848726626073,1.0317289279644313,2.64209271849456,2.4669277979422435,-0.22104303280458484,-0.2334633207519715,0.6387856851697831,0.07630962047780802,-0.30178102578349447
588,rad_5,True,3,CSSdmYlgjew,TransformType.LINEAR,a_vertebralis_r,task_idx_0057,17.476,3.309286277366134,True,,,34.16,0.320553,0.0,0.0,0.0,0.0,0.0,0.0,0.0,0.0,168.21200706531977,41.0,4.0,0.0,0.0,0.0,0.0,0.0,0.0,0.0,0.0,0.0,0.0,0.0,0.0,0.0,0.0,-0.5658705763089997,-0.5207733175131813,-0.34297324669546714,-0.4038419490544292,-0.11867816581938534,-0.11867816581938535,-0.5819907281905267,-0.6459171655464061,-0.2725995553369213
589,rad_5,True,3,CSSdmYlgjew,TransformType.LINEAR,a_vertebralis_l,task_idx_0058,13.01,2.4743456751874247,True,,,36.58,0.320553,0.0,0.0,0.0,1.0,0.0,0.0,0.0,0.0,65.1174806758273,18.0,8.0,0.0,0.0,0.0,0.0,0.0,0.0,0.0,0.0,0.0,0.0,0.0,0.0,0.0,0.0,-0.5658705763089997,-0.4648930211481306,-0.34297324669546714,-0.4038419490544292,-0.11867816581938534,-0.11867816581938535,-0.6128940441058249,-0.7435297614712874,-0.14283315544099845
590,rad_5,True,3,CSSdmYlgjew,TransformType.LINEAR,a_carotisexterna_r,task_idx_0059,52.894,2.600418332496432,True,,,13.13,0.320553,0.0,0.0,1115.8864674697916,4.0,0.0,0.0,0.0,0.0,5164.5101696208085,422.0,0.0,1.0,0.0,1.0,0.0,0.0,0.0,0.0,0.0,0.0,0.0,0.0,0.0,0.0,0.0,0.49334471965615495,-0.29725213205297835,-0.34297324669546714,-0.4038419490544292,-0.11867816581938534,-0.11867816581938535,0.9156851032221196,0.9710567060788002,-0.4023659552328442
591,rad_5,True,3,CSSdmYlgjew,TransformType.LINEAR,a_carotisexterna_l,task_idx_0060,16.471,2.4095776865390515,True,,,13.33,0.320553,0.0,0.0,0.0,1.0,0.0,0.0,0.0,0.0,1203.849159128124,121.0,0.0,0.0,0.0,0.0,0.0,0.0,0.0,0.0,0.0,0.0,0.0,0.0,0.0,0.0,0.0,-0.5658705763089997,-0.4648930211481306,-0.34297324669546714,-0.4038419490544292,-0.11867816581938534,-0.11867816581938535,-0.27155114226234006,-0.30639509276421056,-0.4023659552328442
592,rad_5,True,3,CSSdmYlgjew,TransformType.LINEAR,lymph_node,task_idx_0061,11.902,,True,,,6.26,0.320553,0.0,0.0,0.0,1.0,0.0,0.0,0.0,0.0,100.48868291794598,25.0,0.0,0.0,0.0,0.0,0.0,0.0,0.0,0.0,0.0,0.0,0.0,0.0,0.0,0.0,0.0,-0.5658705763089997,-0.4648930211481306,-0.34297324669546714,-0.4038419490544292,-0.11867816581938534,-0.11867816581938535,-0.60229127521524,-0.7138215801028452,-0.4023659552328442
593,rad_5,True,3,CSSdmYlgjew,TransformType.LINEAR,recurrence,task_idx_0062,103.146,,,tn,True,,0.320553,0.0,0.0,1475.537846169931,42.0,656.1528362125235,40.0,0.0,0.0,8101.19159679417,603.0,28.0,0.0,1.0,1.0,0.0,0.0,0.0,2.0,32.936,0.0,0.0,0.0,0.0,0.0,0.0,0.8347309203490645,1.8261991298189504,2.405833026933025,3.0270277066292173,-0.11867816581938534,-0.11867816581938535,1.79597620173942,1.7392253957485175,0.5059988440386158
594,rad_5,True,3,WeMcC01ZNgY,TransformType.LINEAR,a_vertebralis_r,task_idx_0069,51.11,2.757934158128309,True,,,29.65,0.552088,0.0,0.0,1039.134966767146,16.0,78.98346042345658,10.0,1823.8855469709745,84.0,4079.637702265291,449.0,3.0,2.0,0.0,2.0,0.0,0.0,0.0,0.0,0.0,0.0,0.0,0.0,0.0,0.0,0.0,0.42049110425488795,0.3733114243276307,-0.012089617847500721,0.45387546486648245,-0.11867816581938534,-0.11867816581938535,0.5904868821270992,1.085645405642791,-0.30504115531090203
595,rad_5,True,3,WeMcC01ZNgY,TransformType.LINEAR,a_vertebralis_l,task_idx_0070,27.799,1.676284163386656,True,,,37.75,0.552088,0.0,0.0,1011.6327162041268,32.0,0.0,0.0,0.0,0.0,1911.7069590900385,257.0,0.0,0.0,0.0,0.0,0.0,0.0,0.0,0.0,0.0,0.0,0.0,0.0,0.0,0.0,0.0,0.394385577107607,1.267396166168443,-0.34297324669546714,-0.4038419490544292,-0.11867816581938534,-0.11867816581938535,-0.05936574327533296,0.27079243096552186,-0.4023659552328442
596,rad_5,True,3,WeMcC01ZNgY,TransformType.LINEAR,a_carotisexterna_r,task_idx_0071,30.92,2.0071918009620275,True,,,8.11,0.552088,0.0,0.0,1480.3149822955925,30.0,56.19417343748314,9.0,474.4981267081776,40.0,3146.69466697504,275.0,0.0,0.0,0.0,0.0,0.0,0.0,0.0,0.0,0.0,0.0,0.0,0.0,0.0,0.0,0.0,0.8392654458610385,1.1556355734383414,-0.107560263680805,0.36810372347439124,-0.11867816581938534,-0.11867816581938535,0.31083058648994977,0.34718489734151586,-0.4023659552328442
597,rad_5,True,3,WeMcC01ZNgY,TransformType.LINEAR,a_carotisexterna_l,task_idx_0072,37.493,2.349671706237112,True,,,3.4,0.552088,0.0,0.0,1014.7327344125144,3.0,0.0,0.0,0.0,0.0,2950.341073776402,408.0,0.0,0.0,0.0,0.0,0.0,0.0,0.0,0.0,0.0,0.0,0.0,0.0,0.0,0.0,0.0,0.3973281584542022,-0.35313242841802905,-0.34297324669546714,-0.4038419490544292,-0.11867816581938534,-0.11867816581938535,0.2519722034677847,0.911640343341916,-0.4023659552328442
598,rad_5,True,3,WeMcC01ZNgY,TransformType.LINEAR,lymph_node,task_idx_0073,18.674,,False,,,1.64,0.552088,0.0,0.0,0.0,0.0,0.0,0.0,0.0,0.0,822.6029856234566,97.0,11.0,0.0,0.0,0.0,0.0,0.0,0.0,0.0,0.0,0.0,0.0,0.0,0.0,0.0,0.0,-0.5658705763089997,-0.5207733175131813,-0.34297324669546714,-0.4038419490544292,-0.11867816581938534,-0.11867816581938535,-0.38583238835683825,-0.4082517145988692,-0.04550835551905631
599,rad_5,True,3,WeMcC01ZNgY,TransformType.LINEAR,recurrence,task_idx_0074,166.388,,,fn,False,,0.552088,0.0,0.0,1825.0554600053265,30.0,721.195498160728,26.0,351.7644170523812,13.0,14253.296349217198,979.0,184.0,0.0,0.0,0.0,0.0,0.0,0.0,5.0,89.69599999999998,0.0,0.0,0.0,0.0,0.0,0.0,1.1664980073925455,1.1556355734383414,2.678314783239589,1.826223327139941,-0.11867816581938534,-0.11867816581938535,3.6401132608676487,3.3349791378248366,5.566888439979608
600,rad_5,True,3,g-chOlbtzBQ,TransformType.LINEAR,a_vertebralis_r,task_idx_0087,22.939,6.485937902842169,False,,,14.45,0.676579,0.0,0.0,254.6473930479081,3.0,0.0,0.0,0.0,0.0,1274.680152696187,138.0,11.0,1.0,0.0,1.0,0.0,0.0,0.0,0.0,0.0,0.0,0.0,0.0,0.0,0.0,0.0,-0.3241556513080861,-0.35313242841802905,-0.34297324669546714,-0.4038419490544292,-0.11867816581938534,-0.11867816581938535,-0.25031904927460413,-0.234246652297994,-0.04550835551905631
601,rad_5,True,3,g-chOlbtzBQ,TransformType.LINEAR,a_vertebralis_l,task_idx_0088,10.072,1.7763571040977864,True,,,12.73,0.676579,0.0,0.0,0.0,1.0,0.0,0.0,0.0,0.0,45.53902776602236,10.0,0.0,0.0,0.0,0.0,0.0,0.0,0.0,0.0,0.0,0.0,0.0,0.0,0.0,0.0,0.0,-0.5658705763089997,-0.4648930211481306,-0.34297324669546714,-0.4038419490544292,-0.11867816581938534,-0.11867816581938535,-0.6187628243077791,-0.7774819687495069,-0.4023659552328442
602,rad_5,True,3,g-chOlbtzBQ,TransformType.LINEAR,a_carotisexterna_r,task_idx_0089,27.684,4.118366102307218,True,,,2.73,0.676579,0.0,0.0,0.0,1.0,0.0,0.0,51.77125858538927,9.0,2542.1793593853668,313.0,0.0,1.0,0.0,1.0,0.0,0.0,0.0,0.0,0.0,0.0,0.0,0.0,0.0,0.0,0.0,-0.5658705763089997,-0.4648930211481306,-0.34297324669546714,-0.4038419490544292,-0.11867816581938534,-0.11867816581938535,0.12962283298130786,0.5084578819130587,-0.4023659552328442
603,rad_5,True,3,g-chOlbtzBQ,TransformType.LINEAR,a_carotisexterna_l,task_idx_0090,23.706,5.743508537907499,False,,,4.01,0.676579,0.0,0.0,0.0,1.0,0.0,0.0,543.4811700566283,21.0,1309.2426429929465,209.0,2.0,0.0,0.0,0.0,0.0,0.0,0.0,0.0,0.0,0.0,0.0,0.0,0.0,0.0,0.0,-0.5658705763089997,-0.4648930211481306,-0.34297324669546714,-0.4038419490544292,-0.11867816581938534,-0.11867816581938535,-0.2399586975288198,0.06707918729620456,-0.33748275528488275
604,rad_5,True,3,g-chOlbtzBQ,TransformType.LINEAR,lymph_node,task_idx_0091,14.105,,True,,,4.11,0.676579,0.0,0.0,0.0,1.0,0.0,0.0,0.0,0.0,914.9924322594565,116.0,0.0,0.0,0.0,0.0,0.0,0.0,0.0,0.0,0.0,0.0,0.0,0.0,0.0,0.0,0.0,-0.5658705763089997,-0.4648930211481306,-0.34297324669546714,-0.4038419490544292,-0.11867816581938534,-0.11867816581938535,-0.35813799606829777,-0.32761522231309775,-0.4023659552328442
605,rad_5,True,3,g-chOlbtzBQ,TransformType.LINEAR,recurrence,task_idx_0092,81.997,,,tn,True,,0.676579,0.0,0.0,699.2546981496453,7.0,281.47724775688096,14.0,1390.3904177488937,85.0,4537.062533077802,512.0,2.0,0.0,0.0,0.0,0.0,0.0,0.0,2.0,14.282,0.0,0.0,0.0,0.0,0.0,0.0,0.09787192227601159,-0.12961124295782606,0.8362130370733207,0.7969624304348472,-0.11867816581938534,-0.11867816581938535,0.7276032213660524,1.35301903795877,-0.33748275528488275
606,rad_5,True,3,7IZ0hAktN78,TransformType.NONLINEAR,a_vertebralis_r,task_idx_0093,39.265,16.562375226882573,False,,,1.16,0.893542,0.0,0.0,529.5947688170719,4.0,0.0,0.0,0.0,0.0,3915.588843147148,476.0,0.0,0.0,0.0,0.0,0.0,0.0,0.0,0.0,0.0,0.0,0.0,0.0,0.0,0.0,0.0,-0.061196968833795745,-0.2633928147356269,-0.3849857488896821,-0.4193777256501814,-0.22104303280458484,-0.2334633207519715,0.483737883317847,0.9693868598892866,-0.38377436109070806
607,rad_5,True,3,7IZ0hAktN78,TransformType.NONLINEAR,a_vertebralis_l,task_idx_0094,20.395,4.123822430738528,True,,,2.1,0.893542,0.0,0.0,0.0,1.0,0.0,0.0,0.0,0.0,1189.3498765361155,153.0,11.0,0.0,0.0,0.0,0.0,0.0,0.0,0.0,0.0,0.0,0.0,0.0,0.0,0.0,0.0,-0.49829365985427976,-0.540918902457068,-0.3849857488896821,-0.4193777256501814,-0.22104303280458484,-0.2334633207519715,-0.2582219314031561,-0.12743423642214907,0.5181523272886415
608,rad_5,True,3,7IZ0hAktN78,TransformType.NONLINEAR,a_carotisexterna_r,task_idx_0095,33.335,2.2267499591119195,True,,,4.12,0.893542,0.0,0.0,158.14234094637652,2.0,0.0,0.0,0.0,0.0,3895.0868240238224,362.0,0.0,0.0,0.0,0.0,0.0,0.0,0.0,0.0,0.0,0.0,0.0,0.0,0.0,0.0,0.0,-0.36777217813290264,-0.4484102065499209,-0.3849857488896821,-0.4193777256501814,-0.22104303280458484,-0.2334633207519715,0.47815815443257664,0.5822735317793681,-0.38377436109070806
609,rad_5,True,3,7IZ0hAktN78,TransformType.NONLINEAR,a_carotisexterna_l,task_idx_0096,19.163,1.6488208973878995,True,,,2.95,0.893542,0.0,0.0,0.0,0.0,0.0,0.0,0.0,0.0,572.6092969108149,78.0,34.0,0.0,0.0,0.0,0.0,0.0,0.0,0.0,0.0,0.0,0.0,0.0,0.0,0.0,0.0,-0.49829365985427976,-0.6334275983642149,-0.3849857488896821,-0.4193777256501814,-0.22104303280458484,-0.2334633207519715,-0.4260710201272261,-0.38211405754709543,2.403999039354554
610,rad_5,True,3,7IZ0hAktN78,TransformType.NONLINEAR,lymph_node,task_idx_0097,23.908,,True,,,2.57,0.893542,0.0,0.0,531.6482599660251,4.0,0.0,0.0,0.0,0.0,1430.5450589758605,180.0,0.0,0.0,0.0,0.0,0.0,0.0,0.0,0.0,0.0,0.0,0.0,0.0,0.0,0.0,0.0,-0.059502136786545444,-0.2633928147356269,-0.3849857488896821,-0.4193777256501814,-0.22104303280458484,-0.2334633207519715,-0.19257943451776677,-0.03574950081716838,-0.38377436109070806
611,rad_5,True,3,7IZ0hAktN78,TransformType.NONLINEAR,recurrence,task_idx_0098,113.687,,,tn,True,,0.893542,207.4,28.0,2995.727466807761,16.0,252.6575729342787,32.0,518.2706165335844,49.0,9899.204073051342,665.0,10.0,0.0,1.0,1.0,0.0,0.0,0.0,4.0,23.482,0.0,0.0,0.0,0.0,0.0,0.0,1.9742053904396608,0.8467115361501373,1.2243053293187713,3.1329983033866493,4.0496147499154365,5.724284206285681,2.1122092322034236,1.6111800091241515,0.43615899198142793
612,rad_5,True,3,7SwVHAAw5lM,TransformType.NONLINEAR,a_vertebralis_r,task_idx_0099,21.558,5.542870284202124,False,,,0.91,0.881468,0.0,0.0,183.29642848431277,15.0,0.0,0.0,0.0,0.0,1093.9170467356416,143.0,0.0,0.0,0.0,2.0,0.0,0.0,0.0,0.0,0.0,0.0,0.0,0.0,0.0,0.0,0.0,-0.3470114586623725,0.7542028402429902,-0.3849857488896821,-0.4193777256501814,-0.22104303280458484,-0.2334633207519715,-0.2841944619055283,-0.16139154590547525,-0.38377436109070806
613,rad_5,True,3,7SwVHAAw5lM,TransformType.NONLINEAR,a_vertebralis_l,task_idx_0100,16.705,4.35908903488047,True,,,1.39,0.881468,0.0,0.0,0.0,1.0,0.0,0.0,0.0,0.0,715.5778855817304,141.0,0.0,0.0,0.0,0.0,0.0,0.0,0.0,0.0,0.0,0.0,0.0,0.0,0.0,0.0,0.0,-0.49829365985427976,-0.540918902457068,-0.3849857488896821,-0.4193777256501814,-0.22104303280458484,-0.2334633207519715,-0.3871613908319413,-0.1681830078021405,-0.38377436109070806
614,rad_5,True,3,7SwVHAAw5lM,TransformType.NONLINEAR,a_carotisexterna_r,task_idx_0101,23.771,1.041919782431805,True,,,0.84,0.881468,0.0,0.0,836.7115048103359,7.0,0.0,0.0,1782.3802476383382,70.0,3000.2165856744705,180.0,0.0,1.0,0.0,1.0,0.0,0.0,0.0,0.0,0.0,0.0,0.0,0.0,0.0,0.0,0.0,0.19227930578936844,0.014133272985814117,-0.3849857488896821,-0.4193777256501814,-0.22104303280458484,-0.2334633207519715,0.23461466305977674,-0.03574950081716838,-0.38377436109070806
615,rad_5,True,3,7SwVHAAw5lM,TransformType.NONLINEAR,a_carotisexterna_l,task_idx_0102,15.917000000000002,2.388798342613692,True,,,10.01,0.881468,0.0,0.0,0.0,0.0,0.0,0.0,2924.0761564740724,148.0,734.132349183364,114.0,0.0,0.0,0.0,0.0,0.0,0.0,0.0,0.0,0.0,0.0,0.0,0.0,0.0,0.0,0.0,-0.49829365985427976,-0.6334275983642149,-0.3849857488896821,-0.4193777256501814,-0.22104303280458484,-0.2334633207519715,-0.38211169909738685,-0.25986774340712115,-0.38377436109070806
616,rad_5,True,3,7SwVHAAw5lM,TransformType.NONLINEAR,lymph_node,task_idx_0103,28.104,,False,,,2.92,0.881468,0.0,0.0,1546.0526881501194,33.0,247.8639167998804,11.0,43.4807923598542,10.0,1552.6086567098787,179.0,0.0,0.0,0.0,0.0,0.0,0.0,0.0,0.0,0.0,0.0,0.0,0.0,0.0,0.0,0.0,0.7777282231472906,2.419359366571636,1.193772351583356,0.8017515343312291,-0.22104303280458484,-0.2334633207519715,-0.15935920493844508,-0.03914523176550099,-0.38377436109070806
617,rad_5,True,3,7SwVHAAw5lM,TransformType.NONLINEAR,recurrence,task_idx_0104,41.105,,,fp,False,,0.881468,0.0,0.0,443.1184028165601,21.0,24.774338805606074,8.0,805.687451089343,35.0,1564.498857358724,150.0,0.0,0.0,0.0,0.0,0.0,0.0,0.0,1.0,27.031,0.0,0.0,0.0,0.0,0.0,0.0,-0.1325695269780701,1.3092550156858722,-0.22718670908513966,0.4687162816090263,-0.22104303280458484,-0.2334633207519715,-0.15612322629590536,-0.13762142926714693,-0.38377436109070806
618,rad_5,True,3,aBQe2EfmXv8,TransformType.NONLINEAR,a_vertebralis_r,task_idx_0111,11.548,2.7818933041647327,True,,,5.41,0.834116,0.0,0.0,0.0,1.0,0.0,0.0,0.0,0.0,137.28325398807527,31.0,0.0,0.0,0.0,0.0,0.0,0.0,0.0,0.0,0.0,0.0,0.0,0.0,0.0,0.0,0.0,-0.49829365985427976,-0.540918902457068,-0.3849857488896821,-0.4193777256501814,-0.22104303280458484,-0.2334633207519715,-0.5445472190613552,-0.5417134121187285,-0.38377436109070806
619,rad_5,True,3,aBQe2EfmXv8,TransformType.NONLINEAR,a_vertebralis_l,task_idx_0112,11.376,3.77301999477826,True,,,5.3,0.834116,0.0,0.0,0.0,0.0,0.0,0.0,0.0,0.0,79.8515750247815,21.0,0.0,0.0,0.0,0.0,0.0,0.0,0.0,1.0,1.835,0.0,0.0,0.0,0.0,0.0,0.0,-0.49829365985427976,-0.6334275983642149,-0.3849857488896821,-0.4193777256501814,-0.22104303280458484,-0.2334633207519715,-0.5601775428901178,-0.5756707216020547,-0.38377436109070806
620,rad_5,True,3,aBQe2EfmXv8,TransformType.NONLINEAR,a_carotisexterna_r,task_idx_0113,17.957,1.94309787938747,True,,,0.11,0.834116,0.0,0.0,0.0,0.0,0.0,0.0,0.0,0.0,0.0,0.0,12.0,0.0,0.0,0.0,0.0,0.0,0.0,2.0,5.768,0.0,0.0,0.0,0.0,0.0,0.0,-0.49829365985427976,-0.6334275983642149,-0.3849857488896821,-0.4193777256501814,-0.22104303280458484,-0.2334633207519715,-0.5819095555772581,-0.6469810715170397,0.6001456625958551
621,rad_5,True,3,aBQe2EfmXv8,TransformType.NONLINEAR,a_carotisexterna_l,task_idx_0114,8.012,2.8682783125366367,True,,,2.01,0.834116,0.0,0.0,0.0,1.0,0.0,0.0,0.0,0.0,0.0,0.0,0.0,0.0,0.0,0.0,0.0,0.0,0.0,1.0,2.019,0.0,0.0,0.0,0.0,0.0,0.0,-0.49829365985427976,-0.540918902457068,-0.3849857488896821,-0.4193777256501814,-0.22104303280458484,-0.2334633207519715,-0.5819095555772581,-0.6469810715170397,-0.38377436109070806
622,rad_5,True,3,aBQe2EfmXv8,TransformType.NONLINEAR,lymph_node,task_idx_0115,12.144,,True,,,3.43,0.834116,0.0,0.0,0.0,1.0,0.0,0.0,0.0,0.0,0.0,0.0,0.0,0.0,0.0,0.0,0.0,0.0,0.0,1.0,2.133,0.0,0.0,0.0,0.0,0.0,0.0,-0.49829365985427976,-0.540918902457068,-0.3849857488896821,-0.4193777256501814,-0.22104303280458484,-0.2334633207519715,-0.5819095555772581,-0.6469810715170397,-0.38377436109070806
623,rad_5,True,3,aBQe2EfmXv8,TransformType.NONLINEAR,recurrence,task_idx_0116,79.83200000000001,,,fn,False,,0.834116,0.0,0.0,1155.0400224264145,33.0,408.59569544115055,21.0,698.4132942870187,40.0,4791.550084778825,446.0,0.0,0.0,0.0,0.0,0.0,0.0,0.0,2.0,37.117,0.0,0.0,0.0,0.0,0.0,0.0,0.4550091322531651,2.419359366571636,2.217546206243378,1.9118690434052388,-0.22104303280458484,-0.2334633207519715,0.7221351949635462,0.867514931439308,-0.38377436109070806
624,rad_5,True,3,2pO8AtRxHAg,TransformType.NONLINEAR,a_vertebralis_r,task_idx_0117,12.524,8.353254016929348,False,,,7.67,0.887799,0.0,0.0,0.0,1.0,0.0,0.0,0.0,0.0,0.0,0.0,1.0,0.0,0.0,0.0,0.0,0.0,0.0,1.0,2.129,0.0,0.0,0.0,0.0,0.0,0.0,-0.49829365985427976,-0.540918902457068,-0.3849857488896821,-0.4193777256501814,-0.22104303280458484,-0.2334633207519715,-0.5819095555772581,-0.6469810715170397,-0.30178102578349447
625,rad_5,True,3,2pO8AtRxHAg,TransformType.NONLINEAR,a_vertebralis_l,task_idx_0118,24.611,6.829537544539515,False,,,2.71,0.887799,0.0,0.0,46.77319714841085,5.0,0.0,0.0,0.0,0.0,9.071067811865476,5.0,25.0,0.0,0.0,0.0,0.0,0.0,0.0,1.0,2.34,0.0,0.0,0.0,0.0,0.0,0.0,-0.4596897859004551,-0.1708841188284799,-0.3849857488896821,-0.4193777256501814,-0.22104303280458484,-0.2334633207519715,-0.579440818289206,-0.6300024167753766,1.6660590215896318
626,rad_5,True,3,2pO8AtRxHAg,TransformType.NONLINEAR,a_carotisexterna_r,task_idx_0119,9.895,1.3390647642956688,True,,,1.68,0.887799,0.0,0.0,0.0,0.0,0.0,0.0,0.0,0.0,0.0,0.0,0.0,0.0,0.0,0.0,0.0,0.0,0.0,1.0,2.152,0.0,0.0,0.0,0.0,0.0,0.0,-0.49829365985427976,-0.6334275983642149,-0.3849857488896821,-0.4193777256501814,-0.22104303280458484,-0.2334633207519715,-0.5819095555772581,-0.6469810715170397,-0.38377436109070806
627,rad_5,True,3,2pO8AtRxHAg,TransformType.NONLINEAR,a_carotisexterna_l,task_idx_0120,12.253,4.486568651556569,True,,,1.69,0.887799,0.0,0.0,0.0,0.0,0.0,0.0,0.0,0.0,0.0,0.0,39.0,0.0,0.0,0.0,0.0,0.0,0.0,0.0,0.0,0.0,0.0,0.0,0.0,0.0,0.0,-0.49829365985427976,-0.6334275983642149,-0.3849857488896821,-0.4193777256501814,-0.22104303280458484,-0.2334633207519715,-0.5819095555772581,-0.6469810715170397,2.8139657158906224
628,rad_5,True,3,2pO8AtRxHAg,TransformType.NONLINEAR,lymph_node,task_idx_0121,9.128,,True,,,1.4,0.887799,0.0,0.0,0.0,0.0,0.0,0.0,0.0,0.0,0.0,0.0,0.0,0.0,0.0,0.0,0.0,0.0,0.0,1.0,2.116,0.0,0.0,0.0,0.0,0.0,0.0,-0.49829365985427976,-0.6334275983642149,-0.3849857488896821,-0.4193777256501814,-0.22104303280458484,-0.2334633207519715,-0.5819095555772581,-0.6469810715170397,-0.38377436109070806
629,rad_5,True,3,2pO8AtRxHAg,TransformType.NONLINEAR,recurrence,task_idx_0122,106.477,,,tp,True,,0.887799,0.0,0.0,763.1996929032076,10.0,479.22212761865535,24.0,188.02847881041345,31.0,6636.914477905395,583.0,0.0,0.0,0.0,0.0,0.0,0.0,0.0,3.0,83.666,0.0,0.0,0.0,0.0,0.0,0.0,0.13160693584263156,0.2916593607072551,2.667398098149732,2.2449042961274417,-0.22104303280458484,-0.2334633207519715,1.2243605097601253,1.3327300713608767,-0.38377436109070806
630,rad_5,True,3,6WB8wP4uAl0,TransformType.NONLINEAR,a_vertebralis_r,task_idx_0123,13.962,25.896325951006155,False,,,2.22,0.89847,0.0,0.0,209.34421415458323,2.0,0.0,0.0,0.0,0.0,185.62174259278436,34.0,2.0,0.0,0.0,0.0,0.0,0.0,0.0,1.0,2.764,0.0,0.0,0.0,0.0,0.0,0.0,-0.32551313278140315,-0.4484102065499209,-0.3849857488896821,-0.4193777256501814,-0.22104303280458484,-0.2334633207519715,-0.5313916532843658,-0.5315262192737307,-0.21978769047628088
631,rad_5,True,3,6WB8wP4uAl0,TransformType.NONLINEAR,a_vertebralis_l,task_idx_0124,7.193,2.240943060378033,True,,,1.55,0.89847,0.0,0.0,0.0,0.0,0.0,0.0,0.0,0.0,0.0,0.0,0.0,0.0,0.0,0.0,0.0,0.0,0.0,1.0,2.127,0.0,0.0,0.0,0.0,0.0,0.0,-0.49829365985427976,-0.6334275983642149,-0.3849857488896821,-0.4193777256501814,-0.22104303280458484,-0.2334633207519715,-0.5819095555772581,-0.6469810715170397,-0.38377436109070806
632,rad_5,True,3,6WB8wP4uAl0,TransformType.NONLINEAR,a_carotisexterna_r,task_idx_0125,9.528,2.220894353660178,True,,,0.35,0.89847,0.0,0.0,237.7414562082095,2.0,0.0,0.0,0.0,0.0,15.242640687119284,8.0,1.0,0.0,0.0,0.0,0.0,0.0,0.0,1.0,1.814,0.0,0.0,0.0,0.0,0.0,0.0,-0.3020757023787718,-0.4484102065499209,-0.3849857488896821,-0.4193777256501814,-0.22104303280458484,-0.2334633207519715,-0.5777611933101996,-0.6198152239303787,-0.30178102578349447
633,rad_5,True,3,6WB8wP4uAl0,TransformType.NONLINEAR,a_carotisexterna_l,task_idx_0126,9.384,1.756910733782895,True,,,2.61,0.89847,0.0,0.0,0.0,0.0,0.0,0.0,0.0,0.0,0.0,0.0,21.0,0.0,0.0,0.0,0.0,0.0,0.0,1.0,2.977,0.0,0.0,0.0,0.0,0.0,0.0,-0.49829365985427976,-0.6334275983642149,-0.3849857488896821,-0.4193777256501814,-0.22104303280458484,-0.2334633207519715,-0.5819095555772581,-0.6469810715170397,1.3380856803607775
634,rad_5,True,3,6WB8wP4uAl0,TransformType.NONLINEAR,lymph_node,task_idx_0127,10.47,,True,,,1.86,0.89847,0.0,0.0,0.0,0.0,0.0,0.0,0.0,0.0,0.0,0.0,0.0,0.0,0.0,0.0,0.0,0.0,0.0,1.0,0.0,0.0,0.0,0.0,0.0,0.0,0.0,-0.49829365985427976,-0.6334275983642149,-0.3849857488896821,-0.4193777256501814,-0.22104303280458484,-0.2334633207519715,-0.5819095555772581,-0.6469810715170397,-0.38377436109070806
635,rad_5,True,3,6WB8wP4uAl0,TransformType.NONLINEAR,recurrence,task_idx_0128,120.49,,,tn,True,,0.89847,98.1,14.0,2556.299018320128,24.0,0.0,0.0,592.1341514873965,40.0,6406.039195929054,531.0,3.0,2.0,1.0,2.0,0.0,0.0,0.0,6.0,86.55499999999999,0.0,0.0,0.0,0.0,0.0,0.0,1.6115267310502708,1.5867811034073134,-0.3849857488896821,-0.4193777256501814,1.7989739801406133,2.745410442766855,1.1615266263270205,1.1561520620475807,-0.1377943551690673
636,rad_5,True,3,F-JlS0Cl1K0,TransformType.LINEAR,a_vertebralis_r,task_idx_0129,31.694,2.9454053279511787,True,,,15.54,0.600162,0.0,0.0,70.11419257183242,2.0,0.0,0.0,0.0,0.0,1167.432774006364,107.0,0.0,0.0,0.0,0.0,0.0,0.0,0.0,1.0,3.465,0.0,0.0,0.0,0.0,0.0,0.0,-0.4993171881272026,-0.4090127247830798,-0.34297324669546714,-0.4038419490544292,-0.11867816581938534,-0.11867816581938535,-0.2824672121384379,-0.3658114555010948,-0.4023659552328442
637,rad_5,True,3,F-JlS0Cl1K0,TransformType.LINEAR,a_vertebralis_l,task_idx_0130,16.279,9.561548528260492,False,,,16.51,0.600162,0.0,0.0,256.1952380509833,2.0,0.0,0.0,0.0,0.0,510.6597251698282,59.0,3.0,0.0,0.0,0.0,0.0,0.0,0.0,1.0,2.001,0.0,0.0,0.0,0.0,0.0,0.0,-0.32268641483033056,-0.4090127247830798,-0.34297324669546714,-0.4038419490544292,-0.11867816581938534,-0.11867816581938535,-0.47933959444289437,-0.5695246991704122,-0.30504115531090203
638,rad_5,True,3,F-JlS0Cl1K0,TransformType.LINEAR,a_carotisexterna_r,task_idx_0131,7.802,1.7785671546369533,True,,,1.5,0.600162,0.0,0.0,0.0,0.0,0.0,0.0,0.0,0.0,0.0,0.0,0.0,0.0,0.0,0.0,0.0,0.0,0.0,1.0,2.01,0.0,0.0,0.0,0.0,0.0,0.0,-0.5658705763089997,-0.5207733175131813,-0.34297324669546714,-0.4038419490544292,-0.11867816581938534,-0.11867816581938535,-0.6324134710570749,-0.8199222278472813,-0.4023659552328442
639,rad_5,True,3,F-JlS0Cl1K0,TransformType.LINEAR,a_carotisexterna_l,task_idx_0132,14.955,2.394282672333244,True,,,2.93,0.600162,0.0,0.0,0.0,1.0,0.0,0.0,0.0,0.0,207.2362324464132,32.0,8.0,0.0,0.0,0.0,0.0,0.0,0.0,1.0,2.032,0.0,0.0,0.0,0.0,0.0,0.0,-0.5658705763089997,-0.4648930211481306,-0.34297324669546714,-0.4038419490544292,-0.11867816581938534,-0.11867816581938535,-0.5702929396896559,-0.6841133987344031,-0.14283315544099845
640,rad_5,True,3,F-JlS0Cl1K0,TransformType.LINEAR,lymph_node,task_idx_0133,12.671,,True,,,0.95,0.600162,0.0,0.0,55.91812087098393,3.0,0.0,0.0,0.0,0.0,0.0,0.0,0.0,1.0,0.0,0.0,0.0,0.0,0.0,1.0,2.125,0.0,0.0,0.0,0.0,0.0,0.0,-0.5127923011664813,-0.35313242841802905,-0.34297324669546714,-0.4038419490544292,-0.11867816581938534,-0.11867816581938535,-0.6324134710570749,-0.8199222278472813,-0.4023659552328442
641,rad_5,True,3,F-JlS0Cl1K0,TransformType.LINEAR,recurrence,task_idx_0134,109.041,,,tn,True,,0.600162,0.0,0.0,1147.5708492812705,16.0,9.576491222541474,6.0,0.0,0.0,6149.531482903636,654.0,3.0,1.0,0.0,1.0,0.0,0.0,0.0,2.0,59.451,0.0,0.0,0.0,0.0,0.0,0.0,0.5234199852286601,0.3733114243276307,-0.3028546680670208,0.11078849929811778,-0.11867816581938534,-0.11867816581938535,1.210952232271016,1.9556707171471672,-0.30504115531090203
642,rad_5,True,3,I307KZkh1VM,TransformType.LINEAR,a_vertebralis_r,task_idx_0135,18.591,21.198373979871658,False,,,20.13,0.492306,0.0,0.0,0.0,1.0,0.0,0.0,0.0,0.0,243.51617980884964,57.0,0.0,0.0,0.0,0.0,0.0,0.0,0.0,1.0,2.746,0.0,0.0,0.0,0.0,0.0,0.0,-0.5658705763089997,-0.4648930211481306,-0.34297324669546714,-0.4038419490544292,-0.11867816581938534,-0.11867816581938535,-0.559417768000172,-0.578012750989967,-0.4023659552328442
643,rad_5,True,3,I307KZkh1VM,TransformType.LINEAR,a_vertebralis_l,task_idx_0136,18.969,3.4307835016986825,True,,,12.94,0.492306,0.0,0.0,0.0,0.0,0.0,0.0,0.0,0.0,0.0,0.0,116.0,0.0,0.0,0.0,0.0,0.0,0.0,0.0,0.0,0.0,0.0,0.0,0.0,0.0,0.0,-0.5658705763089997,-0.5207733175131813,-0.34297324669546714,-0.4038419490544292,-0.11867816581938534,-0.11867816581938535,-0.6324134710570749,-0.8199222278472813,3.3608596417489194
644,rad_5,True,3,I307KZkh1VM,TransformType.LINEAR,a_carotisexterna_r,task_idx_0137,30.3,1.960592573224123,True,,,10.82,0.492306,0.0,0.0,308.1121990970663,4.0,0.0,0.0,0.0,0.0,771.3613179630012,163.0,58.0,0.0,0.0,0.0,0.0,0.0,0.0,1.0,2.288,0.0,0.0,0.0,0.0,0.0,0.0,-0.2734060974654935,-0.29725213205297835,-0.34297324669546714,-0.4038419490544292,-0.11867816581938534,-0.11867816581938535,-0.4011924418843665,-0.12814600455355787,1.4792468432580375
645,rad_5,True,3,I307KZkh1VM,TransformType.LINEAR,a_carotisexterna_l,task_idx_0138,11.25,2.873611644392065,True,,,6.4,0.492306,0.0,0.0,1.0,2.0,0.0,0.0,0.0,0.0,220.61986006558465,52.0,1.0,0.0,0.0,0.0,0.0,0.0,0.0,0.0,0.0,0.0,0.0,0.0,0.0,0.0,0.0,-0.5649213620951498,-0.4090127247830798,-0.34297324669546714,-0.4038419490544292,-0.11867816581938534,-0.11867816581938535,-0.5662811023313331,-0.5992328805388543,-0.36992435525886347
646,rad_5,True,3,I307KZkh1VM,TransformType.LINEAR,lymph_node,task_idx_0139,17.183,,False,,,7.4,0.492306,0.0,0.0,224.7615680017221,6.0,0.0,0.0,0.0,0.0,177.07789470495504,30.0,2.0,0.0,0.0,0.0,0.0,0.0,0.0,1.0,2.977,0.0,0.0,0.0,0.0,0.0,0.0,-0.3525237012345592,-0.18549153932287682,-0.34297324669546714,-0.4038419490544292,-0.11867816581938534,-0.11867816581938535,-0.5793331154520767,-0.6926014505539579,-0.33748275528488275
647,rad_5,True,3,I307KZkh1VM,TransformType.LINEAR,recurrence,task_idx_0140,67.374,,,tn,True,,0.492306,0.0,0.0,1621.366969953497,14.0,0.0,0.0,0.0,0.0,3063.34865162917,259.0,0.0,1.0,0.0,2.0,1.0,0.0,0.0,3.0,42.348,0.0,0.0,0.0,0.0,0.0,0.0,0.9731539974377114,0.26155083159752923,-0.34297324669546714,-0.4038419490544292,-0.11867816581938534,-0.11867816581938535,0.28584702690906766,0.2792804827850768,-0.4023659552328442
648,rad_5,True,3,yYcNJD5knnY,TransformType.LINEAR,a_vertebralis_r,task_idx_0141,41.219,2.343571295378045,True,,,19.17,0.649704,0.0,0.0,322.0509324857107,6.0,0.0,0.0,44.56062329783655,20.0,1485.263768243744,235.0,22.0,0.0,0.0,0.0,0.0,0.0,0.0,1.0,4.381,0.0,0.0,0.0,0.0,0.0,0.0,-0.2601752536099271,-0.18549153932287682,-0.34297324669546714,-0.4038419490544292,-0.11867816581938534,-0.11867816581938535,-0.18719511606727207,0.1774238609504181,0.3113492441947316
649,rad_5,True,3,yYcNJD5knnY,TransformType.LINEAR,a_vertebralis_l,task_idx_0142,10.211,1.1674769955545117,True,,,17.27,0.649704,0.0,0.0,0.0,1.0,0.0,0.0,0.0,0.0,139.99872525485932,33.0,2.0,0.0,0.0,0.0,0.0,0.0,0.0,0.0,0.0,0.0,0.0,0.0,0.0,0.0,0.0,-0.5658705763089997,-0.4648930211481306,-0.34297324669546714,-0.4038419490544292,-0.11867816581938534,-0.11867816581938535,-0.590447859634169,-0.6798693728246257,-0.33748275528488275
650,rad_5,True,3,yYcNJD5knnY,TransformType.LINEAR,a_carotisexterna_r,task_idx_0143,22.006,2.4581717434404022,True,,,3.96,0.649704,0.0,0.0,0.0,1.0,0.0,0.0,0.0,0.0,2160.774232882679,201.0,32.0,0.0,0.0,0.0,0.0,0.0,0.0,0.0,0.0,0.0,0.0,0.0,0.0,0.0,0.0,-0.5658705763089997,-0.4648930211481306,-0.34297324669546714,-0.4038419490544292,-0.11867816581938534,-0.11867816581938535,0.015293939597612709,0.033126980017984996,0.6357652439345387
651,rad_5,True,3,yYcNJD5knnY,TransformType.LINEAR,a_carotisexterna_l,task_idx_0144,14.424,1.9151178310091292,True,,,4.47,0.649704,0.0,0.0,0.0,1.0,0.0,0.0,176.53322332701993,17.0,904.7176674840448,85.0,0.0,0.0,0.0,0.0,0.0,0.0,0.0,0.0,0.0,0.0,0.0,0.0,0.0,0.0,0.0,-0.5658705763089997,-0.4648930211481306,-0.34297324669546714,-0.4038419490544292,-0.11867816581938534,-0.11867816581938535,-0.3612179297265632,-0.4591800255161985,-0.4023659552328442
652,rad_5,True,3,yYcNJD5knnY,TransformType.LINEAR,lymph_node,task_idx_0145,10.622,,True,,,2.29,0.649704,0.0,0.0,1.0,2.0,0.0,0.0,0.0,0.0,117.71567536245789,24.0,2.0,0.0,0.0,0.0,0.0,0.0,0.0,0.0,0.0,0.0,0.0,0.0,0.0,0.0,0.0,-0.5649213620951498,-0.4090127247830798,-0.34297324669546714,-0.4038419490544292,-0.11867816581938534,-0.11867816581938535,-0.5971273619753469,-0.7180656060126227,-0.33748275528488275
653,rad_5,True,3,yYcNJD5knnY,TransformType.LINEAR,recurrence,task_idx_0146,38.532,,,tp,True,,0.649704,0.0,0.0,343.17930175489425,8.0,963.5749568864392,49.0,0.0,0.0,282.30382064459843,25.0,132.0,0.0,0.0,0.0,0.0,0.0,0.0,1.0,21.889,0.0,0.0,0.0,0.0,0.0,0.0,-0.24011990518414725,-0.0737309465927753,3.693709581484609,3.7989733791580376,-0.11867816581938534,-0.11867816581938535,-0.5477908973957357,-0.7138215801028452,3.879925241332611
654,rad_5,True,3,VUIaoA1iqhI,TransformType.LINEAR,a_vertebralis_r,task_idx_0159,16.852,3.502749280190107,True,,,9.92,0.678062,0.0,0.0,80.60025445251433,3.0,0.0,0.0,0.0,0.0,274.3248676289665,64.0,0.0,0.0,0.0,0.0,0.0,0.0,0.0,0.0,0.0,0.0,0.0,0.0,0.0,0.0,0.0,-0.489363669142749,-0.35313242841802905,-0.34297324669546714,-0.4038419490544292,-0.11867816581938534,-0.11867816581938535,-0.5501826451863393,-0.5483045696215249,-0.4023659552328442
655,rad_5,True,3,VUIaoA1iqhI,TransformType.LINEAR,a_vertebralis_l,task_idx_0160,10.941,1.2498473330583535,True,,,5.45,0.678062,0.0,0.0,0.0,1.0,0.0,0.0,0.0,0.0,305.7430184941392,51.0,0.0,0.0,0.0,0.0,0.0,0.0,0.0,0.0,0.0,0.0,0.0,0.0,0.0,0.0,0.0,-0.5658705763089997,-0.4648930211481306,-0.34297324669546714,-0.4038419490544292,-0.11867816581938534,-0.11867816581938535,-0.54076483149958,-0.6034769064486316,-0.4023659552328442
656,rad_5,True,3,VUIaoA1iqhI,TransformType.LINEAR,a_carotisexterna_r,task_idx_0161,53.568,11.831822304762628,False,,,13.07,0.678062,0.0,0.0,985.7304469242516,7.0,0.0,0.0,0.0,0.0,3856.680625983997,599.0,14.0,0.0,0.0,0.0,0.0,0.0,0.0,2.0,4.655,0.0,0.0,0.0,0.0,0.0,0.0,0.36979877493618013,-0.12961124295782606,-0.34297324669546714,-0.4038419490544292,-0.11867816581938534,-0.11867816581938535,0.523653916254196,1.722249292109408,0.05181644440288584
657,rad_5,True,3,VUIaoA1iqhI,TransformType.LINEAR,a_carotisexterna_l,task_idx_0162,6.902,2.6357734149652297,True,,,5.34,0.678062,0.0,0.0,0.0,0.0,0.0,0.0,0.0,0.0,29.161277261891332,8.0,0.0,0.0,0.0,0.0,0.0,0.0,0.0,0.0,0.0,0.0,0.0,0.0,0.0,0.0,0.0,-0.5658705763089997,-0.5207733175131813,-0.34297324669546714,-0.4038419490544292,-0.11867816581938534,-0.11867816581938535,-0.6236721712492348,-0.7859700205690617,-0.4023659552328442
658,rad_5,True,3,VUIaoA1iqhI,TransformType.LINEAR,lymph_node,task_idx_0163,21.016,,True,,,7.86,0.678062,0.0,0.0,671.574712122086,8.0,0.0,0.0,0.0,0.0,988.5633682956604,65.0,0.0,0.0,0.0,0.0,0.0,0.0,0.0,1.0,2.176,0.0,0.0,0.0,0.0,0.0,0.0,0.07159768609948386,-0.0737309465927753,-0.34297324669546714,-0.4038419490544292,-0.11867816581938534,-0.11867816581938535,-0.3360845858812102,-0.5440605437117474,-0.4023659552328442
659,rad_5,True,3,VUIaoA1iqhI,TransformType.LINEAR,recurrence,task_idx_0164,91.421,,,tp,True,,0.678062,0.0,0.0,1743.402443509364,40.0,615.3469855795828,31.0,508.15669012166177,26.0,6602.137494714149,444.0,0.0,0.0,0.0,0.0,0.0,0.0,0.0,4.0,62.416,0.0,0.0,0.0,0.0,0.0,0.0,1.0889918035308523,1.7144385370888489,2.234885997475631,2.255082034100397,-0.11867816581938534,-0.11867816581938535,1.3466240963164484,1.064425276093904,-0.4023659552328442
660,rad_5,True,3,0f9SYhwcPFc,TransformType.NONLINEAR,a_vertebralis_r,task_idx_0165,17.938,2.4857038187331715,True,,,3.19,0.877556,0.0,0.0,0.0,1.0,0.0,0.0,0.0,0.0,72.96859530408388,20.0,0.0,0.0,0.0,0.0,0.0,0.0,0.0,1.0,2.092,0.0,0.0,0.0,0.0,0.0,0.0,-0.49829365985427976,-0.540918902457068,-0.3849857488896821,-0.4193777256501814,-0.22104303280458484,-0.2334633207519715,-0.5620507808640602,-0.5790664525503872,-0.38377436109070806
661,rad_5,True,3,0f9SYhwcPFc,TransformType.NONLINEAR,a_vertebralis_l,task_idx_0166,13.527,14.368095420922742,False,,,12.39,0.877556,0.0,0.0,146.37281168304446,2.0,0.0,0.0,0.0,0.0,108.79847034084264,37.0,7.0,0.0,0.0,0.0,0.0,0.0,0.0,1.0,1.655,0.0,0.0,0.0,0.0,0.0,0.0,-0.37748606240589505,-0.4484102065499209,-0.3849857488896821,-0.4193777256501814,-0.22104303280458484,-0.2334633207519715,-0.5522994979540382,-0.5213390264287328,0.19017898605978711
662,rad_5,True,3,0f9SYhwcPFc,TransformType.NONLINEAR,a_carotisexterna_r,task_idx_0167,18.711,5.336368250442808,False,,,3.86,0.877556,0.0,0.0,0.0,0.0,0.0,0.0,0.0,0.0,495.3200816251123,73.0,2.0,0.0,0.0,0.0,0.0,0.0,0.0,1.0,2.257,0.0,0.0,0.0,0.0,0.0,0.0,-0.49829365985427976,-0.6334275983642149,-0.3849857488896821,-0.4193777256501814,-0.22104303280458484,-0.2334633207519715,-0.44710567356576797,-0.39909271228875853,-0.21978769047628088
663,rad_5,True,3,0f9SYhwcPFc,TransformType.NONLINEAR,a_carotisexterna_l,task_idx_0168,14.851,17.815333433688515,False,,,15.68,0.877556,0.0,0.0,534.0225135958143,3.0,0.0,0.0,0.0,1.0,46.24621125123532,17.0,0.0,2.0,0.0,0.0,0.0,0.0,0.0,1.0,2.004,0.0,0.0,0.0,0.0,0.0,0.0,-0.057542566061286445,-0.3559015106427739,-0.3849857488896821,-0.4193777256501814,-0.22104303280458484,-0.2334633207519715,-0.5693234137343187,-0.5892536453953852,-0.38377436109070806
664,rad_5,True,3,0f9SYhwcPFc,TransformType.NONLINEAR,lymph_node,task_idx_0169,12.297,,True,,,3.71,0.877556,0.0,0.0,162.0526907206247,12.0,0.0,0.0,0.0,0.0,1326.362444857545,91.0,0.0,0.0,0.0,0.0,0.0,0.0,0.0,0.0,0.0,0.0,0.0,0.0,0.0,0.0,0.0,-0.3645448030761695,0.4766767525215492,-0.3849857488896821,-0.4193777256501814,-0.22104303280458484,-0.2334633207519715,-0.22093326336955865,-0.33796955521877137,-0.38377436109070806
665,rad_5,True,3,0f9SYhwcPFc,TransformType.NONLINEAR,recurrence,task_idx_0170,309.164,,,tp,True,,0.877556,143.60000000000002,16.0,7758.717967082849,60.0,726.7880100396334,42.0,397.69802384646175,26.0,20825.615972099964,1854.0,27.0,3.0,0.0,3.0,0.0,2.0,0.0,7.0,162.707,0.0,0.0,0.0,0.0,0.0,0.0,5.90530046466489,4.917094156064605,4.24425788201426,4.243115812460659,2.7358829922609655,3.1709638375552585,5.085887859598724,5.648704106691635,1.8300456922040589
666,rad_5,True,3,XKgRKTaLeEo,TransformType.LINEAR,a_vertebralis_r,task_idx_0171,56.618,3.614409541077434,True,,,40.22,0.273853,0.0,0.0,172.66931844344154,4.0,0.0,0.0,0.0,0.0,2598.4550244423435,439.0,41.0,0.0,0.0,0.0,0.0,0.0,0.0,1.0,2.018,0.0,0.0,0.0,0.0,0.0,0.0,-0.40197040494669883,-0.29725213205297835,-0.34297324669546714,-0.4038419490544292,-0.11867816581938534,-0.11867816581938535,0.14649186295316982,1.0432051465450167,0.9277396437003652
667,rad_5,True,3,XKgRKTaLeEo,TransformType.LINEAR,a_vertebralis_l,task_idx_0172,14.842,8.890988478974274,False,,,40.0,0.273853,0.0,0.0,1.4142135623730951,2.0,0.0,0.0,0.0,0.0,369.85795832286647,87.0,0.0,0.0,0.0,0.0,0.0,0.0,0.0,0.0,0.0,0.0,0.0,0.0,0.0,0.0,0.0,-0.5645281846941758,-0.4090127247830798,-0.34297324669546714,-0.4038419490544292,-0.11867816581938534,-0.11867816581938535,-0.5215459232819712,-0.45069197369664366,-0.4023659552328442
668,rad_5,True,3,XKgRKTaLeEo,TransformType.LINEAR,a_carotisexterna_r,task_idx_0173,24.988,3.596283939329274,True,,,12.77,0.273853,0.0,0.0,48.05205510693585,2.0,0.0,0.0,0.0,0.0,510.719817545956,54.0,1.0,1.0,0.0,1.0,0.0,0.0,0.0,1.0,0.0,0.0,0.0,0.0,0.0,0.0,0.0,-0.5202588825967943,-0.4090127247830798,-0.34297324669546714,-0.4038419490544292,-0.11867816581938534,-0.11867816581938535,-0.479321581326693,-0.5907448287192993,-0.36992435525886347
669,rad_5,True,3,XKgRKTaLeEo,TransformType.LINEAR,a_carotisexterna_l,task_idx_0174,16.0,2.233899512640617,True,,,15.15,0.273853,0.0,0.0,0.0,0.0,0.0,0.0,0.0,0.0,82.71652118247054,21.0,0.0,0.0,0.0,0.0,0.0,0.0,0.0,1.0,2.146,0.0,0.0,0.0,0.0,0.0,0.0,-0.5658705763089997,-0.5207733175131813,-0.34297324669546714,-0.4038419490544292,-0.11867816581938534,-0.11867816581938535,-0.6076186068189976,-0.730797683741955,-0.4023659552328442
670,rad_5,True,3,XKgRKTaLeEo,TransformType.LINEAR,lymph_node,task_idx_0175,19.438,,False,,,24.63,0.273853,0.0,0.0,0.0,1.0,0.0,0.0,0.0,0.0,394.9605206676079,37.0,0.0,0.0,0.0,0.0,0.0,0.0,0.0,1.0,2.119,0.0,0.0,0.0,0.0,0.0,0.0,-0.5658705763089997,-0.4648930211481306,-0.34297324669546714,-0.4038419490544292,-0.11867816581938534,-0.11867816581938535,-0.5140212520739946,-0.6628932691855158,-0.4023659552328442
671,rad_5,True,3,XKgRKTaLeEo,TransformType.LINEAR,recurrence,task_idx_0176,160.417,,,tp,True,,0.273853,147.6,35.0,5282.506438329303,44.0,233.38323286375012,16.0,2728.0638246626345,111.0,15240.42127233584,925.0,6.0,2.0,1.0,3.0,0.0,0.0,0.0,3.0,137.641,0.0,0.0,0.0,0.0,0.0,0.0,4.448359619707137,1.937959722549052,0.6347338655051267,0.9685059132190295,8.426149773176359,8.426149773176359,3.9360109618935004,3.105801738696855,-0.20771635538895988
672,rad_5,True,3,7sp2FiVa4WI,TransformType.NONLINEAR,a_vertebralis_r,task_idx_0177,44.964,3.175346663153816,True,,,29.75,0.81731,0.0,0.0,0.0,1.0,0.0,0.0,0.0,0.0,1534.401570432449,256.0,82.0,0.0,0.0,0.0,0.0,0.0,0.0,1.0,2.025,0.0,0.0,0.0,0.0,0.0,0.0,-0.49829365985427976,-0.540918902457068,-0.3849857488896821,-0.4193777256501814,-0.22104303280458484,-0.2334633207519715,-0.1643143561656333,0.2223260512561106,6.339679134100807
673,rad_5,True,3,7sp2FiVa4WI,TransformType.NONLINEAR,a_vertebralis_l,task_idx_0178,12.262,22.165352981759337,False,,,46.97,0.81731,0.0,0.0,57.0087712549569,2.0,0.0,0.0,0.0,0.0,263.1112313068479,43.0,1.0,0.0,0.0,0.0,0.0,0.0,0.0,0.0,0.0,0.0,0.0,0.0,0.0,0.0,0.0,-0.45124193891235254,-0.4484102065499209,-0.3849857488896821,-0.4193777256501814,-0.22104303280458484,-0.2334633207519715,-0.5103024944126539,-0.500964640738737,-0.30178102578349447
674,rad_5,True,3,7sp2FiVa4WI,TransformType.NONLINEAR,a_carotisexterna_r,task_idx_0179,28.485,9.945093122470906,False,,,3.65,0.81731,0.0,0.0,1036.900529513577,4.0,0.0,0.0,0.0,0.0,1867.0384655441576,166.0,0.0,3.0,0.0,1.0,0.0,0.0,0.0,1.0,3.881,0.0,0.0,0.0,0.0,0.0,0.0,0.3575036724723197,-0.2633928147356269,-0.3849857488896821,-0.4193777256501814,-0.22104303280458484,-0.2334633207519715,-0.0737855316241617,-0.08328973409382504,-0.38377436109070806
675,rad_5,True,3,7sp2FiVa4WI,TransformType.NONLINEAR,a_carotisexterna_l,task_idx_0180,13.23,4.00304749124451,True,,,1.54,0.81731,0.0,0.0,0.0,1.0,0.0,0.0,0.0,0.0,609.656341299809,109.0,0.0,0.0,0.0,0.0,0.0,0.0,0.0,0.0,0.0,0.0,0.0,0.0,0.0,0.0,0.0,-0.49829365985427976,-0.540918902457068,-0.3849857488896821,-0.4193777256501814,-0.22104303280458484,-0.2334633207519715,-0.4159884783810826,-0.27684639814878426,-0.38377436109070806
676,rad_5,True,3,7sp2FiVa4WI,TransformType.NONLINEAR,lymph_node,task_idx_0181,11.967,,True,,,2.66,0.81731,0.0,0.0,0.0,1.0,0.0,0.0,0.0,0.0,602.3831345323185,77.0,0.0,0.0,0.0,0.0,0.0,0.0,0.0,0.0,0.0,0.0,0.0,0.0,0.0,0.0,0.0,-0.49829365985427976,-0.540918902457068,-0.3849857488896821,-0.4193777256501814,-0.22104303280458484,-0.2334633207519715,-0.41796791863255217,-0.38550978849542805,-0.38377436109070806
677,rad_5,True,3,7sp2FiVa4WI,TransformType.NONLINEAR,recurrence,task_idx_0182,100.383,,,fn,False,,0.81731,0.0,0.0,4236.567916451394,38.0,565.8624230038279,21.0,1963.3273823427487,96.0,12200.327132280629,1016.0,15.0,3.0,0.0,1.0,0.0,0.0,0.0,1.0,0.0,0.0,0.0,0.0,0.0,0.0,0.0,2.998322860170449,2.8819028461073715,3.2192495734782454,1.9118690434052388,-0.22104303280458484,-0.2334633207519715,2.738471588360108,2.8030815719889004,0.8461256685174959
678,rad_5,True,3,1q_1_G-1EPM,TransformType.NONLINEAR,a_vertebralis_r,task_idx_0183,25.071,3.491163614928619,True,,,29.26,0.764816,0.0,0.0,764.4484359445337,4.0,0.0,0.0,0.0,0.0,549.178883362141,77.0,9.0,1.0,0.0,1.0,0.0,0.0,0.0,1.0,2.521,0.0,0.0,0.0,0.0,0.0,0.0,0.1326375756514757,-0.2633928147356269,-0.3849857488896821,-0.4193777256501814,-0.22104303280458484,-0.2334633207519715,-0.4324477264645363,-0.38550978849542805,0.3541656566742143
679,rad_5,True,3,1q_1_G-1EPM,TransformType.NONLINEAR,a_vertebralis_l,task_idx_0184,15.206,3.0979907903759725,True,,,46.41,0.764816,0.0,0.0,269.783976152165,7.0,0.0,0.0,0.0,0.0,547.8270323250126,77.0,0.0,0.0,0.0,0.0,0.0,0.0,0.0,0.0,0.0,0.0,0.0,0.0,0.0,0.0,0.0,-0.27562967182083303,0.014133272985814117,-0.3849857488896821,-0.4193777256501814,-0.22104303280458484,-0.2334633207519715,-0.4328156396068992,-0.38550978849542805,-0.38377436109070806
680,rad_5,True,3,1q_1_G-1EPM,TransformType.NONLINEAR,a_carotisexterna_r,task_idx_0185,15.252,1.8023439575705316,True,,,2.12,0.764816,0.0,0.0,272.4261367783936,2.0,0.0,0.0,0.0,0.0,2105.442490156616,106.0,0.0,0.0,0.0,0.0,0.0,0.0,0.0,0.0,0.0,0.0,0.0,0.0,0.0,0.0,0.0,-0.2734489862573243,-0.4484102065499209,-0.3849857488896821,-0.4193777256501814,-0.22104303280458484,-0.2334633207519715,-0.008902662551944274,-0.2870335909937821,-0.38377436109070806
681,rad_5,True,3,1q_1_G-1EPM,TransformType.NONLINEAR,a_carotisexterna_l,task_idx_0186,9.388,2.3379597475103644,True,,,3.57,0.764816,0.0,0.0,2.0,3.0,0.0,0.0,0.0,0.0,32.3851648071345,9.0,0.0,0.0,0.0,0.0,0.0,0.0,0.0,0.0,0.0,0.0,0.0,0.0,0.0,0.0,0.0,-0.4966429762873072,-0.3559015106427739,-0.3849857488896821,-0.4193777256501814,-0.22104303280458484,-0.2334633207519715,-0.5730957680941013,-0.6164194929820461,-0.38377436109070806
682,rad_5,True,3,1q_1_G-1EPM,TransformType.NONLINEAR,lymph_node,task_idx_0187,20.385,,True,,,20.7,0.764816,0.0,0.0,432.37294761990574,5.0,0.0,0.0,0.0,0.0,1474.2826635803192,176.0,0.0,0.0,0.0,0.0,0.0,0.0,0.0,0.0,0.0,0.0,0.0,0.0,0.0,0.0,0.0,-0.14143820013444866,-0.1708841188284799,-0.3849857488896821,-0.4193777256501814,-0.22104303280458484,-0.2334633207519715,-0.1806760227456854,-0.049332424610498846,-0.38377436109070806
683,rad_5,True,3,1q_1_G-1EPM,TransformType.NONLINEAR,recurrence,task_idx_0188,101.927,,,tn,True,,0.764816,0.0,0.0,2649.042679220785,14.0,0.0,0.0,1456.837226821658,67.0,12278.84709462388,749.0,0.0,3.0,0.0,1.0,0.0,0.0,0.0,1.0,0.0,0.0,0.0,0.0,0.0,0.0,0.0,1.6880719495450651,0.6616941443358432,-0.3849857488896821,-0.4193777256501814,-0.22104303280458484,-0.2334633207519715,2.7598411958763998,1.8964214087840912,-0.38377436109070806
684,rad_5,True,3,urqkluKweXA,TransformType.LINEAR,a_vertebralis_r,task_idx_0189,29.938,3.6124632122400375,True,,,19.55,0.438438,0.0,0.0,453.48375840599226,4.0,0.0,0.0,0.0,0.0,1485.5292380872086,210.0,2.0,0.0,0.0,0.0,0.0,0.0,0.0,1.0,2.183,0.0,0.0,0.0,0.0,0.0,0.0,-0.13541734707992753,-0.29725213205297835,-0.34297324669546714,-0.4038419490544292,-0.11867816581938534,-0.11867816581938535,-0.18711553959773597,0.07132321320598199,-0.33748275528488275
685,rad_5,True,3,urqkluKweXA,TransformType.LINEAR,a_vertebralis_l,task_idx_0190,12.902,5.162044826177585,False,,,19.15,0.438438,0.0,0.0,0.0,1.0,0.0,0.0,0.0,0.0,167.33238473835084,31.0,10.0,0.0,0.0,0.0,0.0,0.0,0.0,0.0,0.0,0.0,0.0,0.0,0.0,0.0,0.0,-0.5658705763089997,-0.4648930211481306,-0.34297324669546714,-0.4038419490544292,-0.11867816581938534,-0.11867816581938535,-0.5822544012254439,-0.6883574246441806,-0.07794995549303703
686,rad_5,True,3,urqkluKweXA,TransformType.LINEAR,a_carotisexterna_r,task_idx_0191,28.214,3.782574543595907,True,,,11.93,0.438438,0.0,0.0,500.1933157320102,3.0,0.0,0.0,0.0,0.0,1034.969219292542,106.0,60.0,1.0,0.0,1.0,0.0,0.0,0.0,1.0,2.017,0.0,0.0,0.0,0.0,0.0,0.0,-0.09107997134343146,-0.35313242841802905,-0.34297324669546714,-0.4038419490544292,-0.11867816581938534,-0.11867816581938535,-0.32217410271688723,-0.3700554814108722,1.5441300432059988
687,rad_5,True,3,urqkluKweXA,TransformType.LINEAR,a_carotisexterna_l,task_idx_0192,9.368,1.2669178137276111,True,,,10.24,0.438438,0.0,0.0,0.0,0.0,0.0,0.0,0.0,0.0,188.5165614778114,38.0,0.0,0.0,0.0,0.0,0.0,0.0,0.0,0.0,0.0,0.0,0.0,0.0,0.0,0.0,0.0,-0.5658705763089997,-0.5207733175131813,-0.34297324669546714,-0.4038419490544292,-0.11867816581938534,-0.11867816581938535,-0.5759042939102239,-0.6586492432757385,-0.4023659552328442
688,rad_5,True,3,urqkluKweXA,TransformType.LINEAR,lymph_node,task_idx_0193,25.674,,True,,,3.95,0.438438,0.0,0.0,843.1587602308108,3.0,0.0,0.0,0.0,0.0,1147.2038267188848,134.0,0.0,0.0,1.0,0.0,1.0,0.0,0.0,1.0,2.7960000000000003,0.0,0.0,0.0,0.0,0.0,0.0,0.23446770343420192,-0.35313242841802905,-0.34297324669546714,-0.4038419490544292,-0.11867816581938534,-0.11867816581938535,-0.2885309826464578,-0.25122275593710375,-0.4023659552328442
689,rad_5,True,3,urqkluKweXA,TransformType.LINEAR,recurrence,task_idx_0194,33.846999999999994,,,tp,True,,0.438438,0.0,0.0,1799.4814224617855,24.0,332.81622905895813,19.0,11.0,6.0,1295.0907182773542,67.0,0.0,0.0,0.0,2.0,0.0,0.0,0.0,1.0,10.893,0.0,0.0,0.0,0.0,0.0,0.0,1.1422227674506837,0.8203537952480368,1.051286273210545,1.225821137395303,-0.11867816581938534,-0.11867816581938535,-0.24420083739416223,-0.5355724918921926,-0.4023659552328442
690,rad_5,True,3,TwU508CCA9Y,TransformType.LINEAR,a_vertebralis_r,task_idx_0219,13.201,2.1668437336650217,True,,,2.91,0.758011,0.0,0.0,0.0,1.0,0.0,0.0,0.0,0.0,290.75971208497407,45.0,0.0,0.0,0.0,0.0,0.0,0.0,0.0,0.0,0.0,0.0,0.0,0.0,0.0,0.0,0.0,-0.5658705763089997,-0.4648930211481306,-0.34297324669546714,-0.4038419490544292,-0.11867816581938534,-0.11867816581938535,-0.5452561839276303,-0.6289410619072964,-0.4023659552328442
691,rad_5,True,3,TwU508CCA9Y,TransformType.LINEAR,a_vertebralis_l,task_idx_0220,9.379,2.933793708279321,True,,,3.22,0.758011,0.0,0.0,0.0,1.0,0.0,0.0,0.0,0.0,0.0,0.0,0.0,0.0,0.0,0.0,0.0,0.0,0.0,1.0,2.481,0.0,0.0,0.0,0.0,0.0,0.0,-0.5658705763089997,-0.4648930211481306,-0.34297324669546714,-0.4038419490544292,-0.11867816581938534,-0.11867816581938535,-0.6324134710570749,-0.8199222278472813,-0.4023659552328442
692,rad_5,True,3,TwU508CCA9Y,TransformType.LINEAR,a_carotisexterna_r,task_idx_0221,12.363,1.8248226072625704,True,,,3.25,0.758011,0.0,0.0,167.0029939851379,2.0,0.0,0.0,0.0,0.0,78.08019995273719,27.0,0.0,0.0,0.0,0.0,0.0,0.0,0.0,1.0,2.07,0.0,0.0,0.0,0.0,0.0,0.0,-0.4073489606628063,-0.4090127247830798,-0.34297324669546714,-0.4038419490544292,-0.11867816581938534,-0.11867816581938535,-0.6090083770101516,-0.7053335282832903,-0.4023659552328442
693,rad_5,True,3,TwU508CCA9Y,TransformType.LINEAR,a_carotisexterna_l,task_idx_0222,8.266,2.8315645604727857,True,,,2.32,0.758011,0.0,0.0,0.0,0.0,0.0,0.0,0.0,0.0,0.0,0.0,0.0,0.0,0.0,0.0,0.0,0.0,0.0,1.0,2.038,0.0,0.0,0.0,0.0,0.0,0.0,-0.5658705763089997,-0.5207733175131813,-0.34297324669546714,-0.4038419490544292,-0.11867816581938534,-0.11867816581938535,-0.6324134710570749,-0.8199222278472813,-0.4023659552328442
694,rad_5,True,3,TwU508CCA9Y,TransformType.LINEAR,lymph_node,task_idx_0223,12.44,,True,,,5.66,0.758011,0.0,0.0,128.84636376341265,3.0,0.0,0.0,0.0,0.0,100.6149868267046,21.0,0.0,0.0,0.0,0.0,0.0,0.0,0.0,1.0,1.96,0.0,0.0,0.0,0.0,0.0,0.0,-0.4435677764218851,-0.35313242841802905,-0.34297324669546714,-0.4038419490544292,-0.11867816581938534,-0.11867816581938535,-0.6022534147222497,-0.730797683741955,-0.4023659552328442
695,rad_5,True,3,TwU508CCA9Y,TransformType.LINEAR,recurrence,task_idx_0224,139.632,,,fn,False,,0.758011,0.0,0.0,4837.366232407296,48.0,242.93682356543857,19.0,0.0,0.0,12838.11728901652,656.0,10.0,1.0,0.0,1.0,1.0,1.0,1.0,5.0,93.384,0.0,0.0,0.0,0.0,0.0,0.0,4.025826209089867,2.161480908009255,0.6747565074982099,1.225821137395303,-0.11867816581938534,-0.11867816581938535,3.2159032944833057,1.9641587689667221,-0.07794995549303703
696,rad_5,True,3,fEHc3cCOu-M,TransformType.LINEAR,a_vertebralis_r,task_idx_0225,25.537,5.071947484793671,False,,,22.68,0.49116,0.0,0.0,0.0,1.0,0.0,0.0,0.0,0.0,482.81709308147015,66.0,22.0,0.0,0.0,0.0,0.0,0.0,0.0,1.0,3.681,0.0,0.0,0.0,0.0,0.0,0.0,-0.5658705763089997,-0.4648930211481306,-0.34297324669546714,-0.4038419490544292,-0.11867816581938534,-0.11867816581938535,-0.4876856210019498,-0.53981651780197,0.3113492441947316
697,rad_5,True,3,fEHc3cCOu-M,TransformType.LINEAR,a_vertebralis_l,task_idx_0226,20.284,4.364844917061867,True,,,20.82,0.49116,0.0,0.0,0.0,1.0,0.0,0.0,0.0,0.0,1387.6079857337827,178.0,0.0,0.0,0.0,0.0,0.0,0.0,0.0,0.0,0.0,0.0,0.0,0.0,0.0,0.0,0.0,-0.5658705763089997,-0.4648930211481306,-0.34297324669546714,-0.4038419490544292,-0.11867816581938534,-0.11867816581938535,-0.2164681299075934,-0.06448561590689622,-0.4023659552328442
698,rad_5,True,3,fEHc3cCOu-M,TransformType.LINEAR,a_carotisexterna_r,task_idx_0227,18.994,0.8326793346991538,True,,,8.55,0.49116,0.0,0.0,553.3582229379126,3.0,0.0,0.0,0.0,0.0,1724.9346345195263,95.0,19.0,1.0,0.0,0.0,0.0,0.0,0.0,0.0,0.0,0.0,0.0,0.0,0.0,0.0,0.0,-0.04061508574557437,-0.35313242841802905,-0.34297324669546714,-0.4038419490544292,-0.11867816581938534,-0.11867816581938535,-0.11535207303090984,-0.4167397664184241,0.21402444427278944
699,rad_5,True,3,fEHc3cCOu-M,TransformType.LINEAR,a_carotisexterna_l,task_idx_0228,7.259,1.50122562605612,True,,,4.79,0.49116,0.0,0.0,0.0,1.0,0.0,0.0,0.0,0.0,28.31883050779801,11.0,0.0,0.0,0.0,0.0,0.0,0.0,0.0,0.0,0.0,0.0,0.0,0.0,0.0,0.0,0.0,-0.5658705763089997,-0.4648930211481306,-0.34297324669546714,-0.4038419490544292,-0.11867816581938534,-0.11867816581938535,-0.623924700642359,-0.7732379428397295,-0.4023659552328442
700,rad_5,True,3,fEHc3cCOu-M,TransformType.LINEAR,lymph_node,task_idx_0229,21.825,,True,,,7.37,0.49116,0.0,0.0,172.3285971839845,3.0,0.0,0.0,0.0,0.0,1106.952544523273,131.0,12.0,0.0,0.0,0.0,0.0,0.0,0.0,0.0,0.0,0.0,0.0,0.0,0.0,0.0,0.0,-0.4022938224091363,-0.35313242841802905,-0.34297324669546714,-0.4038419490544292,-0.11867816581938534,-0.11867816581938535,-0.3005965901355242,-0.26395483366643613,-0.013066755545075592
701,rad_5,True,3,fEHc3cCOu-M,TransformType.LINEAR,recurrence,task_idx_0230,99.141,,,tn,True,,0.49116,0.0,0.0,3117.801747609277,58.0,209.27793328103448,22.0,749.1937672392438,56.0,11446.973765843044,808.0,4.0,0.0,0.0,0.0,0.0,0.0,0.0,1.0,23.288,0.0,0.0,0.0,0.0,0.0,0.0,2.3935911584879923,2.7202838716597624,0.5337500777901535,1.4831363615715765,-0.11867816581938534,-0.11867816581938535,2.7988981508956576,2.609250707252894,-0.2725995553369213
702,rad_5,True,3,3dSDmvwSjek,TransformType.NONLINEAR,a_vertebralis_r,task_idx_0231,8.092,2.301145779323584,True,,,1.24,0.796716,0.0,0.0,1.4142135623730951,2.0,0.0,0.0,0.0,0.0,0.0,0.0,0.0,0.0,0.0,0.0,0.0,0.0,0.0,1.0,2.16,0.0,0.0,0.0,0.0,0.0,0.0,-0.49712645031048025,-0.4484102065499209,-0.3849857488896821,-0.4193777256501814,-0.22104303280458484,-0.2334633207519715,-0.5819095555772581,-0.6469810715170397,-0.38377436109070806
703,rad_5,True,3,3dSDmvwSjek,TransformType.NONLINEAR,a_vertebralis_l,task_idx_0232,9.228,1.3745980956094694,True,,,2.55,0.796716,0.0,0.0,128.61269529321916,3.0,0.0,0.0,0.0,0.0,75.62129884110531,26.0,0.0,0.0,0.0,0.0,0.0,0.0,0.0,1.0,2.064,0.0,0.0,0.0,0.0,0.0,0.0,-0.39214422854199726,-0.3559015106427739,-0.3849857488896821,-0.4193777256501814,-0.22104303280458484,-0.2334633207519715,-0.5613288340908891,-0.5586920668603915,-0.38377436109070806
704,rad_5,True,3,3dSDmvwSjek,TransformType.NONLINEAR,a_carotisexterna_r,task_idx_0233,11.284,1.5857800346675304,True,,,1.37,0.796716,0.0,0.0,0.0,0.0,0.0,0.0,0.0,0.0,81.43320123116489,22.0,0.0,0.0,0.0,0.0,0.0,0.0,0.0,1.0,2.152,0.0,0.0,0.0,0.0,0.0,0.0,-0.49829365985427976,-0.6334275983642149,-0.3849857488896821,-0.4193777256501814,-0.22104303280458484,-0.2334633207519715,-0.5597470952655998,-0.572274990653722,-0.38377436109070806
705,rad_5,True,3,3dSDmvwSjek,TransformType.NONLINEAR,a_carotisexterna_l,task_idx_0234,10.632,4.215094069998723,True,,,0.9,0.796716,0.0,0.0,211.4000946073582,2.0,0.0,0.0,0.0,0.0,74.43072769190395,26.0,0.0,0.0,0.0,0.0,0.0,0.0,0.0,1.0,1.835,0.0,0.0,0.0,0.0,0.0,0.0,-0.3238163287418753,-0.4484102065499209,-0.3849857488896821,-0.4193777256501814,-0.22104303280458484,-0.2334633207519715,-0.5616528540906369,-0.5586920668603915,-0.38377436109070806
706,rad_5,True,3,3dSDmvwSjek,TransformType.NONLINEAR,lymph_node,task_idx_0235,8.211,,True,,,2.7,0.796716,0.0,0.0,0.0,1.0,0.0,0.0,0.0,0.0,0.0,0.0,0.0,0.0,0.0,0.0,0.0,0.0,0.0,1.0,2.086,0.0,0.0,0.0,0.0,0.0,0.0,-0.49829365985427976,-0.540918902457068,-0.3849857488896821,-0.4193777256501814,-0.22104303280458484,-0.2334633207519715,-0.5819095555772581,-0.6469810715170397,-0.38377436109070806
707,rad_5,True,3,3dSDmvwSjek,TransformType.NONLINEAR,recurrence,task_idx_0236,88.252,,,tn,True,,0.796716,323.8,21.0,1975.0700843865643,13.0,501.3714341450663,24.0,162.78820596099706,2.0,7243.460110513219,376.0,0.0,1.0,0.0,1.0,1.0,0.0,0.0,1.0,0.0,0.0,0.0,0.0,0.0,0.0,0.0,1.1318142061037164,0.5691854484286961,2.808477112594034,2.2449042961274417,6.446454508394755,4.234847324526267,1.3894349917483886,0.6298137650560248,-0.38377436109070806
708,rad_5,True,3,820_BQlC1tI,TransformType.NONLINEAR,a_vertebralis_r,task_idx_0243,24.906,1.9146411641683685,True,,,1.22,0.867954,0.0,0.0,809.461551994845,16.0,32.60891322329119,5.0,1051.54739268912,46.0,1578.1276332897394,200.0,0.0,0.0,0.0,0.0,0.0,0.0,0.0,0.0,0.0,0.0,0.0,0.0,0.0,0.0,0.0,0.1697887811327143,0.8467115361501373,-0.17728473874039774,0.1356810288868234,-0.22104303280458484,-0.2334633207519715,-0.1524140855388057,0.03216511814948399,-0.38377436109070806
709,rad_5,True,3,820_BQlC1tI,TransformType.NONLINEAR,a_vertebralis_l,task_idx_0244,56.857,3.822913322442638,True,,,2.54,0.867954,0.0,0.0,1362.3346490443748,8.0,0.0,0.0,0.0,0.0,3710.2695275207793,576.0,0.0,2.0,0.0,0.0,0.0,0.0,0.0,0.0,0.0,0.0,0.0,0.0,0.0,0.0,0.0,0.626098049093154,0.10664196889296113,-0.3849857488896821,-0.4193777256501814,-0.22104303280458484,-0.2334633207519715,0.42785918623864166,1.3089599547225483,-0.38377436109070806
710,rad_5,True,3,820_BQlC1tI,TransformType.NONLINEAR,a_carotisexterna_r,task_idx_0245,17.093,2.122457475748384,True,,,2.22,0.867954,0.0,0.0,0.0,0.0,0.0,0.0,0.0,0.0,1662.498018136015,139.0,0.0,0.0,0.0,0.0,0.0,0.0,0.0,0.0,0.0,0.0,0.0,0.0,0.0,0.0,0.0,-0.49829365985427976,-0.6334275983642149,-0.3849857488896821,-0.4193777256501814,-0.22104303280458484,-0.2334633207519715,-0.12945225575236582,-0.17497446969880573,-0.38377436109070806
711,rad_5,True,3,820_BQlC1tI,TransformType.NONLINEAR,a_carotisexterna_l,task_idx_0246,21.704,0.4127961215384895,True,,,2.13,0.867954,0.0,0.0,0.0,1.0,0.0,0.0,0.0,0.0,1023.535859493418,150.0,4.0,0.0,0.0,0.0,0.0,0.0,0.0,0.0,0.0,0.0,0.0,0.0,0.0,0.0,0.0,-0.49829365985427976,-0.540918902457068,-0.3849857488896821,-0.4193777256501814,-0.22104303280458484,-0.2334633207519715,-0.3033490603415556,-0.13762142926714693,-0.055801019861853686
712,rad_5,True,3,820_BQlC1tI,TransformType.NONLINEAR,lymph_node,task_idx_0247,18.14,,True,,,0.61,0.867954,0.0,0.0,188.1701357814252,2.0,0.0,0.0,0.0,0.0,946.322289349956,94.0,16.0,0.0,0.0,0.0,0.0,0.0,0.0,0.0,0.0,0.0,0.0,0.0,0.0,0.0,0.0,-0.34298898438958364,-0.4484102065499209,-0.3849857488896821,-0.4193777256501814,-0.22104303280458484,-0.2334633207519715,-0.32436312656950855,-0.32778236237377356,0.9281190038247096
713,rad_5,True,3,820_BQlC1tI,TransformType.NONLINEAR,recurrence,task_idx_0248,103.137,,,fn,False,,0.867954,0.0,0.0,3262.6413139152423,30.0,51.814974674511376,9.0,353.3241786055864,46.0,10169.686987997911,906.0,5.0,2.0,0.0,2.0,0.0,0.0,0.0,2.0,15.682,0.0,0.0,0.0,0.0,0.0,0.0,2.1945005410485323,2.1418332788501955,-0.054952591787447415,0.5797280325164272,-0.22104303280458484,-0.2334633207519715,2.185822534601645,2.429551167672312,0.026192315445359916
714,rad_5,True,3,6vkfAvGWUPg,TransformType.NONLINEAR,a_vertebralis_r,task_idx_0249,26.647,11.508530722929006,False,,,1.33,0.914718,0.0,0.0,1523.9786923766644,14.0,96.32659102021016,9.0,0.0,0.0,3111.0525477568726,225.0,0.0,2.0,0.0,0.0,0.0,0.0,0.0,0.0,0.0,0.0,0.0,0.0,0.0,0.0,0.0,0.7595096321069588,0.6616941443358432,0.22856215202117602,0.5797280325164272,-0.22104303280458484,-0.2334633207519715,0.26477923443383716,0.11705839185779944,-0.38377436109070806
715,rad_5,True,3,6vkfAvGWUPg,TransformType.NONLINEAR,a_vertebralis_l,task_idx_0250,10.109,0.8310045700385336,True,,,1.04,0.914718,0.0,0.0,0.0,0.0,0.0,0.0,0.0,0.0,260.6584668761974,44.0,0.0,0.0,0.0,0.0,0.0,0.0,0.0,0.0,0.0,0.0,0.0,0.0,0.0,0.0,0.0,-0.49829365985427976,-0.6334275983642149,-0.3849857488896821,-0.4193777256501814,-0.22104303280458484,-0.2334633207519715,-0.5109700267400865,-0.49756890979040447,-0.38377436109070806
716,rad_5,True,3,6vkfAvGWUPg,TransformType.NONLINEAR,a_carotisexterna_r,task_idx_0251,16.104000000000003,4.47459065065134,True,,,4.54,0.914718,0.0,0.0,694.8785341832443,4.0,0.0,0.0,35.16227766016838,14.0,1428.8898095572831,132.0,0.0,0.0,0.0,0.0,0.0,0.0,0.0,0.0,0.0,0.0,0.0,0.0,0.0,0.0,0.0,0.07521862885484808,-0.2633928147356269,-0.3849857488896821,-0.4193777256501814,-0.22104303280458484,-0.2334633207519715,-0.19302991907431735,-0.19874458633713404,-0.38377436109070806
717,rad_5,True,3,6vkfAvGWUPg,TransformType.NONLINEAR,a_carotisexterna_l,task_idx_0252,10.974,4.1478084711140015,True,,,1.31,0.914718,0.0,0.0,1.0,2.0,0.0,0.0,0.0,0.0,279.80971062460617,54.0,0.0,0.0,0.0,0.0,0.0,0.0,0.0,0.0,0.0,0.0,0.0,0.0,0.0,0.0,0.0,-0.49746831807079345,-0.4484102065499209,-0.3849857488896821,-0.4193777256501814,-0.22104303280458484,-0.2334633207519715,-0.5057579182502319,-0.46361160030707826,-0.38377436109070806
718,rad_5,True,3,6vkfAvGWUPg,TransformType.NONLINEAR,lymph_node,task_idx_0253,16.966,,True,,,1.89,0.914718,0.0,0.0,245.86068597342248,9.0,75.32058030152464,10.0,0.0,0.0,288.4182087903278,35.0,0.0,0.0,0.0,0.0,0.0,0.0,0.0,1.0,2.526,0.0,0.0,0.0,0.0,0.0,0.0,-0.295374562803816,0.19915066480010812,0.09476530894327213,0.6907397834238282,-0.22104303280458484,-0.2334633207519715,-0.5034150716464344,-0.528130488325398,-0.38377436109070806
719,rad_5,True,3,6vkfAvGWUPg,TransformType.NONLINEAR,recurrence,task_idx_0254,70.282,,,tn,True,,0.914718,0.0,0.0,1251.3712883834005,18.0,413.403726179477,30.0,0.0,0.0,9126.79816268391,485.0,2.0,1.0,0.0,1.0,0.0,0.0,0.0,1.0,0.0,0.0,0.0,0.0,0.0,0.0,0.0,0.5345153511035947,1.0317289279644313,2.248170742373761,2.9109748015718475,-0.22104303280458484,-0.2334633207519715,1.9019950311871288,0.9999484384242802,-0.21978769047628088
720,rad_6,False,3,hkvdD_XVYqo,TransformType.LINEAR,a_vertebralis_r,task_idx_0039,67.794,1.6791217919091186,True,,,66.2,0.273265,0.0,0.0,266.23152956871195,10.0,100.22724239032756,11.0,204.9243762952568,2.0,1401.3217866833234,247.0,99.0,1.0,0.0,0.0,0.0,1.0,1.0,1.0,1.868,0.0,0.0,0.0,0.0,0.0,0.0,0.048139520551981056,-0.21817990914400195,0.1731280693539729,0.5921018569895905,0.0,0.0,0.19078568651517636,0.4531308924438363,0.35500973919420914
721,rad_6,False,3,hkvdD_XVYqo,TransformType.LINEAR,a_vertebralis_l,task_idx_0040,47.199,3.6887047722465582,True,,,69.97,0.273265,0.0,0.0,967.1976878320448,24.0,285.7694350394914,21.0,0.0,0.0,240.61716311161047,81.0,171.0,0.0,0.0,0.0,0.0,0.0,0.0,0.0,0.0,0.0,0.0,0.0,0.0,0.0,0.0,2.2797720990428942,0.8047286881450865,1.5044280114906234,1.7929844965177741,0.0,0.0,-0.6680485689515718,-0.5184909996424092,1.0932249369410123
722,rad_6,False,3,hkvdD_XVYqo,TransformType.LINEAR,a_carotisexterna_r,task_idx_0041,43.767,1.8413538154645488,True,,,22.53,0.273265,0.0,0.0,389.7672127097353,24.0,168.34637695046763,17.0,0.0,1.0,1603.8056650537012,343.0,18.0,0.0,0.0,0.0,0.0,0.0,0.0,1.0,1.612,0.0,0.0,0.0,0.0,0.0,0.0,0.4414341922757348,0.8047286881450865,0.661895603053386,1.3126314407065007,0.0,0.0,0.3406085504830296,1.0150327095539542,-0.47548235827094437
723,rad_6,False,3,hkvdD_XVYqo,TransformType.LINEAR,a_carotisexterna_l,task_idx_0042,17.183,1.78654555288604,True,,,22.09,0.273265,0.0,0.0,130.51695236090353,10.0,0.0,0.0,0.0,0.0,349.57973327193065,88.0,0.0,0.0,0.0,0.0,0.0,0.0,0.0,0.0,0.0,0.0,0.0,0.0,0.0,0.0,0.0,-0.383928516260843,-0.21817990914400195,-0.5460211445774518,-0.7288690464914115,0.0,0.0,-0.5874244498458723,-0.47751899214479643,-0.6600361577076451
724,rad_6,False,3,hkvdD_XVYqo,TransformType.LINEAR,lymph_node,task_idx_0043,15.781,,True,,,4.39,0.273265,0.0,0.0,62.34596209167884,11.0,0.0,0.0,0.0,0.0,0.0,0.0,28.0,0.0,0.0,0.0,0.0,0.0,0.0,1.0,2.22,0.0,0.0,0.0,0.0,0.0,0.0,-0.6009612517208579,-0.1451150093376385,-0.5460211445774518,-0.7288690464914115,0.0,0.0,-0.8460871999148726,-0.9925956578290711,-0.3729524696949995
725,rad_6,False,3,hkvdD_XVYqo,TransformType.LINEAR,recurrence,task_idx_0044,79.635,,,fp,False,,0.273265,0.0,0.0,148.00693762630138,28.0,33.1245154965971,6.0,0.0,0.0,2131.028871969396,338.0,6.0,1.0,1.0,0.0,0.0,0.0,0.0,2.0,38.618,0.0,0.0,0.0,0.0,0.0,0.0,-0.3282464830336056,1.0969882873705403,-0.3083465491968251,-0.008339462774501299,0.0,0.0,0.730714130473645,0.9857669899128022,-0.5985182245620783
726,rad_6,False,3,2w1vVKUCbcg,TransformType.NONLINEAR,a_vertebralis_r,task_idx_0051,47.555,1.7606292155411671,True,,,1.26,0.832281,0.0,0.0,0.0,0.0,24.748130154266303,9.0,0.0,0.0,783.0342682497813,198.0,105.0,1.0,0.0,0.0,0.0,1.0,0.0,0.0,0.0,0.0,0.0,0.0,0.0,0.0,0.0,-0.7788616942547458,-0.9627772211224292,-0.5269109324260719,-0.04877820963431608,0.0,0.0,-0.07353088296599601,0.2766496593423573,0.5789248549864259
727,rad_6,False,3,2w1vVKUCbcg,TransformType.NONLINEAR,a_vertebralis_l,task_idx_0052,68.119,2.9303543108566905,True,,,4.65,0.832281,0.0,0.0,0.0,0.0,0.0,0.0,0.0,0.0,1132.2859466107586,249.0,191.0,0.0,1.0,0.0,1.0,0.0,0.0,1.0,1.878,0.0,0.0,0.0,0.0,0.0,0.0,-0.7788616942547458,-0.9627772211224292,-0.6206715608743618,-0.7671482060669716,0.0,0.0,0.10569565556755631,0.4976323761370356,1.5961503663587158
728,rad_6,False,3,2w1vVKUCbcg,TransformType.NONLINEAR,a_carotisexterna_r,task_idx_0053,37.325,1.0781280746273476,True,,,0.81,0.832281,0.0,0.0,20.964277455009324,4.0,51.42691035324659,9.0,0.0,0.0,54.18334937356113,18.0,55.0,0.0,1.0,2.0,1.0,0.0,0.0,1.0,3.381,0.0,0.0,0.0,0.0,0.0,0.0,-0.7266610102538222,-0.7029085803696086,-0.42583585394144674,-0.04877820963431608,0.0,0.0,-0.4475575101542233,-0.5032893411094483,-0.012485326043975151
729,rad_6,False,3,2w1vVKUCbcg,TransformType.NONLINEAR,a_carotisexterna_l,task_idx_0054,53.07,9.908495772529056,False,,,5.39,0.832281,0.0,0.0,330.24900488240894,13.0,39.1378400668685,6.0,0.0,0.0,232.2061726206919,79.0,190.0,0.0,1.0,0.0,1.0,0.0,0.0,1.0,2.723,0.0,0.0,0.0,0.0,0.0,0.0,0.04345254874659535,-0.11820413867576217,-0.4723941573734086,-0.2882348751118679,0.0,0.0,-0.35620100031498914,-0.2389766798452253,1.5843221627381077
730,rad_6,False,3,2w1vVKUCbcg,TransformType.NONLINEAR,lymph_node,task_idx_0055,14.405,,True,,,3.8,0.832281,0.0,0.0,513.0430089945003,43.0,0.0,0.0,0.0,0.0,0.0,0.0,17.0,0.0,0.0,0.0,0.0,0.0,0.0,1.0,1.983,0.0,0.0,0.0,0.0,0.0,0.0,0.4986064202022881,1.8308106669703927,-0.6206715608743618,-0.7671482060669716,0.0,0.0,-0.47536294318736205,-0.5812832411546289,-0.4619570636270799
731,rad_6,False,3,2w1vVKUCbcg,TransformType.NONLINEAR,recurrence,task_idx_0056,152.889,,,tp,True,,0.832281,0.0,0.0,251.77281392809323,37.0,91.49973090544424,10.0,0.0,0.0,6022.786814142984,974.0,182.0,0.0,0.0,2.0,0.0,2.0,0.0,3.0,33.312,0.0,0.0,0.0,0.0,0.0,0.0,-0.15195179344424523,1.4410077058411617,-0.27401618856677235,0.031040678858201196,0.0,0.0,2.6153687551974474,3.6390533501790303,1.4896965337732433
732,rad_6,False,3,CSSdmYlgjew,TransformType.LINEAR,a_vertebralis_r,task_idx_0057,55.865,1.0913068782111548,True,,,34.16,0.320553,0.0,0.0,192.5107810632101,8.0,65.14075097939572,8.0,0.0,0.0,611.5162928335162,171.0,100.0,1.0,0.0,1.0,0.0,0.0,0.0,1.0,6.337,0.0,0.0,0.0,0.0,0.0,0.0,-0.18656171592883727,-0.36430970875672886,-0.07862407024413674,0.23183706513113542,0.0,0.0,-0.3936110665422458,0.008291953898326336,0.36526272805180365
733,rad_6,False,3,CSSdmYlgjew,TransformType.LINEAR,a_vertebralis_l,task_idx_0058,66.184,0.8148977466993725,True,,,36.58,0.320553,0.0,0.0,156.11976390988875,11.0,0.0,0.0,0.0,0.0,989.5391278677604,265.0,221.0,0.0,0.0,0.0,0.0,0.0,0.0,1.0,1.808,0.0,0.0,0.0,0.0,0.0,0.0,-0.30241806432228535,-0.1451150093376385,-0.5460211445774518,-0.7288690464914115,0.0,0.0,-0.11390255717400882,0.5584874831519834,1.6058743798207367
734,rad_6,False,3,CSSdmYlgjew,TransformType.LINEAR,a_carotisexterna_r,task_idx_0059,32.103,2.0960796751872803,True,,,13.13,0.320553,0.0,0.0,545.6970139312183,38.0,0.0,0.0,0.0,0.0,1669.8116580642345,231.0,0.0,0.0,0.0,0.0,0.0,0.0,0.0,0.0,0.0,0.0,0.0,0.0,0.0,0.0,0.0,0.9378604751445124,1.8276372854341747,-0.5460211445774518,-0.7288690464914115,0.0,0.0,0.3894480284279905,0.35948058959215,-0.6600361577076451
735,rad_6,False,3,CSSdmYlgjew,TransformType.LINEAR,a_carotisexterna_l,task_idx_0060,46.581,0.7843396147349354,True,,,13.33,0.320553,0.0,0.0,0.0,0.0,0.0,0.0,0.0,0.0,3383.0182044574203,364.0,9.0,0.0,0.0,0.0,0.0,0.0,0.0,1.0,1.843,0.0,0.0,0.0,0.0,0.0,0.0,-0.7994491223562353,-0.9488289072076365,-0.5460211445774518,-0.7288690464914115,0.0,0.0,1.657092215288115,1.1379487320467925,-0.5677592579892947
736,rad_6,False,3,CSSdmYlgjew,TransformType.LINEAR,lymph_node,task_idx_0061,19.136,,True,,,6.26,0.320553,0.0,0.0,0.0,0.0,0.0,0.0,0.0,0.0,0.0,0.0,59.0,0.0,0.0,0.0,0.0,0.0,0.0,1.0,2.67,0.0,0.0,0.0,0.0,0.0,0.0,-0.7994491223562353,-0.9488289072076365,-0.5460211445774518,-0.7288690464914115,0.0,0.0,-0.8460871999148726,-0.9925956578290711,-0.05510981510957037
737,rad_6,False,3,CSSdmYlgjew,TransformType.LINEAR,recurrence,task_idx_0062,52.241,,,tn,True,,0.320553,0.0,0.0,0.0,0.0,69.76493722385084,20.0,0.0,0.0,3212.1733926380834,435.0,1.0,0.0,1.0,1.0,0.0,0.0,0.0,1.0,11.713,0.0,0.0,0.0,0.0,0.0,0.0,-0.7994491223562353,-0.9488289072076365,-0.04544466888116629,1.6728962325649557,0.0,0.0,1.5306798845542986,1.5535219509511504,-0.6497831688500507
738,rad_6,False,3,WeMcC01ZNgY,TransformType.LINEAR,a_vertebralis_r,task_idx_0069,55.429,3.324341418312839,True,,,29.65,0.552088,0.0,0.0,0.0,0.0,0.0,0.0,0.0,0.0,331.3931458375238,112.0,89.0,0.0,0.0,2.0,0.0,0.0,0.0,1.0,2.212,0.0,0.0,0.0,0.0,0.0,0.0,-0.7994491223562353,-0.9488289072076365,-0.5460211445774518,-0.7288690464914115,0.0,0.0,-0.6008811587806969,-0.33704353786726693,0.2524798506182643
739,rad_6,False,3,WeMcC01ZNgY,TransformType.LINEAR,a_vertebralis_l,task_idx_0070,71.623,3.1090196623300064,True,,,37.75,0.552088,0.0,0.0,24.04536101718726,5.0,0.0,0.0,0.0,0.0,795.6185691939983,109.0,215.0,0.0,1.0,1.0,0.0,0.0,0.0,1.0,2.833,0.0,0.0,0.0,0.0,0.0,0.0,-0.7228970515109381,-0.5835044081758193,-0.5460211445774518,-0.7288690464914115,0.0,0.0,-0.2573892076499785,-0.35460296965195814,1.5443564466751698
740,rad_6,False,3,WeMcC01ZNgY,TransformType.LINEAR,a_carotisexterna_r,task_idx_0071,33.991,0.5267564434198613,True,,,8.11,0.552088,0.0,0.0,359.5943221591394,17.0,345.9435749063269,24.0,0.0,0.0,2000.5468181168285,222.0,22.0,0.0,0.0,0.0,0.0,0.0,0.0,0.0,0.0,0.0,0.0,0.0,0.0,0.0,0.0,0.34537419744406606,0.29327438950054224,1.9361887219739695,2.1532492883762293,0.0,0.0,0.6341672094943833,0.3068022942380765,-0.4344704028405664
741,rad_6,False,3,WeMcC01ZNgY,TransformType.LINEAR,a_carotisexterna_l,task_idx_0072,40.204,0.9772956537314298,True,,,3.4,0.552088,0.0,0.0,235.19875457023855,14.0,0.0,0.0,2451.200151655328,181.0,1729.2431868759218,309.0,17.0,0.0,0.0,0.0,0.0,0.0,0.0,1.0,2.001,0.0,0.0,0.0,0.0,0.0,0.0,-0.050658047449233176,0.07407969008145186,-0.5460211445774518,-0.7288690464914115,0.0,0.0,0.43342289659140865,0.8160258159941208,-0.4857353471285389
742,rad_6,False,3,WeMcC01ZNgY,TransformType.LINEAR,lymph_node,task_idx_0073,17.799,,True,,,1.64,0.552088,0.0,0.0,145.1489872523655,11.0,0.0,0.0,0.0,0.0,0.0,0.0,40.0,0.0,0.0,0.0,0.0,0.0,0.0,1.0,1.867,0.0,0.0,0.0,0.0,0.0,0.0,-0.33734520354528774,-0.1451150093376385,-0.5460211445774518,-0.7288690464914115,0.0,0.0,-0.8460871999148726,-0.9925956578290711,-0.24991660340386565
743,rad_6,False,3,WeMcC01ZNgY,TransformType.LINEAR,recurrence,task_idx_0074,111.876,,,fn,False,,0.552088,0.0,0.0,275.8672929803108,17.0,0.0,0.0,8317.9978970003,247.0,7047.493808348646,756.0,37.0,1.0,1.0,2.0,0.0,0.0,2.0,2.0,3.874,0.0,0.0,0.0,0.0,0.0,0.0,0.0788164416764336,0.29327438950054224,-0.5460211445774518,-0.7288690464914115,0.0,0.0,4.368528969334557,3.432381151913107,-0.2806755699766491
744,rad_6,False,3,g-chOlbtzBQ,TransformType.LINEAR,a_vertebralis_r,task_idx_0087,43.154,0.8307897977647885,True,,,14.45,0.676579,0.0,0.0,0.0,1.0,0.0,0.0,0.0,0.0,0.0,0.0,156.0,1.0,0.0,1.0,0.0,0.0,0.0,1.0,2.369,0.0,0.0,0.0,0.0,0.0,0.0,-0.7994491223562353,-0.875764007401273,-0.5460211445774518,-0.7288690464914115,0.0,0.0,-0.8460871999148726,-0.9925956578290711,0.9394301040770949
745,rad_6,False,3,g-chOlbtzBQ,TransformType.LINEAR,a_vertebralis_l,task_idx_0088,40.406,10.5466848520555,False,,,12.73,0.676579,0.0,0.0,0.0,0.0,0.0,0.0,0.0,0.0,0.0,0.0,329.0,0.0,0.0,0.0,0.0,0.0,0.0,0.0,0.0,0.0,0.0,0.0,0.0,0.0,0.0,-0.7994491223562353,-0.9488289072076365,-0.5460211445774518,-0.7288690464914115,0.0,0.0,-0.8460871999148726,-0.9925956578290711,2.7131971764409415
746,rad_6,False,3,g-chOlbtzBQ,TransformType.LINEAR,a_carotisexterna_r,task_idx_0089,69.11200000000001,2.150001916748379,True,,,2.73,0.676579,0.0,0.0,1289.6409415958285,39.0,44.180789832380974,10.0,36.0,14.0,4615.114978135692,706.0,12.0,0.0,0.0,0.0,0.0,0.0,0.0,0.0,0.0,0.0,0.0,0.0,0.0,0.0,0.0,3.306319331503649,1.9007021852405384,-0.22901571251048639,0.47201359303677215,0.0,0.0,2.5687513004641316,3.1397239555015872,-0.5370002914165113
747,rad_6,False,3,g-chOlbtzBQ,TransformType.LINEAR,a_carotisexterna_l,task_idx_0090,50.255,2.3722923386203765,True,,,4.01,0.676579,0.0,0.0,139.24403927921497,6.0,0.0,0.0,0.0,0.0,1426.3864147285128,228.0,43.0,0.0,0.0,0.0,0.0,0.0,0.0,0.0,0.0,0.0,0.0,0.0,0.0,0.0,0.0,-0.35614450521746077,-0.5104395083694557,-0.5460211445774518,-0.7288690464914115,0.0,0.0,0.20933162897855734,0.34192115780745885,-0.21915763683108216
748,rad_6,False,3,g-chOlbtzBQ,TransformType.LINEAR,lymph_node,task_idx_0091,67.393,,True,,,4.11,0.676579,0.0,0.0,0.0,1.0,0.0,0.0,0.0,0.0,3551.062664058325,478.0,187.0,0.0,0.0,0.0,0.0,0.0,0.0,0.0,0.0,0.0,0.0,0.0,0.0,0.0,0.0,-0.7994491223562353,-0.875764007401273,-0.5460211445774518,-0.7288690464914115,0.0,0.0,1.7814324956796475,1.8052071398650573,1.257272758662524
749,rad_6,False,3,g-chOlbtzBQ,TransformType.LINEAR,recurrence,task_idx_0092,61.608,,,fp,False,,0.676579,0.0,0.0,394.49742396919953,35.0,40.0,10.0,0.0,0.0,2469.5826064441044,501.0,0.0,0.0,0.0,0.0,0.0,0.0,0.0,0.0,0.0,0.0,0.0,0.0,0.0,0.0,0.0,0.4564935406127758,1.6084425860150844,-0.259013661669461,0.47201359303677215,0.0,0.0,0.9812184694572736,1.9398294502143565,-0.6600361577076451
750,rad_6,False,3,7IZ0hAktN78,TransformType.NONLINEAR,a_vertebralis_r,task_idx_0093,35.399,3.549471434922514,True,,,1.16,0.893542,0.0,0.0,0.0,0.0,0.0,0.0,0.0,0.0,1066.309608514032,229.0,44.0,0.0,0.0,0.0,0.0,0.0,0.0,1.0,1.891,0.0,0.0,0.0,0.0,0.0,0.0,-0.7788616942547458,-0.9627772211224292,-0.6206715608743618,-0.7671482060669716,0.0,0.0,0.07183837889622154,0.41097248719794605,-0.14259556587066338
751,rad_6,False,3,7IZ0hAktN78,TransformType.NONLINEAR,a_vertebralis_l,task_idx_0094,36.366,2.499826554830608,True,,,2.1,0.893542,0.0,0.0,0.0,0.0,0.0,0.0,0.0,0.0,0.0,0.0,237.0,0.0,0.0,0.0,0.0,0.0,0.0,1.0,1.823,0.0,0.0,0.0,0.0,0.0,0.0,-0.7788616942547458,-0.9627772211224292,-0.6206715608743618,-0.7671482060669716,0.0,0.0,-0.47536294318736205,-0.5812832411546289,2.1402477329066847
752,rad_6,False,3,7IZ0hAktN78,TransformType.NONLINEAR,a_carotisexterna_r,task_idx_0095,18.266,0.673548726899163,True,,,4.12,0.893542,0.0,0.0,0.0,0.0,0.0,0.0,0.0,0.0,0.0,0.0,56.0,0.0,0.0,0.0,0.0,0.0,0.0,1.0,1.592,0.0,0.0,0.0,0.0,0.0,0.0,-0.7788616942547458,-0.9627772211224292,-0.6206715608743618,-0.7671482060669716,0.0,0.0,-0.47536294318736205,-0.5812832411546289,-0.0006571224233671309
753,rad_6,False,3,7IZ0hAktN78,TransformType.NONLINEAR,a_carotisexterna_l,task_idx_0096,40.083,2.005214758128524,True,,,2.95,0.893542,0.0,0.0,0.0,0.0,0.0,0.0,0.0,0.0,0.0,0.0,215.0,0.0,0.0,0.0,0.0,0.0,0.0,1.0,1.669,0.0,0.0,0.0,0.0,0.0,0.0,-0.7788616942547458,-0.9627772211224292,-0.6206715608743618,-0.7671482060669716,0.0,0.0,-0.47536294318736205,-0.5812832411546289,1.8800272532533082
754,rad_6,False,3,7IZ0hAktN78,TransformType.NONLINEAR,lymph_node,task_idx_0097,36.359,,True,,,2.57,0.893542,0.0,0.0,0.0,0.0,0.0,0.0,0.0,0.0,916.51131743395,146.0,138.0,0.0,0.0,0.0,0.0,0.0,0.0,0.0,0.0,0.0,0.0,0.0,0.0,0.0,0.0,-0.7788616942547458,-0.9627772211224292,-0.6206715608743618,-0.7671482060669716,0.0,0.0,-0.005034062532035304,0.05133394810072458,0.9692555744664905
755,rad_6,False,3,7IZ0hAktN78,TransformType.NONLINEAR,recurrence,task_idx_0098,60.186,,,tn,True,,0.893542,0.0,0.0,1106.8427858811233,40.0,384.6047602590982,21.0,0.0,0.0,4358.431660070029,625.0,38.0,0.0,0.0,0.0,0.0,0.0,0.0,0.0,0.0,0.0,0.0,0.0,0.0,0.0,0.0,1.9771574735165989,1.635909186405777,0.836439897701043,0.9090484522758913,0.0,0.0,1.7612665943864645,2.1268382881919186,-0.2135647875943115
756,rad_6,False,3,7SwVHAAw5lM,TransformType.NONLINEAR,a_vertebralis_r,task_idx_0099,20.973,0.7969488801533741,True,,,0.91,0.881468,0.0,0.0,154.52626430253002,7.0,447.5742887990976,37.0,0.0,0.0,0.0,0.0,30.0,0.0,0.0,0.0,0.0,0.0,0.0,1.0,1.605,0.0,0.0,0.0,0.0,0.0,0.0,-0.39409400025668095,-0.5080070998049931,1.0750059037871664,2.1861506681561678,0.0,0.0,-0.47536294318736205,-0.5812832411546289,-0.3081904165591757
757,rad_6,False,3,7SwVHAAw5lM,TransformType.NONLINEAR,a_vertebralis_l,task_idx_0100,6.668,1.2703229101904498,True,,,1.39,0.881468,0.0,0.0,0.0,0.0,0.0,0.0,0.0,0.0,0.0,0.0,1.0,0.0,0.0,0.0,0.0,0.0,0.0,1.0,1.634,0.0,0.0,0.0,0.0,0.0,0.0,-0.7788616942547458,-0.9627772211224292,-0.6206715608743618,-0.7671482060669716,0.0,0.0,-0.47536294318736205,-0.5812832411546289,-0.6512083215568082
758,rad_6,False,3,7SwVHAAw5lM,TransformType.NONLINEAR,a_carotisexterna_r,task_idx_0101,6.752,1.3434049240912938,True,,,0.84,0.881468,0.0,0.0,0.0,0.0,0.0,0.0,0.0,0.0,0.0,0.0,1.0,0.0,0.0,0.0,0.0,0.0,0.0,1.0,1.619,0.0,0.0,0.0,0.0,0.0,0.0,-0.7788616942547458,-0.9627772211224292,-0.6206715608743618,-0.7671482060669716,0.0,0.0,-0.47536294318736205,-0.5812832411546289,-0.6512083215568082
759,rad_6,False,3,7SwVHAAw5lM,TransformType.NONLINEAR,a_carotisexterna_l,task_idx_0102,37.643,1.7440351552305022,True,,,10.01,0.881468,0.0,0.0,562.4964986266982,21.0,0.0,0.0,2357.8883464162536,208.0,398.6419636698856,49.0,69.0,0.0,0.0,0.0,0.0,0.0,0.0,3.0,7.824,0.0,0.0,0.0,0.0,0.0,0.0,0.6217447439806004,0.40153314282987906,-0.6206715608743618,-0.7671482060669716,0.0,0.0,-0.2707906427819055,-0.36896651325385954,0.15310952464453711
760,rad_6,False,3,7SwVHAAw5lM,TransformType.NONLINEAR,lymph_node,task_idx_0103,15.741,,True,,,2.92,0.881468,0.0,0.0,1044.764689505919,41.0,0.0,0.0,0.0,0.0,0.0,0.0,21.0,0.0,0.0,0.0,0.0,0.0,0.0,1.0,1.86,0.0,0.0,0.0,0.0,0.0,0.0,1.8225840998711071,1.7008763465939825,-0.6206715608743618,-0.7671482060669716,0.0,0.0,-0.47536294318736205,-0.5812832411546289,-0.4146442491446478
761,rad_6,False,3,7SwVHAAw5lM,TransformType.NONLINEAR,recurrence,task_idx_0104,59.751,,,tn,True,,0.881468,0.0,0.0,54.02712545673091,8.0,0.0,0.0,0.0,0.0,2811.3274887056864,388.0,1.0,0.0,0.0,0.0,0.0,0.0,0.0,2.0,1.741,0.0,0.0,0.0,0.0,0.0,0.0,-0.6443350973091795,-0.44303993961678795,-0.6206715608743618,-0.7671482060669716,0.0,0.0,0.9673344744730439,1.0999186042637077,-0.6512083215568082
762,rad_6,False,3,aBQe2EfmXv8,TransformType.NONLINEAR,a_vertebralis_r,task_idx_0111,40.717,1.135254317143758,True,,,5.41,0.834116,0.0,0.0,0.0,1.0,15.219544457292889,4.0,0.0,0.0,762.3921243084762,183.0,31.0,0.0,1.0,0.0,0.0,0.0,0.0,1.0,1.538,0.0,0.0,0.0,0.0,0.0,0.0,-0.7788616942547458,-0.8978100609342241,-0.5630108792746866,-0.44787265209690247,0.0,0.0,-0.08412387431216108,0.21165474263804018,-0.2963622129385676
763,rad_6,False,3,aBQe2EfmXv8,TransformType.NONLINEAR,a_vertebralis_l,task_idx_0112,32.482,0.8022335544008573,True,,,5.3,0.834116,0.0,0.0,75.43188962839898,6.0,36.09605220636627,6.0,0.0,0.0,536.7878940313033,129.0,8.0,0.0,0.0,0.0,0.0,0.0,0.0,1.0,2.055,0.0,0.0,0.0,0.0,0.0,0.0,-0.5910376090920242,-0.5729742599931983,-0.4839182579672429,-0.2882348751118679,0.0,0.0,-0.19989787849407475,-0.022326957497501507,-0.568410896212552
764,rad_6,False,3,aBQe2EfmXv8,TransformType.NONLINEAR,a_carotisexterna_r,task_idx_0113,13.959,1.2410530280151737,True,,,0.11,0.834116,0.0,0.0,0.0,0.0,0.0,0.0,0.0,0.0,159.1780966625275,41.0,1.0,0.0,0.0,0.0,0.0,0.0,0.0,1.0,1.731,0.0,0.0,0.0,0.0,0.0,0.0,-0.7788616942547458,-0.9627772211224292,-0.6206715608743618,-0.7671482060669716,0.0,0.0,-0.39367703860110764,-0.4036304688294954,-0.6512083215568082
765,rad_6,False,3,aBQe2EfmXv8,TransformType.NONLINEAR,a_carotisexterna_l,task_idx_0114,9.669,3.3593986735795607,True,,,2.01,0.834116,0.0,0.0,0.0,0.0,0.0,0.0,0.0,0.0,0.0,0.0,1.0,0.0,0.0,0.0,0.0,0.0,0.0,1.0,1.785,0.0,0.0,0.0,0.0,0.0,0.0,-0.7788616942547458,-0.9627772211224292,-0.6206715608743618,-0.7671482060669716,0.0,0.0,-0.47536294318736205,-0.5812832411546289,-0.6512083215568082
766,rad_6,False,3,aBQe2EfmXv8,TransformType.NONLINEAR,lymph_node,task_idx_0115,12.751,,True,,,3.43,0.834116,0.0,0.0,0.0,0.0,0.0,0.0,0.0,0.0,0.0,0.0,1.0,0.0,0.0,0.0,0.0,0.0,0.0,1.0,1.995,0.0,0.0,0.0,0.0,0.0,0.0,-0.7788616942547458,-0.9627772211224292,-0.6206715608743618,-0.7671482060669716,0.0,0.0,-0.47536294318736205,-0.5812832411546289,-0.6512083215568082
767,rad_6,False,3,aBQe2EfmXv8,TransformType.NONLINEAR,recurrence,task_idx_0116,121.434,,,tp,True,,0.834116,0.0,0.0,319.29803996741686,25.0,66.31379908459918,10.0,0.0,0.0,8590.894443551291,669.0,101.0,1.0,0.0,1.0,0.0,0.0,0.0,4.0,41.477,0.0,0.0,0.0,0.0,0.0,0.0,0.016184837743461817,0.6614017835826997,-0.36943546997745813,0.031040678858201196,0.0,0.0,3.9332523031319875,2.317490043857915,0.5316120405039938
768,rad_6,False,3,2pO8AtRxHAg,TransformType.NONLINEAR,a_vertebralis_r,task_idx_0117,57.1,10.656272574812416,False,,,7.67,0.887799,0.0,0.0,171.92809853932337,11.0,137.2769022968038,15.0,0.0,0.0,112.9210338566244,40.0,109.0,0.0,0.0,2.0,0.0,0.0,0.0,2.0,3.38,0.0,0.0,0.0,0.0,0.0,0.0,-0.35076373752853496,-0.2481384590521725,-0.10058505128551631,0.4301351213207876,0.0,0.0,-0.41741491521873214,-0.40796346327644983,0.626237669468858
769,rad_6,False,3,2pO8AtRxHAg,TransformType.NONLINEAR,a_vertebralis_l,task_idx_0118,29.066,1.8128923540203157,True,,,2.71,0.887799,0.0,0.0,258.2130509984655,30.0,0.0,0.0,0.0,0.0,269.87315568670505,101.0,7.0,0.0,0.0,0.0,0.0,0.0,0.0,1.0,3.646,0.0,0.0,0.0,0.0,0.0,0.0,-0.13591571583923304,0.9862375845237255,-0.6206715608743618,-0.7671482060669716,0.0,0.0,-0.33687132085974575,-0.14365080201222682,-0.5802390998331601
770,rad_6,False,3,2pO8AtRxHAg,TransformType.NONLINEAR,a_carotisexterna_r,task_idx_0119,32.566,1.7386052754501076,True,,,1.68,0.887799,0.0,0.0,1310.5502929335396,44.0,604.2137185761254,22.0,0.0,0.0,393.3435950025067,101.0,19.0,1.0,0.0,0.0,1.0,0.0,0.0,1.0,1.8,0.0,0.0,0.0,0.0,0.0,0.0,2.484385601320174,1.8957778271585979,1.668449177445726,0.9888673407684085,0.0,0.0,-0.273509622632154,-0.14365080201222682,-0.43830065638586385
771,rad_6,False,3,2pO8AtRxHAg,TransformType.NONLINEAR,a_carotisexterna_l,task_idx_0120,16.16,1.9281744073805296,True,,,1.69,0.887799,0.0,0.0,1333.937642164683,37.0,764.0561276984797,41.0,0.0,0.0,73.4006841600886,24.0,1.0,0.0,0.0,0.0,0.0,0.0,0.0,1.0,1.715,0.0,0.0,0.0,0.0,0.0,0.0,2.5426196916413955,1.4410077058411617,2.2740272408622477,2.505426222126237,0.0,0.0,-0.4376956924249757,-0.47729137442772146,-0.6512083215568082
772,rad_6,False,3,2pO8AtRxHAg,TransformType.NONLINEAR,lymph_node,task_idx_0121,6.574,,True,,,1.4,0.887799,0.0,0.0,0.0,0.0,0.0,0.0,0.0,0.0,0.0,0.0,1.0,0.0,0.0,0.0,0.0,0.0,0.0,1.0,1.73,0.0,0.0,0.0,0.0,0.0,0.0,-0.7788616942547458,-0.9627772211224292,-0.6206715608743618,-0.7671482060669716,0.0,0.0,-0.47536294318736205,-0.5812832411546289,-0.6512083215568082
773,rad_6,False,3,2pO8AtRxHAg,TransformType.NONLINEAR,recurrence,task_idx_0122,91.975,,,tp,True,,0.887799,0.0,0.0,1408.3575405007437,44.0,422.83408733686895,30.0,0.0,0.0,2074.0292627650656,222.0,52.0,0.0,1.0,0.0,0.0,2.0,1.0,2.0,39.035,0.0,0.0,0.0,0.0,0.0,0.0,2.727923936195424,1.8957778271585979,0.9812753139374935,1.6274184487085468,0.0,0.0,0.5889729172074937,0.3806415260692647,-0.04796993690579921
774,rad_6,False,3,6WB8wP4uAl0,TransformType.NONLINEAR,a_vertebralis_r,task_idx_0123,25.16,27.68431337501074,False,,,2.22,0.89847,0.0,0.0,0.0,0.0,0.0,0.0,0.0,0.0,0.0,0.0,28.0,1.0,0.0,0.0,0.0,1.0,0.0,1.0,1.912,0.0,0.0,0.0,0.0,0.0,0.0,-0.7788616942547458,-0.9627772211224292,-0.6206715608743618,-0.7671482060669716,0.0,0.0,-0.47536294318736205,-0.5812832411546289,-0.3318468238003917
775,rad_6,False,3,6WB8wP4uAl0,TransformType.NONLINEAR,a_vertebralis_l,task_idx_0124,6.47,0.9750461634518144,True,,,1.55,0.89847,0.0,0.0,0.0,0.0,0.0,0.0,0.0,0.0,0.0,0.0,1.0,0.0,0.0,0.0,0.0,0.0,0.0,1.0,1.7029999999999998,0.0,0.0,0.0,0.0,0.0,0.0,-0.7788616942547458,-0.9627772211224292,-0.6206715608743618,-0.7671482060669716,0.0,0.0,-0.47536294318736205,-0.5812832411546289,-0.6512083215568082
776,rad_6,False,3,6WB8wP4uAl0,TransformType.NONLINEAR,a_carotisexterna_r,task_idx_0125,17.991,0.9763168580420862,True,,,0.35,0.89847,0.0,0.0,68.3730495459279,9.0,51.15294643796591,8.0,0.0,0.0,349.6883192417671,87.0,6.0,0.0,0.0,0.0,0.0,0.0,0.0,1.0,1.6800000000000002,0.0,0.0,0.0,0.0,0.0,0.0,-0.6086139973719876,-0.3780727794285828,-0.4268737921092498,-0.12859709812683337,0.0,0.0,-0.29591233233434816,-0.2043127242695895,-0.5920673034537681
777,rad_6,False,3,6WB8wP4uAl0,TransformType.NONLINEAR,a_carotisexterna_l,task_idx_0126,19.923,2.9663002335273205,True,,,2.61,0.89847,0.0,0.0,77.56711500269073,13.0,0.0,0.0,0.0,0.0,0.0,0.0,4.0,0.0,0.0,0.0,0.0,0.0,0.0,1.0,6.593,0.0,0.0,0.0,0.0,0.0,0.0,-0.5857209352751775,-0.11820413867576217,-0.6206715608743618,-0.7671482060669716,0.0,0.0,-0.47536294318736205,-0.5812832411546289,-0.6157237106949842
778,rad_6,False,3,6WB8wP4uAl0,TransformType.NONLINEAR,lymph_node,task_idx_0127,7.753,,True,,,1.86,0.89847,0.0,0.0,203.8144630426809,12.0,0.0,0.0,0.0,0.0,0.0,0.0,1.0,0.0,0.0,0.0,0.0,0.0,0.0,1.0,1.818,0.0,0.0,0.0,0.0,0.0,0.0,-0.27136724790707617,-0.18317129886396732,-0.6206715608743618,-0.7671482060669716,0.0,0.0,-0.47536294318736205,-0.5812832411546289,-0.6512083215568082
779,rad_6,False,3,6WB8wP4uAl0,TransformType.NONLINEAR,recurrence,task_idx_0128,77.506,,,tn,True,,0.89847,0.0,0.0,762.2211067144691,63.0,81.46349337061176,15.0,0.0,0.0,902.454732345122,224.0,123.0,1.0,0.0,0.0,0.0,0.0,0.0,3.0,36.508,0.0,0.0,0.0,0.0,0.0,0.0,1.1190555230605077,3.130153870734496,-0.3120394223487391,0.4301351213207876,0.0,0.0,-0.012247522753317601,0.3893075149631737,0.7918325201573702
780,rad_6,False,3,F-JlS0Cl1K0,TransformType.LINEAR,a_vertebralis_r,task_idx_0129,14.721,13.567282022606816,False,,,15.54,0.600162,0.0,0.0,0.0,0.0,0.0,0.0,0.0,0.0,0.0,0.0,6.0,0.0,1.0,0.0,0.0,0.0,0.0,1.0,4.185,0.0,0.0,0.0,0.0,0.0,0.0,-0.7994491223562353,-0.9488289072076365,-0.5460211445774518,-0.7288690464914115,0.0,0.0,-0.8460871999148726,-0.9925956578290711,-0.5985182245620783
781,rad_6,False,3,F-JlS0Cl1K0,TransformType.LINEAR,a_vertebralis_l,task_idx_0130,44.528,1.5086108500911064,True,,,16.51,0.600162,0.0,0.0,0.0,0.0,0.0,0.0,0.0,0.0,0.0,0.0,183.0,0.0,0.0,0.0,0.0,0.0,0.0,2.0,4.02,0.0,0.0,0.0,0.0,0.0,0.0,-0.7994491223562353,-0.9488289072076365,-0.5460211445774518,-0.7288690464914115,0.0,0.0,-0.8460871999148726,-0.9925956578290711,1.216260803232146
782,rad_6,False,3,F-JlS0Cl1K0,TransformType.LINEAR,a_carotisexterna_r,task_idx_0131,5.91,1.120130966704072,True,,,1.5,0.600162,0.0,0.0,0.0,0.0,0.0,0.0,0.0,0.0,0.0,0.0,1.0,0.0,0.0,0.0,0.0,0.0,0.0,1.0,2.129,0.0,0.0,0.0,0.0,0.0,0.0,-0.7994491223562353,-0.9488289072076365,-0.5460211445774518,-0.7288690464914115,0.0,0.0,-0.8460871999148726,-0.9925956578290711,-0.6497831688500507
783,rad_6,False,3,F-JlS0Cl1K0,TransformType.LINEAR,a_carotisexterna_l,task_idx_0132,13.021,1.5792440344945051,True,,,2.93,0.600162,0.0,0.0,0.0,0.0,0.0,0.0,0.0,0.0,0.0,0.0,7.0,0.0,0.0,0.0,0.0,0.0,0.0,1.0,1.941,0.0,0.0,0.0,0.0,0.0,0.0,-0.7994491223562353,-0.9488289072076365,-0.5460211445774518,-0.7288690464914115,0.0,0.0,-0.8460871999148726,-0.9925956578290711,-0.5882652357044837
784,rad_6,False,3,F-JlS0Cl1K0,TransformType.LINEAR,lymph_node,task_idx_0133,13.483,,True,,,0.95,0.600162,0.0,0.0,178.52911863279283,11.0,67.27746193456301,11.0,0.0,0.0,0.0,0.0,1.0,0.0,0.0,0.0,0.0,0.0,0.0,1.0,2.202,0.0,0.0,0.0,0.0,0.0,0.0,-0.23107446881049626,-0.1451150093376385,-0.06329276942052445,0.5921018569895905,0.0,0.0,-0.8460871999148726,-0.9925956578290711,-0.6497831688500507
785,rad_6,False,3,F-JlS0Cl1K0,TransformType.LINEAR,recurrence,task_idx_0134,93.491,,,tn,True,,0.600162,0.0,0.0,1261.1253133939813,73.0,128.45451459745578,19.0,0.0,0.0,2044.6642618567896,282.0,82.0,3.0,0.0,1.0,0.0,0.0,0.0,4.0,55.86099999999999,0.0,0.0,0.0,0.0,0.0,0.0,3.2155354838938908,4.384908778656896,0.37566402799213683,1.5528079686121374,0.0,0.0,0.6668108047537112,0.6579909299319001,0.18070892861510285
786,rad_6,False,3,I307KZkh1VM,TransformType.LINEAR,a_vertebralis_r,task_idx_0135,67.889,4.601431244441702,True,,,20.13,0.492306,0.0,0.0,56.522422564691,7.0,0.0,0.0,0.0,0.0,0.0,0.0,251.0,1.0,1.0,1.0,0.0,0.0,1.0,3.0,5.989,0.0,0.0,0.0,0.0,0.0,0.0,-0.6195013771996023,-0.43737460856309235,-0.5460211445774518,-0.7288690464914115,0.0,0.0,-0.8460871999148726,-0.9925956578290711,1.9134640455485712
787,rad_6,False,3,I307KZkh1VM,TransformType.LINEAR,a_vertebralis_l,task_idx_0136,28.388,4.527094512660155,True,,,12.94,0.492306,0.0,0.0,0.0,0.0,0.0,0.0,0.0,0.0,0.0,0.0,83.0,0.0,0.0,0.0,0.0,0.0,0.0,1.0,1.95,0.0,0.0,0.0,0.0,0.0,0.0,-0.7994491223562353,-0.9488289072076365,-0.5460211445774518,-0.7288690464914115,0.0,0.0,-0.8460871999148726,-0.9925956578290711,0.19096191747269733
788,rad_6,False,3,I307KZkh1VM,TransformType.LINEAR,a_carotisexterna_r,task_idx_0137,29.546,0.6599359900652909,True,,,10.82,0.492306,0.0,0.0,20.661573322217134,6.0,43.01514803843836,6.0,0.0,0.0,240.9272992559025,59.0,38.0,0.0,1.0,0.0,0.0,0.0,1.0,1.0,2.472,0.0,0.0,0.0,0.0,0.0,0.0,-0.7336698552615512,-0.5104395083694557,-0.23737941044178199,-0.008339462774501299,0.0,0.0,-0.6678190914952343,-0.6472601660634778,-0.2704225811190546
789,rad_6,False,3,I307KZkh1VM,TransformType.LINEAR,a_carotisexterna_l,task_idx_0138,19.893,1.504028988213422,True,,,6.4,0.492306,0.0,0.0,163.26514832148283,9.0,0.0,0.0,0.0,0.0,187.46878573413443,62.0,12.0,0.0,0.0,0.0,0.0,0.0,0.0,1.0,1.6720000000000002,0.0,0.0,0.0,0.0,0.0,0.0,-0.27966964422985047,-0.2912448089503654,-0.5460211445774518,-0.7288690464914115,0.0,0.0,-0.7073743769024267,-0.6297007342787867,-0.5370002914165113
790,rad_6,False,3,I307KZkh1VM,TransformType.LINEAR,lymph_node,task_idx_0139,31.824,,True,,,7.4,0.492306,0.0,0.0,102.38472205368645,9.0,0.0,0.0,0.0,0.0,241.5584241555609,71.0,106.0,0.0,0.0,0.0,0.0,0.0,0.0,1.0,1.6949999999999998,0.0,0.0,0.0,0.0,0.0,0.0,-0.473491758250637,-0.2912448089503654,-0.5460211445774518,-0.7288690464914115,0.0,0.0,-0.6673521064653679,-0.5770224389247132,0.42678066119737057
791,rad_6,False,3,I307KZkh1VM,TransformType.LINEAR,recurrence,task_idx_0140,122.281,,,tn,True,,0.492306,0.0,0.0,88.78200781343254,16.0,52.90429394330629,10.0,0.0,1.0,3169.876642068248,474.0,2.0,1.0,1.0,2.0,0.0,2.0,0.0,4.0,25.482,0.0,0.0,0.0,0.0,0.0,0.0,-0.5167980718245497,0.22020948969417878,-0.16642293858513174,0.47201359303677215,0.0,0.0,1.49938346551142,1.7817945641521358,-0.6395301799924562
792,rad_6,False,3,yYcNJD5knnY,TransformType.LINEAR,a_vertebralis_r,task_idx_0141,36.037,2.1182680374669443,True,,,19.17,0.649704,0.0,0.0,411.5048921584944,23.0,372.7452725295037,26.0,0.0,0.0,645.0847649100731,165.0,7.0,0.0,0.0,0.0,0.0,0.0,0.0,1.0,1.6800000000000002,0.0,0.0,0.0,0.0,0.0,0.0,0.5106394072019869,0.7316637883387229,2.1284959162861963,2.3934258162818662,0.0,0.0,-0.3687729181127933,-0.02682690967105603,-0.5882652357044837
793,rad_6,False,3,yYcNJD5knnY,TransformType.LINEAR,a_vertebralis_l,task_idx_0142,19.008,1.2194122018944369,True,,,17.27,0.649704,0.0,0.0,725.4962034476243,19.0,0.0,0.0,0.0,0.0,118.81988189951606,42.0,1.0,0.0,0.0,0.0,0.0,0.0,0.0,1.0,1.702,0.0,0.0,0.0,0.0,0.0,0.0,1.5102785928824263,0.4394041891132691,-0.5460211445774518,-0.7288690464914115,0.0,0.0,-0.7581694103813039,-0.7467636128433945,-0.6497831688500507
794,rad_6,False,3,yYcNJD5knnY,TransformType.LINEAR,a_carotisexterna_r,task_idx_0143,18.65,1.4170756457367844,True,,,3.96,0.649704,0.0,0.0,937.4618768341578,31.0,44.13536934877489,4.0,0.0,0.0,220.45088332818707,48.0,1.0,0.0,0.0,0.0,0.0,0.0,0.0,1.0,1.657,0.0,0.0,0.0,0.0,0.0,0.0,2.185103613569728,1.3161829867896306,-0.22934161297729255,-0.24851599068013802,0.0,0.0,-0.6829701015547893,-0.7116447492740122,-0.6497831688500507
795,rad_6,False,3,yYcNJD5knnY,TransformType.LINEAR,a_carotisexterna_l,task_idx_0144,15.036,1.5209719787909253,True,,,4.47,0.649704,0.0,0.0,363.4928746793621,12.0,0.0,0.0,0.0,0.0,0.0,0.0,24.0,0.0,0.0,0.0,0.0,0.0,0.0,1.0,1.67,0.0,0.0,0.0,0.0,0.0,0.0,0.35778583345605525,-0.07205010953127504,-0.5460211445774518,-0.7288690464914115,0.0,0.0,-0.8460871999148726,-0.9925956578290711,-0.41396442512537746
796,rad_6,False,3,yYcNJD5knnY,TransformType.LINEAR,lymph_node,task_idx_0145,12.432,,True,,,2.29,0.649704,0.0,0.0,372.0625910354469,26.0,0.0,0.0,0.0,0.0,0.0,0.0,11.0,0.0,0.0,0.0,0.0,0.0,0.0,1.0,1.631,0.0,0.0,0.0,0.0,0.0,0.0,0.3850688313343648,0.9508584877578133,-0.5460211445774518,-0.7288690464914115,0.0,0.0,-0.8460871999148726,-0.9925956578290711,-0.5472532802741058
797,rad_6,False,3,yYcNJD5knnY,TransformType.LINEAR,recurrence,task_idx_0146,147.71800000000002,,,fn,False,,0.649704,0.0,0.0,747.7151347876916,43.0,237.01716883537503,15.0,3012.2868866714966,181.0,1978.0158463111509,84.0,527.0,3.0,0.0,0.0,0.0,1.0,0.0,3.0,113.766,0.0,0.0,0.0,0.0,0.0,0.0,1.5810159465381206,2.192961784465992,1.1546213812580297,1.072454912800864,0.0,0.0,0.617495982377077,-0.500931567857718,4.74328897024465
798,rad_6,False,3,VUIaoA1iqhI,TransformType.LINEAR,a_vertebralis_r,task_idx_0159,26.948,1.0520976725434403,True,,,9.92,0.678062,0.0,0.0,43.4074755501352,7.0,235.83839852544185,19.0,0.0,0.0,476.2353504953377,102.0,11.0,0.0,0.0,0.0,0.0,0.0,0.0,1.0,2.706,0.0,0.0,0.0,0.0,0.0,0.0,-0.6612548094842317,-0.43737460856309235,1.146163483768515,1.5528079686121374,0.0,0.0,-0.4937088046164936,-0.3955749771495709,-0.5472532802741058
799,rad_6,False,3,VUIaoA1iqhI,TransformType.LINEAR,a_vertebralis_l,task_idx_0160,29.348,5.807898233332896,False,,,5.45,0.678062,0.0,0.0,120.038666459362,8.0,0.0,0.0,0.0,0.0,0.0,0.0,149.0,0.0,0.0,0.0,0.0,0.0,0.0,1.0,1.752,0.0,0.0,0.0,0.0,0.0,0.0,-0.4172877361161295,-0.36430970875672886,-0.5460211445774518,-0.7288690464914115,0.0,0.0,-0.8460871999148726,-0.9925956578290711,0.8676591820739336
800,rad_6,False,3,VUIaoA1iqhI,TransformType.LINEAR,a_carotisexterna_r,task_idx_0161,41.276,1.5173524333985584,True,,,13.07,0.678062,0.0,0.0,444.8208380232695,33.0,137.7275477763393,18.0,3507.544153879723,219.0,1512.4239758348328,237.0,6.0,0.0,0.0,0.0,0.0,0.0,0.0,2.0,3.979,0.0,0.0,0.0,0.0,0.0,0.0,0.6167057975670707,1.4623127864023575,0.44219977578197783,1.432719704659319,0.0,0.0,0.2729929629943909,0.3945994531615324,-0.5985182245620783
801,rad_6,False,3,VUIaoA1iqhI,TransformType.LINEAR,a_carotisexterna_l,task_idx_0162,21.963,1.0667749115537188,True,,,5.34,0.678062,0.0,0.0,119.55553957665576,7.0,0.0,0.0,0.0,0.0,907.296762612748,178.0,8.0,0.0,0.0,0.0,0.0,0.0,0.0,0.0,0.0,0.0,0.0,0.0,0.0,0.0,0.0,-0.4188258441664,-0.43737460856309235,-0.5460211445774518,-0.7288690464914115,0.0,0.0,-0.17475573126946717,0.049263961395939096,-0.5780122468468892
802,rad_6,False,3,VUIaoA1iqhI,TransformType.LINEAR,lymph_node,task_idx_0163,33.332,,True,,,7.86,0.678062,0.0,0.0,649.3958131597956,27.0,0.0,0.0,0.0,0.0,435.87812212300815,116.0,1.0,0.0,0.0,0.0,0.0,0.0,0.0,1.0,1.929,0.0,0.0,0.0,0.0,0.0,0.0,1.268001404176274,1.023923387564177,-0.5460211445774518,-0.7288690464914115,0.0,0.0,-0.523570122886421,-0.3136309621543454,-0.6497831688500507
803,rad_6,False,3,VUIaoA1iqhI,TransformType.LINEAR,recurrence,task_idx_0164,61.173,,,tp,True,,0.678062,0.0,0.0,1284.3334746443038,47.0,780.5950780620694,31.0,0.0,0.0,3243.084635844952,290.0,3.0,2.0,0.0,0.0,0.0,0.0,0.0,1.0,2.017,0.0,0.0,0.0,0.0,0.0,0.0,3.289422201708352,2.485221383691446,5.054894568546576,2.993867136045958,0.0,0.0,1.5535518831713373,0.7048160813577433,-0.6292771911348617
804,rad_6,False,3,0f9SYhwcPFc,TransformType.NONLINEAR,a_vertebralis_r,task_idx_0165,41.498,2.884440221689132,True,,,3.19,0.877556,0.0,0.0,243.94394069531893,23.0,101.01922389831826,15.0,0.0,0.0,0.0,0.0,54.0,0.0,1.0,1.0,0.0,0.0,0.0,2.0,13.955,0.0,0.0,0.0,0.0,0.0,0.0,-0.17144555079335383,0.5314674632062893,-0.23795069028640653,0.4301351213207876,0.0,0.0,-0.47536294318736205,-0.5812832411546289,-0.02431352966458317
805,rad_6,False,3,0f9SYhwcPFc,TransformType.NONLINEAR,a_vertebralis_l,task_idx_0166,11.979,12.969884508915232,False,,,12.39,0.877556,0.0,0.0,0.0,0.0,0.0,0.0,0.0,0.0,0.0,0.0,18.0,0.0,0.0,0.0,0.0,0.0,0.0,1.0,3.172,0.0,0.0,0.0,0.0,0.0,0.0,-0.7788616942547458,-0.9627772211224292,-0.6206715608743618,-0.7671482060669716,0.0,0.0,-0.47536294318736205,-0.5812832411546289,-0.4501288600064719
806,rad_6,False,3,0f9SYhwcPFc,TransformType.NONLINEAR,a_carotisexterna_r,task_idx_0167,54.373,4.339037523841309,True,,,3.86,0.877556,0.0,0.0,623.4657748528349,14.0,356.2202854406139,19.0,0.0,0.0,1558.6216659402037,324.0,30.0,0.0,1.0,1.0,0.0,0.0,0.0,2.0,7.451,0.0,0.0,0.0,0.0,0.0,0.0,0.7735571748585891,-0.05323697848755702,0.7289026340546029,0.7494106752908567,0.0,0.0,0.32447964420068315,0.8226069596586213,-0.3081904165591757
807,rad_6,False,3,0f9SYhwcPFc,TransformType.NONLINEAR,a_carotisexterna_l,task_idx_0168,59.44,19.211560726649736,False,,,15.68,0.877556,0.0,0.0,685.6735941273789,32.0,601.8391098767302,42.0,0.0,0.0,1568.895227544657,278.0,105.0,0.0,0.0,0.0,0.0,0.0,0.0,2.0,4.159000000000001,0.0,0.0,0.0,0.0,0.0,0.0,0.9284535562533653,1.116171904900136,1.6594527481160664,2.5852451106187537,0.0,0.0,0.3297517588356607,0.6232892150987154,0.5789248549864259
808,rad_6,False,3,0f9SYhwcPFc,TransformType.NONLINEAR,lymph_node,task_idx_0169,19.102,,True,,,3.71,0.877556,0.0,0.0,0.0,0.0,0.0,0.0,0.0,0.0,180.62938832566212,43.0,1.0,0.0,0.0,0.0,0.0,0.0,0.0,1.0,6.308,0.0,0.0,0.0,0.0,0.0,0.0,-0.7788616942547458,-0.9627772211224292,-0.6206715608743618,-0.7671482060669716,0.0,0.0,-0.3826688144748844,-0.3949644799355864,-0.6512083215568082
809,rad_6,False,3,0f9SYhwcPFc,TransformType.NONLINEAR,recurrence,task_idx_0170,56.624,,,fn,False,,0.877556,0.0,0.0,767.1457817735329,36.0,282.7140902971834,22.0,0.0,0.0,566.1135232359017,91.0,215.0,0.0,0.0,0.0,0.0,0.0,0.0,1.0,1.955,0.0,0.0,0.0,0.0,0.0,0.0,1.1313178777787711,1.3760405456529565,0.4504174713966646,0.9888673407684085,0.0,0.0,-0.1848487567909967,-0.18698074648177157,1.8800272532533082
810,rad_6,False,3,XKgRKTaLeEo,TransformType.LINEAR,a_vertebralis_r,task_idx_0171,45.107,3.3211491611181576,True,,,40.22,0.273853,0.0,0.0,160.98248594095477,10.0,0.0,0.0,0.0,0.0,670.9001021878455,105.0,99.0,1.0,0.0,0.0,1.0,0.0,0.0,1.0,2.393,0.0,0.0,0.0,0.0,0.0,0.0,-0.2869368477517762,-0.21817990914400195,-0.5460211445774518,-0.7288690464914115,0.0,0.0,-0.3496715071936622,-0.3780155453648797,0.35500973919420914
811,rad_6,False,3,XKgRKTaLeEo,TransformType.LINEAR,a_vertebralis_l,task_idx_0172,48.527,44.19977123394703,False,,,40.0,0.273853,0.0,0.0,77.88653194140304,14.0,0.0,0.0,0.0,0.0,362.25949959982535,71.0,259.0,0.0,0.0,0.0,0.0,0.0,0.0,1.0,1.859,0.0,0.0,0.0,0.0,0.0,0.0,-0.5514854795225522,0.07407969008145186,-0.5460211445774518,-0.7288690464914115,0.0,0.0,-0.5780423749815543,-0.5770224389247132,1.995487956409327
812,rad_6,False,3,XKgRKTaLeEo,TransformType.LINEAR,a_carotisexterna_r,task_idx_0173,41.028,1.4103888470155015,True,,,12.77,0.273853,0.0,0.0,169.4258450879734,12.0,62.01857935716799,7.0,0.0,0.0,2024.333476189916,299.0,59.0,1.0,0.0,1.0,0.0,0.0,0.0,1.0,1.804,0.0,0.0,0.0,0.0,0.0,0.0,-0.260056127302919,-0.07205010953127504,-0.10102623570669524,0.11174880117831706,0.0,0.0,0.6517675501507156,0.7574943767118169,-0.05510981510957037
813,rad_6,False,3,XKgRKTaLeEo,TransformType.LINEAR,a_carotisexterna_l,task_idx_0174,22.275,2.7720519606947605,True,,,15.15,0.273853,0.0,0.0,419.545175321127,14.0,97.12629228450908,9.0,0.0,0.0,1016.1388380839626,167.0,2.0,0.0,0.0,0.0,0.0,0.0,0.0,0.0,0.0,0.0,0.0,0.0,0.0,0.0,0.0,0.5362368738335817,0.07407969008145186,0.15087817224161715,0.3519253290839538,0.0,0.0,-0.09422076918485997,-0.015120621814595241,-0.6395301799924562
814,rad_6,False,3,XKgRKTaLeEo,TransformType.LINEAR,lymph_node,task_idx_0175,38.481,,False,,,24.63,0.273853,0.0,0.0,572.05622233027,23.0,377.5418011159485,11.0,0.0,0.0,1076.3398660094429,254.0,3.0,0.0,0.0,0.0,0.0,0.0,0.0,1.0,1.845,0.0,0.0,0.0,0.0,0.0,0.0,1.0217790317154796,0.7316637883387229,2.1629119061934894,0.5921018569895905,0.0,0.0,-0.04967652946466869,0.49410289994144907,-0.6292771911348617
815,rad_6,False,3,XKgRKTaLeEo,TransformType.LINEAR,recurrence,task_idx_0176,53.552,,,fn,False,,0.273853,0.0,0.0,353.0432644135898,20.0,173.1405778444075,11.0,0.0,0.0,3931.192738667301,392.0,6.0,0.0,0.0,0.0,0.0,0.0,0.0,1.0,23.143,0.0,0.0,0.0,0.0,0.0,0.0,0.32451790685685117,0.5124690889196326,0.696294891331509,0.5921018569895905,0.0,0.0,2.062700204084833,1.3018367620372435,-0.5985182245620783
816,rad_6,False,3,7sp2FiVa4WI,TransformType.NONLINEAR,a_vertebralis_r,task_idx_0177,56.241,6.557828633561332,False,,,29.75,0.81731,0.0,0.0,82.97112184470117,8.0,80.29832572579834,11.0,0.0,0.0,675.2856899026132,171.0,78.0,1.0,0.0,0.0,1.0,0.0,0.0,1.0,2.052,0.0,0.0,0.0,0.0,0.0,0.0,-0.5722650528053903,-0.44303993961678795,-0.31645377001639463,0.11085956735071847,0.0,0.0,-0.12882454631988965,0.15965880927458648,0.2595633572300093
817,rad_6,False,3,7sp2FiVa4WI,TransformType.NONLINEAR,a_vertebralis_l,task_idx_0178,18.978,1.9923813960116803,True,,,46.97,0.81731,0.0,0.0,77.24748716279753,10.0,0.0,0.0,0.0,0.0,184.6659646093359,45.0,2.0,0.0,0.0,0.0,0.0,0.0,0.0,1.0,2.202,0.0,0.0,0.0,0.0,0.0,0.0,-0.5865168030032196,-0.31310561924037766,-0.6206715608743618,-0.7671482060669716,0.0,0.0,-0.3805973524328274,-0.38629849104167746,-0.6393801179362002
818,rad_6,False,3,7sp2FiVa4WI,TransformType.NONLINEAR,a_carotisexterna_r,task_idx_0179,58.892,3.641069724659792,True,,,3.65,0.81731,0.0,0.0,394.4080354390355,19.0,466.50416295712427,22.0,0.0,0.0,3336.5493329315377,478.0,23.0,1.0,0.0,1.0,0.0,0.0,0.0,1.0,1.733,0.0,0.0,0.0,0.0,0.0,0.0,0.20320741208875137,0.2715988224534688,1.1467235198834134,0.9888673407684085,0.0,0.0,1.2368641544578995,1.4898881044896106,-0.3909878419034318
819,rad_6,False,3,7sp2FiVa4WI,TransformType.NONLINEAR,a_carotisexterna_l,task_idx_0180,15.219,1.2114079551925032,True,,,1.54,0.81731,0.0,0.0,246.09711882630268,12.0,0.0,0.0,0.0,0.0,471.5059166282933,67.0,0.0,0.0,0.0,0.0,0.0,0.0,0.0,0.0,0.0,0.0,0.0,0.0,0.0,0.0,0.0,-0.16608417492650634,-0.18317129886396732,-0.6206715608743618,-0.7671482060669716,0.0,0.0,-0.23339882799122785,-0.290972613208679,-0.6630365251774163
820,rad_6,False,3,7sp2FiVa4WI,TransformType.NONLINEAR,lymph_node,task_idx_0181,21.269,,True,,,2.66,0.81731,0.0,0.0,109.69800239084144,7.0,0.0,0.0,0.0,0.0,172.00240228498427,50.0,2.0,0.0,0.0,0.0,0.0,0.0,0.0,1.0,1.942,0.0,0.0,0.0,0.0,0.0,0.0,-0.5057155879495848,-0.5080070998049931,-0.6206715608743618,-0.7671482060669716,0.0,0.0,-0.3870959509550988,-0.3646335188069051,-0.6393801179362002
821,rad_6,False,3,7sp2FiVa4WI,TransformType.NONLINEAR,recurrence,task_idx_0182,231.331,,,fn,False,,0.81731,0.0,0.0,1199.6789921105726,51.0,753.6202587008072,52.0,0.0,0.0,11756.85193058666,1429.0,313.0,0.0,0.0,0.0,0.0,0.0,0.0,3.0,43.876,0.0,0.0,0.0,0.0,0.0,0.0,2.2083180024510263,2.350547948476034,2.234489965539767,3.3834339955439265,0.0,0.0,5.55793626802695,5.6105658235433165,3.0391912080728942
822,rad_6,False,3,1q_1_G-1EPM,TransformType.NONLINEAR,a_vertebralis_r,task_idx_0183,62.93,4.915272938074693,True,,,29.26,0.764816,0.0,0.0,0.0,0.0,0.0,0.0,0.0,0.0,1255.9742909903766,260.0,99.0,1.0,0.0,1.0,0.0,0.0,0.0,1.0,2.068,0.0,0.0,0.0,0.0,0.0,0.0,-0.7788616942547458,-0.9627772211224292,-0.6206715608743618,-0.7671482060669716,0.0,0.0,0.16916917679482554,0.5452953150535348,0.5079556332627777
823,rad_6,False,3,1q_1_G-1EPM,TransformType.NONLINEAR,a_vertebralis_l,task_idx_0184,32.788,1.3143667904692635,True,,,46.41,0.764816,0.0,0.0,0.0,0.0,0.0,0.0,0.0,0.0,371.76142916286136,93.0,84.0,0.0,0.0,0.0,0.0,0.0,0.0,0.0,0.0,0.0,0.0,0.0,0.0,0.0,0.0,-0.7788616942547458,-0.9627772211224292,-0.6206715608743618,-0.7671482060669716,0.0,0.0,-0.2845850078547806,-0.17831475758786264,0.33053257895365745
824,rad_6,False,3,1q_1_G-1EPM,TransformType.NONLINEAR,a_carotisexterna_r,task_idx_0185,30.486,0.7440446974411733,True,,,2.12,0.764816,0.0,0.0,611.8868275873415,20.0,820.7239578174132,32.0,0.0,0.0,1579.7297264026392,115.0,36.0,1.0,0.0,1.0,0.0,0.0,0.0,0.0,0.0,0.0,0.0,0.0,0.0,0.0,0.0,0.7447257987920148,0.3365659826416739,2.48871866731073,1.7870562256935814,0.0,0.0,0.33531173133507663,-0.08298887975486417,-0.23722119483552753
825,rad_6,False,3,1q_1_G-1EPM,TransformType.NONLINEAR,a_carotisexterna_l,task_idx_0186,14.065,1.391196562857993,True,,,3.57,0.764816,0.0,0.0,527.8975673837693,17.0,0.0,0.0,0.0,0.0,177.57827476933355,34.0,0.0,0.0,0.0,0.0,0.0,0.0,0.0,0.0,0.0,0.0,0.0,0.0,0.0,0.0,0.0,0.53559401064587,0.14166450207705847,-0.6206715608743618,-0.7671482060669716,0.0,0.0,-0.38423456363302694,-0.4339614299581767,-0.6630365251774163
826,rad_6,False,3,1q_1_G-1EPM,TransformType.NONLINEAR,lymph_node,task_idx_0187,23.534,,False,,,20.7,0.764816,0.0,0.0,655.8649471708619,24.0,0.0,0.0,0.0,0.0,425.7221387865516,106.0,1.0,0.0,0.0,0.0,0.0,0.0,0.0,1.0,1.875,0.0,0.0,0.0,0.0,0.0,0.0,0.8542305469647514,0.5964346233944946,-0.6206715608743618,-0.7671482060669716,0.0,0.0,-0.25689382753446083,-0.12198582977745445,-0.6512083215568082
827,rad_6,False,3,1q_1_G-1EPM,TransformType.NONLINEAR,recurrence,task_idx_0188,79.006,,,fp,False,,0.764816,0.0,0.0,169.2260821581115,10.0,240.0823538645983,12.0,0.0,0.0,0.0,0.0,454.0,0.0,0.0,0.0,0.0,0.0,0.0,1.0,63.916,0.0,0.0,0.0,0.0,0.0,0.0,-0.35749171103411637,-0.31310561924037766,0.28890311153008824,0.19067845584323576,0.0,0.0,-0.47536294318736205,-0.5812832411546289,4.706967918578625
828,rad_6,False,3,urqkluKweXA,TransformType.LINEAR,a_vertebralis_r,task_idx_0189,66.885,6.157229042302617,False,,,19.55,0.438438,0.0,0.0,161.40445972287884,12.0,219.6668051556824,24.0,0.0,0.0,1621.1420881641045,352.0,105.0,1.0,0.0,0.0,1.0,0.0,0.0,1.0,1.848,0.0,0.0,0.0,0.0,0.0,0.0,-0.28559342991639336,-0.07205010953127504,1.0301292760768597,2.1532492883762293,0.0,0.0,0.35343620166327827,1.0677110049080278,0.41652767233977606
829,rad_6,False,3,urqkluKweXA,TransformType.LINEAR,a_vertebralis_l,task_idx_0190,44.68,4.1532829006835374,True,,,19.15,0.438438,0.0,0.0,199.66388795405027,10.0,0.0,0.0,0.0,0.0,1997.289414284436,402.0,2.0,0.0,0.0,0.0,0.0,0.0,0.0,1.0,4.974,0.0,0.0,0.0,0.0,0.0,0.0,-0.16378871014696628,-0.21817990914400195,-0.5460211445774518,-0.7288690464914115,0.0,0.0,0.6317569752811872,1.3603682013195475,-0.6395301799924562
830,rad_6,False,3,urqkluKweXA,TransformType.LINEAR,a_carotisexterna_r,task_idx_0191,23.569,1.280427683729125,True,,,11.93,0.438438,0.0,0.0,0.0,0.0,404.7874402943019,26.0,0.0,0.0,902.8066362628962,90.0,7.0,1.0,0.0,1.0,0.0,0.0,0.0,0.0,0.0,0.0,0.0,0.0,0.0,0.0,0.0,-0.7994491223562353,-0.9488289072076365,2.358404464213453,2.3934258162818662,0.0,0.0,-0.17807808757124544,-0.4658127042883356,-0.5882652357044837
831,rad_6,False,3,urqkluKweXA,TransformType.LINEAR,a_carotisexterna_l,task_idx_0192,24.382,2.3195607179963447,True,,,10.24,0.438438,0.0,0.0,0.0,0.0,0.0,0.0,0.0,0.0,1095.1593902010263,236.0,2.0,0.0,0.0,0.0,0.0,0.0,0.0,0.0,0.0,0.0,0.0,0.0,0.0,0.0,0.0,-0.7994491223562353,-0.9488289072076365,-0.5460211445774518,-0.7288690464914115,0.0,0.0,-0.03575149486148014,0.388746309233302,-0.6395301799924562
832,rad_6,False,3,urqkluKweXA,TransformType.LINEAR,lymph_node,task_idx_0193,7.72,,True,,,3.95,0.438438,0.0,0.0,0.0,0.0,0.0,0.0,0.0,0.0,0.0,0.0,1.0,0.0,0.0,0.0,0.0,0.0,0.0,1.0,2.193,0.0,0.0,0.0,0.0,0.0,0.0,-0.7994491223562353,-0.9488289072076365,-0.5460211445774518,-0.7288690464914115,0.0,0.0,-0.8460871999148726,-0.9925956578290711,-0.6497831688500507
833,rad_6,False,3,urqkluKweXA,TransformType.LINEAR,recurrence,task_idx_0194,85.191,,,fn,False,,0.438438,0.0,0.0,0.0,0.0,51.74420124279381,7.0,0.0,0.0,2362.5358523916348,243.0,341.0,0.0,0.0,0.0,0.0,0.0,0.0,2.0,30.447,0.0,0.0,0.0,0.0,0.0,0.0,-0.7994491223562353,-0.9488289072076365,-0.17474682073298228,0.11174880117831706,0.0,0.0,0.902011910398448,0.42971831673091476,2.836233042732075
834,rad_6,False,3,TwU508CCA9Y,TransformType.LINEAR,a_vertebralis_r,task_idx_0219,17.283,2.7765882247007454,True,,,2.91,0.758011,0.0,0.0,0.0,0.0,0.0,0.0,0.0,0.0,0.0,0.0,7.0,0.0,1.0,0.0,1.0,0.0,0.0,0.0,0.0,0.0,0.0,0.0,0.0,0.0,0.0,-0.7994491223562353,-0.9488289072076365,-0.5460211445774518,-0.7288690464914115,0.0,0.0,-0.8460871999148726,-0.9925956578290711,-0.5882652357044837
835,rad_6,False,3,TwU508CCA9Y,TransformType.LINEAR,a_vertebralis_l,task_idx_0220,21.78,6.6108828259628325,False,,,3.22,0.758011,0.0,0.0,0.0,0.0,0.0,0.0,0.0,0.0,0.0,0.0,56.0,0.0,0.0,0.0,0.0,0.0,0.0,1.0,2.31,0.0,0.0,0.0,0.0,0.0,0.0,-0.7994491223562353,-0.9488289072076365,-0.5460211445774518,-0.7288690464914115,0.0,0.0,-0.8460871999148726,-0.9925956578290711,-0.08586878168235383
836,rad_6,False,3,TwU508CCA9Y,TransformType.LINEAR,a_carotisexterna_r,task_idx_0221,27.738,1.2619864377074073,True,,,3.25,0.758011,0.0,0.0,658.4485697074205,24.0,177.42883845545146,12.0,590.3982909766013,44.0,996.2899810634055,125.0,10.0,0.0,1.0,1.0,0.0,0.0,0.0,1.0,1.712,0.0,0.0,0.0,0.0,0.0,0.0,1.2968222341103164,0.8047286881450865,0.7270639634322393,0.7121901209424089,0.0,0.0,-0.10890743278120156,-0.2609526668002718,-0.5575062691317003
837,rad_6,False,3,TwU508CCA9Y,TransformType.LINEAR,a_carotisexterna_l,task_idx_0222,31.142,1.1602240333730858,True,,,2.32,0.758011,0.0,0.0,113.0345369129142,4.0,42.16846664280492,8.0,0.0,0.0,1179.3030724561634,153.0,6.0,0.0,0.0,0.0,0.0,0.0,0.0,0.0,0.0,0.0,0.0,0.0,0.0,0.0,0.0,-0.4395864498208669,-0.6565693079821827,-0.24345450784642644,0.23183706513113542,0.0,0.0,0.02650851102998119,-0.09706463680982076,-0.5985182245620783
838,rad_6,False,3,TwU508CCA9Y,TransformType.LINEAR,lymph_node,task_idx_0223,14.718,,True,,,5.66,0.758011,0.0,0.0,109.61698615780656,7.0,0.0,0.0,0.0,0.0,0.0,0.0,13.0,0.0,0.0,0.0,0.0,0.0,0.0,1.0,2.444,0.0,0.0,0.0,0.0,0.0,0.0,-0.4504667434182638,-0.43737460856309235,-0.5460211445774518,-0.7288690464914115,0.0,0.0,-0.8460871999148726,-0.9925956578290711,-0.5267473025589168
839,rad_6,False,3,TwU508CCA9Y,TransformType.LINEAR,recurrence,task_idx_0224,76.294,,,fn,False,,0.758011,0.0,0.0,360.3513271695221,22.0,459.8590419197283,18.0,551.438822557788,53.0,3745.348714504459,320.0,87.0,1.0,0.0,0.0,0.0,1.0,0.0,3.0,7.612,0.0,0.0,0.0,0.0,0.0,0.0,0.34778423824751425,0.6585988885323595,2.7535535082690847,1.432719704659319,0.0,0.0,1.9251895826196666,0.8804103992046551,0.23197387290307528
840,rad_6,False,3,fEHc3cCOu-M,TransformType.LINEAR,a_vertebralis_r,task_idx_0225,51.699,20.931964896991147,False,,,22.68,0.49116,0.0,0.0,205.4405970594076,9.0,25.43908891458577,4.0,0.0,0.0,1074.5512987083716,273.0,18.0,0.0,2.0,0.0,1.0,0.0,1.0,1.0,1.859,0.0,0.0,0.0,0.0,0.0,0.0,-0.14539767645153137,-0.2912448089503654,-0.363490922656256,-0.24851599068013802,0.0,0.0,-0.05099993495058883,0.6053126345778266,-0.47548235827094437
841,rad_6,False,3,fEHc3cCOu-M,TransformType.LINEAR,a_vertebralis_l,task_idx_0226,15.601,10.097517982870745,False,,,20.82,0.49116,0.0,0.0,0.0,0.0,0.0,0.0,0.0,0.0,0.0,0.0,66.0,0.0,0.0,0.0,0.0,0.0,0.0,0.0,0.0,0.0,0.0,0.0,0.0,0.0,0.0,-0.7994491223562353,-0.9488289072076365,-0.5460211445774518,-0.7288690464914115,0.0,0.0,-0.8460871999148726,-0.9925956578290711,0.016661106893591043
842,rad_6,False,3,fEHc3cCOu-M,TransformType.LINEAR,a_carotisexterna_r,task_idx_0227,43.188,1.8331378297952556,True,,,8.55,0.49116,0.0,0.0,233.70868293931832,11.0,75.70499348833559,10.0,0.0,0.0,1847.9439650606864,260.0,40.0,0.0,1.0,1.0,0.0,0.0,0.0,1.0,2.019,0.0,0.0,0.0,0.0,0.0,0.0,-0.0554019175443105,-0.1451150093376385,-0.0028236539611260106,0.47201359303677215,0.0,0.0,0.5212525583204484,0.5292217635108315,-0.24991660340386565
843,rad_6,False,3,fEHc3cCOu-M,TransformType.LINEAR,a_carotisexterna_l,task_idx_0228,16.601,1.6459838527313888,True,,,4.79,0.49116,0.0,0.0,101.36541725845876,4.0,0.0,0.0,0.0,0.0,512.0722716449085,111.0,0.0,0.0,0.0,0.0,0.0,0.0,0.0,0.0,0.0,0.0,0.0,0.0,0.0,0.0,0.0,-0.47673687038854357,-0.6565693079821827,-0.5460211445774518,-0.7288690464914115,0.0,0.0,-0.46719217422778847,-0.3428966817954973,-0.6600361577076451
844,rad_6,False,3,fEHc3cCOu-M,TransformType.LINEAR,lymph_node,task_idx_0229,19.428,,True,,,7.37,0.49116,0.0,0.0,0.0,0.0,0.0,0.0,0.0,0.0,389.5697619924199,76.0,1.0,0.0,0.0,0.0,0.0,0.0,0.0,1.0,2.115,0.0,0.0,0.0,0.0,0.0,0.0,-0.7994491223562353,-0.9488289072076365,-0.5460211445774518,-0.7288690464914115,0.0,0.0,-0.5578348317425432,-0.5477567192835612,-0.6497831688500507
845,rad_6,False,3,fEHc3cCOu-M,TransformType.LINEAR,recurrence,task_idx_0230,32.857,,,fp,False,,0.49116,0.0,0.0,371.8085045774767,15.0,60.25971404805462,4.0,0.0,0.0,544.536274319427,87.0,65.0,0.0,0.0,0.0,0.0,0.0,0.0,2.0,14.375,0.0,0.0,0.0,0.0,0.0,0.0,0.3842599083775639,0.1471445898878153,-0.11364642333526556,-0.24851599068013802,0.0,0.0,-0.44317125021299064,-0.4833721360730268,0.006408118035996555
846,rad_6,False,3,3dSDmvwSjek,TransformType.NONLINEAR,a_vertebralis_r,task_idx_0231,9.495,2.8963288428492424,True,,,1.24,0.796716,0.0,0.0,69.20486194055636,9.0,102.5129385604246,9.0,0.0,0.0,0.0,0.0,1.0,0.0,0.0,0.0,0.0,0.0,0.0,1.0,2.116,0.0,0.0,0.0,0.0,0.0,0.0,-0.6065427990655715,-0.3780727794285828,-0.23229161121382566,-0.04877820963431608,0.0,0.0,-0.47536294318736205,-0.5812832411546289,-0.6512083215568082
847,rad_6,False,3,3dSDmvwSjek,TransformType.NONLINEAR,a_vertebralis_l,task_idx_0232,25.221,2.4438390215452745,True,,,2.55,0.796716,0.0,0.0,245.61864692781552,25.0,33.09975124224178,6.0,0.0,0.0,328.58512776230623,75.0,19.0,0.0,0.0,0.0,0.0,0.0,0.0,1.0,2.003,0.0,0.0,0.0,0.0,0.0,0.0,-0.16727556158077342,0.6614017835826997,-0.4952700271581003,-0.2882348751118679,0.0,0.0,-0.306741920838044,-0.25630865763304317,-0.43830065638586385
848,rad_6,False,3,3dSDmvwSjek,TransformType.NONLINEAR,a_carotisexterna_r,task_idx_0233,22.537,1.421951380924355,True,,,1.37,0.796716,0.0,0.0,356.52771107016576,13.0,179.3863408088225,18.0,0.0,0.0,275.77252503906254,71.0,7.0,0.0,0.0,0.0,0.0,0.0,0.0,1.0,1.829,0.0,0.0,0.0,0.0,0.0,0.0,0.10888606729280356,-0.11820413867576217,0.05895053358010913,0.6695917867983394,0.0,0.0,-0.33384392367294924,-0.2736406354208611,-0.5802390998331601
849,rad_6,False,3,3dSDmvwSjek,TransformType.NONLINEAR,a_carotisexterna_l,task_idx_0234,14.604,2.760639562926165,True,,,0.9,0.796716,0.0,0.0,875.3639486766408,19.0,102.51547329009384,9.0,0.0,0.0,0.0,0.0,14.0,0.0,0.0,0.0,0.0,0.0,0.0,0.0,0.0,0.0,0.0,0.0,0.0,0.0,0.0,1.4007792196156927,0.2715988224534688,-0.232282008151079,-0.04877820963431608,0.0,0.0,-0.47536294318736205,-0.5812832411546289,-0.497441674488904
850,rad_6,False,3,3dSDmvwSjek,TransformType.NONLINEAR,lymph_node,task_idx_0235,18.404,,True,,,2.7,0.796716,0.0,0.0,1328.5892677608222,37.0,397.9499100613341,18.0,0.0,0.0,0.0,0.0,16.0,0.0,0.0,0.0,0.0,0.0,0.0,1.0,2.07,0.0,0.0,0.0,0.0,0.0,0.0,2.529302332969067,1.4410077058411617,0.886999258121188,0.6695917867983394,0.0,0.0,-0.47536294318736205,-0.5812832411546289,-0.47378526724768794
851,rad_6,False,3,3dSDmvwSjek,TransformType.NONLINEAR,recurrence,task_idx_0236,63.39,,,fp,False,,0.796716,0.0,0.0,319.8828234352235,18.0,1126.18254753679,42.0,0.0,0.0,4849.775652793597,300.0,1.0,0.0,0.0,0.0,0.0,0.0,0.0,2.0,34.781,0.0,0.0,0.0,0.0,0.0,0.0,0.017640938344946847,0.2066316622652636,3.645977383766927,2.5852451106187537,0.0,0.0,2.013411075003911,0.7186150929317139,-0.6512083215568082
852,rad_6,False,3,820_BQlC1tI,TransformType.NONLINEAR,a_vertebralis_r,task_idx_0243,20.119,1.0679327943441006,True,,,1.22,0.867954,0.0,0.0,132.4465520809827,7.0,94.317576868096,12.0,0.0,0.0,290.1317118506676,76.0,16.0,0.0,0.0,0.0,0.0,0.0,0.0,1.0,1.874,0.0,0.0,0.0,0.0,0.0,0.0,-0.449072097306857,-0.5080070998049931,-0.26334051300333344,0.19067845584323576,0.0,0.0,-0.32647517641172447,-0.2519756631860887,-0.47378526724768794
853,rad_6,False,3,820_BQlC1tI,TransformType.NONLINEAR,a_vertebralis_l,task_idx_0244,12.977,2.9320403164775715,True,,,2.54,0.867954,0.0,0.0,96.25683568809714,12.0,0.0,0.0,0.0,0.0,0.0,0.0,1.0,0.0,0.0,0.0,0.0,0.0,0.0,1.0,1.959,0.0,0.0,0.0,0.0,0.0,0.0,-0.5391838578272112,-0.18317129886396732,-0.6206715608743618,-0.7671482060669716,0.0,0.0,-0.47536294318736205,-0.5812832411546289,-0.6512083215568082
854,rad_6,False,3,820_BQlC1tI,TransformType.NONLINEAR,a_carotisexterna_r,task_idx_0245,22.295,1.6754622406540638,True,,,2.22,0.867954,0.0,0.0,47.08276253029822,6.0,283.06552648660943,17.0,0.0,0.0,205.2768020232764,40.0,6.0,0.0,1.0,1.0,0.0,0.0,0.0,1.0,1.903,0.0,0.0,0.0,0.0,0.0,0.0,-0.6616264394738876,-0.5729742599931983,0.4517489205920041,0.5897728983058221,0.0,0.0,-0.3700204267518565,-0.40796346327644983,-0.5920673034537681
855,rad_6,False,3,820_BQlC1tI,TransformType.NONLINEAR,a_carotisexterna_l,task_idx_0246,22.55,2.1432346764479124,True,,,2.13,0.867954,0.0,0.0,1243.2585880414208,41.0,704.0717682292208,11.0,0.0,0.0,280.0586598878045,47.0,0.0,0.0,0.0,0.0,0.0,0.0,0.0,0.0,0.0,0.0,0.0,0.0,0.0,0.0,0.0,2.31683043370253,1.7008763465939825,2.0467708297375347,0.11085956735071847,0.0,0.0,-0.3316443949083829,-0.3776325021477685,-0.6630365251774163
856,rad_6,False,3,820_BQlC1tI,TransformType.NONLINEAR,lymph_node,task_idx_0247,7.936,,True,,,0.61,0.867954,0.0,0.0,33.593615989151914,4.0,89.77530074078268,8.0,0.0,0.0,0.0,0.0,1.0,0.0,0.0,0.0,0.0,0.0,0.0,1.0,1.917,0.0,0.0,0.0,0.0,0.0,0.0,-0.6952141783095172,-0.7029085803696086,-0.28054935511091156,-0.12859709812683337,0.0,0.0,-0.47536294318736205,-0.5812832411546289,-0.6512083215568082
857,rad_6,False,3,820_BQlC1tI,TransformType.NONLINEAR,recurrence,task_idx_0248,38.027,,,fn,False,,0.867954,0.0,0.0,78.64060427175114,12.0,46.00342163823754,3.0,0.0,0.0,817.4471771162317,74.0,169.0,0.0,0.0,0.0,0.0,0.0,0.0,2.0,20.749,0.0,0.0,0.0,0.0,0.0,0.0,-0.5830479657806236,-0.18317129886396732,-0.44638325316440564,-0.5276915405894198,0.0,0.0,-0.05587110659512998,-0.2606416520799977,1.335929886705339
858,rad_6,False,3,6vkfAvGWUPg,TransformType.NONLINEAR,a_vertebralis_r,task_idx_0249,35.881,1.5464483208459587,True,,,1.33,0.914718,0.0,0.0,70.42512858952674,4.0,978.8175766079175,32.0,0.0,0.0,430.1451963329717,160.0,4.0,1.0,0.0,0.0,1.0,0.0,0.0,2.0,6.128,0.0,0.0,0.0,0.0,0.0,0.0,-0.6035043564635563,-0.7029085803696086,3.087671273389002,1.7870562256935814,0.0,0.0,-0.25462403373561693,0.11199587035808724,-0.6157237106949842
859,rad_6,False,3,6vkfAvGWUPg,TransformType.NONLINEAR,a_vertebralis_l,task_idx_0250,12.16,3.078313322293485,True,,,1.04,0.914718,0.0,0.0,0.0,0.0,0.0,0.0,0.0,0.0,0.0,0.0,1.0,0.0,0.0,0.0,0.0,0.0,0.0,1.0,2.265,0.0,0.0,0.0,0.0,0.0,0.0,-0.7788616942547458,-0.9627772211224292,-0.6206715608743618,-0.7671482060669716,0.0,0.0,-0.47536294318736205,-0.5812832411546289,-0.6512083215568082
860,rad_6,False,3,6vkfAvGWUPg,TransformType.NONLINEAR,a_carotisexterna_r,task_idx_0251,33.425,2.356751044153788,True,,,4.54,0.914718,0.0,0.0,578.3131319533829,19.0,488.44051319404025,19.0,0.0,0.0,1373.5212814248014,173.0,9.0,0.0,1.0,1.0,0.0,0.0,0.0,1.0,4.072,0.0,0.0,0.0,0.0,0.0,0.0,0.6611278841826236,0.2715988224534688,1.2298314545538018,0.7494106752908567,0.0,0.0,0.2294911208709931,0.16832479816849544,-0.556582692591944
861,rad_6,False,3,6vkfAvGWUPg,TransformType.NONLINEAR,a_carotisexterna_l,task_idx_0252,27.896,2.9844367664812474,True,,,1.31,0.914718,0.0,0.0,355.28810473905816,20.0,0.0,0.0,0.0,0.0,1012.1298430103624,224.0,13.0,0.0,0.0,0.0,0.0,0.0,0.0,0.0,0.0,0.0,0.0,0.0,0.0,0.0,0.0,0.10579946922069922,0.3365659826416739,-0.6206715608743618,-0.7671482060669716,0.0,0.0,0.04403478500841829,0.3893075149631737,-0.509269878109512
862,rad_6,False,3,6vkfAvGWUPg,TransformType.NONLINEAR,lymph_node,task_idx_0253,11.82,,True,,,1.89,0.914718,0.0,0.0,267.3836650877256,29.0,25.308014852173955,6.0,0.0,0.0,0.0,0.0,1.0,0.0,0.0,0.0,0.0,0.0,0.0,1.0,1.874,0.0,0.0,0.0,0.0,0.0,0.0,-0.11308104723712023,0.9212704243355203,-0.5247897563692476,-0.2882348751118679,0.0,0.0,-0.47536294318736205,-0.5812832411546289,-0.6512083215568082
863,rad_6,False,3,6vkfAvGWUPg,TransformType.NONLINEAR,recurrence,task_idx_0254,65.627,,,tn,True,,0.914718,0.0,0.0,0.0,0.0,223.409701476012,12.0,0.0,0.0,549.6989236560217,59.0,156.0,2.0,0.0,0.0,0.0,0.0,0.0,3.0,22.387,0.0,0.0,0.0,0.0,0.0,0.0,-0.7788616942547458,-0.9627772211224292,0.2257371932926553,0.19067845584323576,0.0,0.0,-0.1932722864299165,-0.3256365687843148,1.1821632396374349
